Datetime,Event,Date,Time,Cur.,Imp.,Actual,Forecast,Previous
2024-01-02 14:45:00,S&P Global US Manufacturing PMI (Dec),,,,,,,
2024-01-02 15:00:00,Construction Spending (MoM) (Nov),,,,,,,
2024-01-02 16:30:00,3-Month Bill Auction,,,,,,,
2024-01-02 16:30:00,6-Month Bill Auction,,,,,,,
2024-01-02 18:00:00,Atlanta Fed GDPNow (Q4),,,,,,,
2024-01-03 12:00:00,MBA 30-Year Mortgage Rate,,,,,,,
2024-01-03 12:00:00,MBA Mortgage Applications (WoW),,,,,,,
2024-01-03 12:00:00,MBA Purchase Index,,,,,,,
2024-01-03 12:00:00,Mortgage Market Index,,,,,,,
2024-01-03 12:00:00,Mortgage Refinance Index,,,,,,,
2024-01-03 13:30:00,FOMC Member Barkin Speaks,,,,,,,
2024-01-03 13:55:00,Redbook (YoY),,,,,,,
2024-01-03 15:00:00,JOLTs Job Openings (Nov),,,,,,,
2024-01-03 15:00:00,ISM Manufacturing Prices (Dec),,,,,,,
2024-01-03 15:00:00,ISM Manufacturing Employment (Dec),,,,,,,
2024-01-03 15:00:00,ISM Manufacturing New Orders Index (Dec),,,,,,,
2024-01-03 15:00:00,ISM Manufacturing PMI (Dec),,,,,,,
2024-01-03 18:00:00,Atlanta Fed GDPNow (Q4),,,,,,,
2024-01-03 19:00:00,FOMC Meeting Minutes,,,,,,,
2024-01-03 21:30:00,API Weekly Crude Oil Stock,,,,,,,
2024-01-04 12:30:00,Challenger Job Cuts (Dec),,,,,,,
2024-01-04 12:30:00,Challenger Job Cuts (YoY),,,,,,,
2024-01-04 12:30:00,All Car Sales (Dec),,,,,,,
2024-01-04 12:30:00,All Truck Sales (Dec),,,,,,,
2024-01-04 13:15:00,ADP Nonfarm Employment Change (Dec),,,,,,,
2024-01-04 13:30:00,Jobless Claims 4-Week Avg.,,,,,,,
2024-01-04 13:30:00,Continuing Jobless Claims,,,,,,,
2024-01-04 13:30:00,Initial Jobless Claims,,,,,,,
2024-01-04 14:45:00,S&P Global Composite PMI (Dec),,,,,,,
2024-01-04 14:45:00,S&P Global Services PMI (Dec),,,,,,,
2024-01-04 15:00:00,Total Vehicle Sales,,,,,,,
2024-01-04 15:30:00,Natural Gas Storage,,,,,,,
2024-01-04 16:00:00,EIA Refinery Crude Runs (WoW),,,,,,,
2024-01-04 16:00:00,Crude Oil Imports,,,,,,,
2024-01-04 16:00:00,Cushing Crude Oil Inventories,,,,,,,
2024-01-04 16:00:00,Distillate Fuel Production,,,,,,,
2024-01-04 16:00:00,Gasoline Production,,,,,,,
2024-01-04 16:00:00,Heating Oil Stockpiles,,,,,,,
2024-01-04 16:00:00,EIA Weekly Refinery Utilization Rates (WoW),,,,,,,
2024-01-04 16:00:00,Gasoline Inventories,,,,,,,
2024-01-04 16:00:00,EIA Weekly Distillates Stocks,,,,,,,
2024-01-04 16:00:00,Crude Oil Inventories,,,,,,,
2024-01-04 16:30:00,8-Week Bill Auction,,,,,,,
2024-01-04 16:30:00,4-Week Bill Auction,,,,,,,
2024-01-04 21:30:00,Fed's Balance Sheet,,,,,,,
2024-01-04 21:30:00,Reserve Balances with Federal Reserve Banks,,,,,,,
2024-01-05 13:30:00,Average Hourly Earnings (YoY) (YoY) (Dec),,,,,,,
2024-01-05 13:30:00,Private Nonfarm Payrolls (Dec),,,,,,,
2024-01-05 13:30:00,Participation Rate (Dec),,,,,,,
2024-01-05 13:30:00,Unemployment Rate (Dec),,,,,,,
2024-01-05 13:30:00,U6 Unemployment Rate (Dec),,,,,,,
2024-01-05 13:30:00,Nonfarm Payrolls (Dec),,,,,,,
2024-01-05 13:30:00,Government Payrolls (Dec),,,,,,,
2024-01-05 13:30:00,Average Hourly Earnings (MoM) (Dec),,,,,,,
2024-01-05 13:30:00,Manufacturing Payrolls (Dec),,,,,,,
2024-01-05 13:30:00,Average Weekly Hours (Dec),,,,,,,
2024-01-05 15:00:00,Durables Excluding Transport (MoM) (Nov),,,,,,,
2024-01-05 15:00:00,Factory orders ex transportation (MoM) (Nov),,,,,,,
2024-01-05 15:00:00,Factory Orders (MoM) (Nov),,,,,,,
2024-01-05 15:00:00,ISM Non-Manufacturing New Orders (Dec),,,,,,,
2024-01-05 15:00:00,Durables Excluding Defense (MoM) (Nov),,,,,,,
2024-01-05 15:00:00,ISM Non-Manufacturing Employment (Dec),,,,,,,
2024-01-05 15:00:00,ISM Non-Manufacturing Prices (Dec),,,,,,,
2024-01-05 15:00:00,ISM Non-Manufacturing PMI (Dec),,,,,,,
2024-01-05 15:00:00,ISM Non-Manufacturing Business Activity (Dec),,,,,,,
2024-01-05 18:00:00,U.S. Baker Hughes Oil Rig Count,,,,,,,
2024-01-05 18:00:00,U.S. Baker Hughes Total Rig Count,,,,,,,
2024-01-05 18:30:00,FOMC Member Barkin Speaks,,,,,,,
2024-01-05 20:30:00,CFTC Nasdaq 100 speculative net positions,,,,,,,
2024-01-05 20:30:00,CFTC Aluminium speculative net positions,,,,,,,
2024-01-05 20:30:00,CFTC Copper speculative net positions,,,,,,,
2024-01-05 20:30:00,CFTC Corn speculative net positions,,,,,,,
2024-01-05 20:30:00,CFTC Crude Oil speculative net positions,,,,,,,
2024-01-05 20:30:00,CFTC Wheat speculative net positions,,,,,,,
2024-01-05 20:30:00,CFTC S&P 500 speculative net positions,,,,,,,
2024-01-05 20:30:00,CFTC Silver speculative net positions,,,,,,,
2024-01-05 20:30:00,CFTC Soybeans speculative net positions,,,,,,,
2024-01-05 20:30:00,CFTC Natural Gas speculative net positions,,,,,,,
2024-01-05 20:30:00,CFTC Gold speculative net positions,,,,,,,
2024-01-08 15:00:00,CB Employment Trends Index (Dec),,,,,,,
2024-01-08 16:00:00,NY Fed 1-Year Consumer Inflation Expectations,,,,,,,
2024-01-08 16:30:00,3-Month Bill Auction,,,,,,,
2024-01-08 16:30:00,6-Month Bill Auction,,,,,,,
2024-01-08 17:00:00,FOMC Member Bostic Speaks,,,,,,,
2024-01-08 20:00:00,Consumer Credit (Nov),,,,,,,
2024-01-09 11:00:00,NFIB Small Business Optimism (Dec),,,,,,,
2024-01-09 13:30:00,Trade Balance (Nov),,,,,,,
2024-01-09 13:30:00,Exports,,,,,,,
2024-01-09 13:30:00,Imports,,,,,,,
2024-01-09 13:55:00,Redbook (YoY),,,,,,,
2024-01-09 15:00:00,IBD/TIPP Economic Optimism,,,,,,,
2024-01-09 16:30:00,Atlanta Fed GDPNow (Q4),,,,,,,
2024-01-09 17:00:00,Fed Vice Chair for Supervision Barr Speaks,,,,,,,
2024-01-09 17:00:00,EIA Short-Term Energy Outlook,,,,,,,
2024-01-09 18:00:00,3-Year Note Auction,,,,,,,
2024-01-09 21:30:00,API Weekly Crude Oil Stock,,,,,,,
2024-01-10 12:00:00,Mortgage Refinance Index,,,,,,,
2024-01-10 12:00:00,Mortgage Market Index,,,,,,,
2024-01-10 12:00:00,MBA Purchase Index,,,,,,,
2024-01-10 12:00:00,MBA Mortgage Applications (WoW),,,,,,,
2024-01-10 12:00:00,MBA 30-Year Mortgage Rate,,,,,,,
2024-01-10 15:00:00,Thomson Reuters IPSOS PCSI (Jan),,,,,,,
2024-01-10 15:00:00,Wholesale Inventories (MoM) (Nov),,,,,,,
2024-01-10 15:00:00,Wholesale Trade Sales (MoM) (Nov),,,,,,,
2024-01-10 15:30:00,Crude Oil Inventories,,,,,,,
2024-01-10 15:30:00,EIA Refinery Crude Runs (WoW),,,,,,,
2024-01-10 15:30:00,Crude Oil Imports,,,,,,,
2024-01-10 15:30:00,Cushing Crude Oil Inventories,,,,,,,
2024-01-10 15:30:00,EIA Weekly Distillates Stocks,,,,,,,
2024-01-10 15:30:00,Gasoline Inventories,,,,,,,
2024-01-10 15:30:00,Gasoline Production,,,,,,,
2024-01-10 15:30:00,Heating Oil Stockpiles,,,,,,,
2024-01-10 15:30:00,EIA Weekly Refinery Utilization Rates (WoW),,,,,,,
2024-01-10 15:30:00,Distillate Fuel Production,,,,,,,
2024-01-10 18:00:00,10-Year Note Auction,,,,,,,
2024-01-10 18:00:00,Atlanta Fed GDPNow (Q4),,,,,,,
2024-01-10 20:15:00,FOMC Member Williams Speaks,,,,,,,
2024-01-11 13:30:00,CPI (MoM) (Dec),,,,,,,
2024-01-11 13:30:00,Core CPI (YoY) (Dec),,,,,,,
2024-01-11 13:30:00,Core CPI (MoM) (Dec),,,,,,,
2024-01-11 13:30:00,Core CPI Index (Dec),,,,,,,
2024-01-11 13:30:00,Continuing Jobless Claims,,,,,,,
2024-01-11 13:30:00,CPI (YoY) (Dec),,,,,,,
2024-01-11 13:30:00,"CPI Index, s.a (Dec)",,,,,,,
2024-01-11 13:30:00,"CPI, n.s.a (MoM) (Dec)",,,,,,,
2024-01-11 13:30:00,Initial Jobless Claims,,,,,,,
2024-01-11 13:30:00,Jobless Claims 4-Week Avg.,,,,,,,
2024-01-11 13:30:00,Real Earnings (MoM) (Dec),,,,,,,
2024-01-11 13:30:00,"CPI Index, n.s.a. (Dec)",,,,,,,
2024-01-11 15:30:00,Natural Gas Storage,,,,,,,
2024-01-11 16:00:00,Cleveland CPI (MoM) (Dec),,,,,,,
2024-01-11 16:30:00,8-Week Bill Auction,,,,,,,
2024-01-11 16:30:00,4-Week Bill Auction,,,,,,,
2024-01-11 17:40:00,FOMC Member Barkin Speaks,,,,,,,
2024-01-11 18:00:00,30-Year Bond Auction,,,,,,,
2024-01-11 19:00:00,Federal Budget Balance (Dec),,,,,,,
2024-01-11 21:30:00,Fed's Balance Sheet,,,,,,,
2024-01-11 21:30:00,Reserve Balances with Federal Reserve Banks,,,,,,,
2024-01-12 13:30:00,Core PPI (YoY) (Dec),,,,,,,
2024-01-12 13:30:00,PPI ex. Food/Energy/Transport (MoM) (Dec),,,,,,,
2024-01-12 13:30:00,PPI ex. Food/Energy/Transport (YoY) (Dec),,,,,,,
2024-01-12 13:30:00,PPI (YoY) (Dec),,,,,,,
2024-01-12 13:30:00,PPI (MoM) (Dec),,,,,,,
2024-01-12 13:30:00,Core PPI (MoM) (Dec),,,,,,,
2024-01-12 15:00:00,FOMC Member Kashkari Speaks,,,,,,,
2024-01-12 17:00:00,WASDE Report,,,,,,,
2024-01-12 18:00:00,U.S. Baker Hughes Oil Rig Count,,,,,,,
2024-01-12 18:00:00,U.S. Baker Hughes Total Rig Count,,,,,,,
2024-01-12 20:30:00,CFTC Corn speculative net positions,,,,,,,
2024-01-12 20:30:00,CFTC Gold speculative net positions,,,,,,,
2024-01-12 20:30:00,CFTC Aluminium speculative net positions,,,,,,,
2024-01-12 20:30:00,CFTC Copper speculative net positions,,,,,,,
2024-01-12 20:30:00,CFTC Crude Oil speculative net positions,,,,,,,
2024-01-12 20:30:00,CFTC Soybeans speculative net positions,,,,,,,
2024-01-12 20:30:00,CFTC S&P 500 speculative net positions,,,,,,,
2024-01-12 20:30:00,CFTC Silver speculative net positions,,,,,,,
2024-01-12 20:30:00,CFTC Wheat speculative net positions,,,,,,,
2024-01-12 20:30:00,CFTC Nasdaq 100 speculative net positions,,,,,,,
2024-01-12 20:30:00,CFTC Natural Gas speculative net positions,,,,,,,
2024-01-16 13:30:00,NY Empire State Manufacturing Index (Jan),,,,,,,
2024-01-16 16:00:00,Fed Waller Speaks,,,,,,,
2024-01-16 16:30:00,6-Month Bill Auction,,,,,,,
2024-01-16 16:30:00,3-Month Bill Auction,,,,,,,
2024-01-17 12:00:00,MBA Purchase Index,,,,,,,
2024-01-17 12:00:00,Mortgage Refinance Index,,,,,,,
2024-01-17 12:00:00,OPEC Monthly Report,,,,,,,
2024-01-17 12:00:00,Mortgage Market Index,,,,,,,
2024-01-17 12:00:00,MBA 30-Year Mortgage Rate,,,,,,,
2024-01-17 12:00:00,MBA Mortgage Applications (WoW),,,,,,,
2024-01-17 13:30:00,Retail Sales (MoM) (Dec),,,,,,,
2024-01-17 13:30:00,Retail Sales (YoY) (Dec),,,,,,,
2024-01-17 13:30:00,Retail Sales Ex Gas/Autos (MoM) (Dec),,,,,,,
2024-01-17 13:30:00,Retail Control (MoM) (Dec),,,,,,,
2024-01-17 13:30:00,Core Retail Sales (MoM) (Dec),,,,,,,
2024-01-17 13:30:00,Import Price Index (YoY),,,,,,,
2024-01-17 13:30:00,Export Price Index (MoM) (Dec),,,,,,,
2024-01-17 13:30:00,Export Price Index (YoY),,,,,,,
2024-01-17 13:30:00,Import Price Index (MoM) (Dec),,,,,,,
2024-01-17 13:55:00,Redbook (YoY),,,,,,,
2024-01-17 14:00:00,FOMC Member Bowman Speaks,,,,,,,
2024-01-17 14:00:00,Fed Vice Chair for Supervision Barr Speaks,,,,,,,
2024-01-17 14:15:00,Industrial Production (YoY) (Dec),,,,,,,
2024-01-17 14:15:00,Capacity Utilization Rate (Dec),,,,,,,
2024-01-17 14:15:00,Industrial Production (MoM) (Dec),,,,,,,
2024-01-17 14:15:00,Manufacturing Production (MoM) (Dec),,,,,,,
2024-01-17 15:00:00,NAHB Housing Market Index (Jan),,,,,,,
2024-01-17 15:00:00,Retail Inventories Ex Auto (Nov),,,,,,,
2024-01-17 15:00:00,Business Inventories (MoM) (Nov),,,,,,,
2024-01-17 18:00:00,20-Year Bond Auction,,,,,,,
2024-01-17 18:00:00,Atlanta Fed GDPNow (Q4),,,,,,,
2024-01-17 19:00:00,Beige Book,,,,,,,
2024-01-17 20:00:00,FOMC Member Williams Speaks,,,,,,,
2024-01-17 21:30:00,API Weekly Crude Oil Stock,,,,,,,
2024-01-18 09:00:00,IEA Monthly Report,,,,,,,
2024-01-18 12:30:00,FOMC Member Bostic Speaks,,,,,,,
2024-01-18 13:30:00,Jobless Claims 4-Week Avg.,,,,,,,
2024-01-18 13:30:00,Building Permits (Dec),,,,,,,
2024-01-18 13:30:00,Building Permits (MoM) (Dec),,,,,,,
2024-01-18 13:30:00,Continuing Jobless Claims,,,,,,,
2024-01-18 13:30:00,Housing Starts (MoM) (Dec),,,,,,,
2024-01-18 13:30:00,Initial Jobless Claims,,,,,,,
2024-01-18 13:30:00,Housing Starts (Dec),,,,,,,
2024-01-18 13:30:00,Philly Fed Business Conditions (Jan),,,,,,,
2024-01-18 13:30:00,Philly Fed CAPEX Index (Jan),,,,,,,
2024-01-18 13:30:00,Philly Fed Employment (Jan),,,,,,,
2024-01-18 13:30:00,Philly Fed New Orders (Jan),,,,,,,
2024-01-18 13:30:00,Philly Fed Prices Paid (Jan),,,,,,,
2024-01-18 13:30:00,Philadelphia Fed Manufacturing Index (Jan),,,,,,,
2024-01-18 15:30:00,Natural Gas Storage,,,,,,,
2024-01-18 16:00:00,Crude Oil Imports,,,,,,,
2024-01-18 16:00:00,Crude Oil Inventories,,,,,,,
2024-01-18 16:00:00,Distillate Fuel Production,,,,,,,
2024-01-18 16:00:00,Cushing Crude Oil Inventories,,,,,,,
2024-01-18 16:00:00,EIA Refinery Crude Runs (WoW),,,,,,,
2024-01-18 16:00:00,Heating Oil Stockpiles,,,,,,,
2024-01-18 16:00:00,EIA Weekly Refinery Utilization Rates (WoW),,,,,,,
2024-01-18 16:00:00,Gasoline Inventories,,,,,,,
2024-01-18 16:00:00,Gasoline Production,,,,,,,
2024-01-18 16:00:00,EIA Weekly Distillates Stocks,,,,,,,
2024-01-18 16:30:00,FOMC Member Bostic Speaks,,,,,,,
2024-01-18 16:30:00,4-Week Bill Auction,,,,,,,
2024-01-18 16:30:00,8-Week Bill Auction,,,,,,,
2024-01-18 16:30:00,Atlanta Fed GDPNow (Q4),,,,,,,
2024-01-18 17:05:00,FOMC Member Bostic Speaks,,,,,,,
2024-01-18 18:00:00,10-Year TIPS Auction,,,,,,,
2024-01-18 21:30:00,Fed's Balance Sheet,,,,,,,
2024-01-18 21:30:00,Reserve Balances with Federal Reserve Banks,,,,,,,
2024-01-22 15:00:00,US Leading Index (MoM) (Dec),,,,,,,
2024-01-22 16:30:00,3-Month Bill Auction,,,,,,,
2024-01-22 16:30:00,6-Month Bill Auction,,,,,,,
2024-01-23 14:55:00,Redbook (YoY),,,,,,,
2024-01-23 15:00:00,Richmond Manufacturing Index (Jan),,,,,,,
2024-01-23 15:00:00,Richmond Manufacturing Shipments (Jan),,,,,,,
2024-01-23 15:00:00,Richmond Services Index (Jan),,,,,,,
2024-01-23 16:30:00,52-Week Bill Auction,,,,,,,
2024-01-23 18:00:00,2-Year Note Auction,,,,,,,
2024-01-23 18:00:00,M2 Money Supply (MoM) (Dec),,,,,,,
2024-01-23 21:30:00,API Weekly Crude Oil Stock,,,,,,,
2024-01-24 12:00:00,MBA 30-Year Mortgage Rate,,,,,,,
2024-01-24 12:00:00,MBA Mortgage Applications (WoW),,,,,,,
2024-01-24 12:00:00,MBA Purchase Index,,,,,,,
2024-01-24 12:00:00,Mortgage Market Index,,,,,,,
2024-01-24 12:00:00,Mortgage Refinance Index,,,,,,,
2024-01-24 14:45:00,S&P Global Composite PMI (Jan),,,,,,,
2024-01-24 14:45:00,S&P Global Services PMI (Jan),,,,,,,
2024-01-24 14:45:00,S&P Global US Manufacturing PMI (Jan),,,,,,,
2024-01-24 15:30:00,Gasoline Production,,,,,,,
2024-01-24 15:30:00,EIA Weekly Distillates Stocks,,,,,,,
2024-01-24 15:30:00,Distillate Fuel Production,,,,,,,
2024-01-24 15:30:00,Cushing Crude Oil Inventories,,,,,,,
2024-01-24 15:30:00,Heating Oil Stockpiles,,,,,,,
2024-01-24 15:30:00,EIA Refinery Crude Runs (WoW),,,,,,,
2024-01-24 15:30:00,Crude Oil Inventories,,,,,,,
2024-01-24 15:30:00,Gasoline Inventories,,,,,,,
2024-01-24 15:30:00,Crude Oil Imports,,,,,,,
2024-01-24 15:30:00,EIA Weekly Refinery Utilization Rates (WoW),,,,,,,
2024-01-24 18:00:00,5-Year Note Auction,,,,,,,
2024-01-25 12:40:00,Building Permits (MoM) (Dec),,,,,,,
2024-01-25 12:40:00,Building Permits,,,,,,,
2024-01-25 13:30:00,Chicago Fed National Activity (Dec),,,,,,,
2024-01-25 13:30:00,Continuing Jobless Claims,,,,,,,
2024-01-25 13:30:00,Core Durable Goods Orders (MoM) (Dec),,,,,,,
2024-01-25 13:30:00,Core PCE Prices (Q4),,,,,,,
2024-01-25 13:30:00,Durable Goods Orders (MoM) (Dec),,,,,,,
2024-01-25 13:30:00,Durables Excluding Defense (MoM) (Dec),,,,,,,
2024-01-25 13:30:00,GDP (QoQ) (Q4),,,,,,,
2024-01-25 13:30:00,Real Consumer Spending (Q4),,,,,,,
2024-01-25 13:30:00,GDP Sales (Q4),,,,,,,
2024-01-25 13:30:00,Goods Orders Non Defense Ex Air (MoM) (Dec),,,,,,,
2024-01-25 13:30:00,Initial Jobless Claims,,,,,,,
2024-01-25 13:30:00,Jobless Claims 4-Week Avg.,,,,,,,
2024-01-25 13:30:00,PCE Prices (Q4),,,,,,,
2024-01-25 13:30:00,Retail Inventories Ex Auto (Dec),,,,,,,
2024-01-25 13:30:00,Wholesale Inventories (MoM),,,,,,,
2024-01-25 13:30:00,Goods Trade Balance (Dec),,,,,,,
2024-01-25 13:30:00,GDP Price Index (QoQ) (Q4),,,,,,,
2024-01-25 15:00:00,New Home Sales (MoM) (Dec),,,,,,,
2024-01-25 15:00:00,New Home Sales (Dec),,,,,,,
2024-01-25 15:30:00,Natural Gas Storage,,,,,,,
2024-01-25 16:00:00,KC Fed Composite Index (Jan),,,,,,,
2024-01-25 16:00:00,KC Fed Manufacturing Index (Jan),,,,,,,
2024-01-25 16:30:00,8-Week Bill Auction,,,,,,,
2024-01-25 16:30:00,4-Week Bill Auction,,,,,,,
2024-01-25 18:00:00,7-Year Note Auction,,,,,,,
2024-01-25 21:30:00,Fed's Balance Sheet,,,,,,,
2024-01-25 21:30:00,Reserve Balances with Federal Reserve Banks,,,,,,,
2024-01-26 13:30:00,Real Personal Consumption (MoM) (Dec),,,,,,,
2024-01-26 13:30:00,Personal Spending (MoM) (Dec),,,,,,,
2024-01-26 13:30:00,Personal Income (MoM) (Dec),,,,,,,
2024-01-26 13:30:00,Core PCE Price Index (MoM) (Dec),,,,,,,
2024-01-26 13:30:00,PCE Price index (YoY) (Dec),,,,,,,
2024-01-26 13:30:00,Core PCE Price Index (YoY) (Dec),,,,,,,
2024-01-26 13:30:00,PCE price index (MoM) (Dec),,,,,,,
2024-01-26 14:00:00,Dallas Fed PCE (Dec),,,,,,,
2024-01-26 15:00:00,Pending Home Sales Index (Dec),,,,,,,
2024-01-26 15:00:00,Pending Home Sales (MoM) (Dec),,,,,,,
2024-01-26 16:30:00,Atlanta Fed GDPNow (Q1),,,,,,,
2024-01-26 18:00:00,U.S. Baker Hughes Total Rig Count,,,,,,,
2024-01-26 18:00:00,U.S. Baker Hughes Oil Rig Count,,,,,,,
2024-01-26 20:30:00,CFTC Aluminium speculative net positions,,,,,,,
2024-01-26 20:30:00,CFTC Copper speculative net positions,,,,,,,
2024-01-26 20:30:00,CFTC Nasdaq 100 speculative net positions,,,,,,,
2024-01-26 20:30:00,CFTC Gold speculative net positions,,,,,,,
2024-01-26 20:30:00,CFTC Crude Oil speculative net positions,,,,,,,
2024-01-26 20:30:00,CFTC Corn speculative net positions,,,,,,,
2024-01-26 20:30:00,CFTC S&P 500 speculative net positions,,,,,,,
2024-01-26 20:30:00,CFTC Silver speculative net positions,,,,,,,
2024-01-26 20:30:00,CFTC Soybeans speculative net positions,,,,,,,
2024-01-26 20:30:00,CFTC Wheat speculative net positions,,,,,,,
2024-01-26 20:30:00,CFTC Natural Gas speculative net positions,,,,,,,
2024-01-29 15:30:00,Dallas Fed Mfg Business Index (Jan),,,,,,,
2024-01-29 16:30:00,3-Month Bill Auction,,,,,,,
2024-01-29 16:30:00,6-Month Bill Auction,,,,,,,
2024-01-30 13:00:00,IMF Meetings,,,,,,,
2024-01-30 13:55:00,Redbook (YoY),,,,,,,
2024-01-30 14:00:00,S&P/CS HPI Composite - 20 n.s.a. (MoM) (Nov),,,,,,,
2024-01-30 14:00:00,S&P/CS HPI Composite - 20 n.s.a. (YoY) (Nov),,,,,,,
2024-01-30 14:00:00,S&P/CS HPI Composite - 20 s.a. (MoM) (Nov),,,,,,,
2024-01-30 14:00:00,House Price Index (Nov),,,,,,,
2024-01-30 14:00:00,House Price Index (MoM) (Nov),,,,,,,
2024-01-30 14:00:00,House Price Index (YoY) (Nov),,,,,,,
2024-01-30 15:00:00,JOLTs Job Openings (Dec),,,,,,,
2024-01-30 15:00:00,CB Consumer Confidence (Jan),,,,,,,
2024-01-30 15:30:00,Dallas Fed Services Revenues (Jan),,,,,,,
2024-01-30 15:30:00,Texas Services Sector Outlook (Jan),,,,,,,
2024-01-30 21:30:00,API Weekly Crude Oil Stock,,,,,,,
2024-01-31 12:00:00,Mortgage Refinance Index,,,,,,,
2024-01-31 12:00:00,Mortgage Market Index,,,,,,,
2024-01-31 12:00:00,MBA Mortgage Applications (WoW),,,,,,,
2024-01-31 12:00:00,MBA 30-Year Mortgage Rate,,,,,,,
2024-01-31 12:00:00,MBA Purchase Index,,,,,,,
2024-01-31 13:15:00,ADP Nonfarm Employment Change (Jan),,,,,,,
2024-01-31 13:30:00,Employment Benefits (QoQ) (Q4),,,,,,,
2024-01-31 13:30:00,Employment Cost Index (QoQ) (Q4),,,,,,,
2024-01-31 13:30:00,Employment Wages (QoQ) (Q4),,,,,,,
2024-01-31 14:45:00,Chicago PMI (Jan),,,,,,,
2024-01-31 15:30:00,EIA Refinery Crude Runs (WoW),,,,,,,
2024-01-31 15:30:00,Crude Oil Imports,,,,,,,
2024-01-31 15:30:00,Distillate Fuel Production,,,,,,,
2024-01-31 15:30:00,Cushing Crude Oil Inventories,,,,,,,
2024-01-31 15:30:00,Crude Oil Inventories,,,,,,,
2024-01-31 15:30:00,Gasoline Production,,,,,,,
2024-01-31 15:30:00,Heating Oil Stockpiles,,,,,,,
2024-01-31 15:30:00,EIA Weekly Refinery Utilization Rates (WoW),,,,,,,
2024-01-31 15:30:00,EIA Weekly Distillates Stocks,,,,,,,
2024-01-31 15:30:00,Gasoline Inventories,,,,,,,
2024-01-31 15:45:00,OPEC Crude oil Production Venezuela (Barrel),,,,,,,
2024-01-31 15:45:00,OPEC Crude oil Production Iraq (Barrel),,,,,,,
2024-01-31 15:45:00,OPEC Crude Oil Production Algeria (Barrel),,,,,,,
2024-01-31 15:45:00,OPEC Crude Oil Production Congo (Barrel),,,,,,,
2024-01-31 15:45:00,OPEC Crude Oil Production Gabon (Barrel),,,,,,,
2024-01-31 15:45:00,OPEC Crude oil Production UAE (Barrel),,,,,,,
2024-01-31 15:45:00,OPEC Crude Oil Production Kuwait (Barrel),,,,,,,
2024-01-31 15:45:00,OPEC Crude Oil Production Libya (Barrel),,,,,,,
2024-01-31 15:45:00,OPEC Crude Oil Production Nigeria (Barrel),,,,,,,
2024-01-31 15:45:00,OPEC Crude oil Production Saudi Arabia (Barrel),,,,,,,
2024-01-31 15:45:00,OPEC Crude oil Production Iran (Barrel),,,,,,,
2024-01-31 15:45:00,OPEC Crude Oil Production Guinea (Barrel),,,,,,,
2024-01-31 19:00:00,FOMC Statement,,,,,,,
2024-01-31 19:00:00,Fed Interest Rate Decision,,,,,,,
2024-02-01 10:00:00,OPEC Meeting,,,,,,,
2024-02-01 12:30:00,Challenger Job Cuts (YoY),,,,,,,
2024-02-01 12:30:00,Challenger Job Cuts (Jan),,,,,,,
2024-02-01 13:30:00,Continuing Jobless Claims,,,,,,,
2024-02-01 13:30:00,Initial Jobless Claims,,,,,,,
2024-02-01 13:30:00,Unit Labor Costs (QoQ) (Q4),,,,,,,
2024-02-01 13:30:00,Nonfarm Productivity (QoQ) (Q4),,,,,,,
2024-02-01 13:30:00,Jobless Claims 4-Week Avg.,,,,,,,
2024-02-01 14:45:00,S&P Global US Manufacturing PMI (Jan),,,,,,,
2024-02-01 15:00:00,ISM Manufacturing Prices (Jan),,,,,,,
2024-02-01 15:00:00,ISM Manufacturing PMI (Jan),,,,,,,
2024-02-01 15:00:00,ISM Manufacturing New Orders Index (Jan),,,,,,,
2024-02-01 15:00:00,ISM Manufacturing Employment (Jan),,,,,,,
2024-02-01 15:00:00,Construction Spending (MoM) (Dec),,,,,,,
2024-02-01 15:30:00,Natural Gas Storage,,,,,,,
2024-02-01 16:30:00,8-Week Bill Auction,,,,,,,
2024-02-01 16:30:00,4-Week Bill Auction,,,,,,,
2024-02-01 17:45:00,Atlanta Fed GDPNow (Q1),,,,,,,
2024-02-01 19:30:00,FOMC Press Conference,,,,,,,
2024-02-01 21:30:00,Fed's Balance Sheet,,,,,,,
2024-02-01 21:30:00,Reserve Balances with Federal Reserve Banks,,,,,,,
2024-02-02 13:30:00,Government Payrolls (Jan),,,,,,,
2024-02-02 13:30:00,Nonfarm Payrolls (Jan),,,,,,,
2024-02-02 13:30:00,Average Hourly Earnings (MoM) (Jan),,,,,,,
2024-02-02 13:30:00,Average Hourly Earnings (YoY) (YoY) (Jan),,,,,,,
2024-02-02 13:30:00,Average Weekly Hours (Jan),,,,,,,
2024-02-02 13:30:00,Manufacturing Payrolls (Jan),,,,,,,
2024-02-02 13:30:00,U6 Unemployment Rate (Jan),,,,,,,
2024-02-02 13:30:00,Payrolls Benchmark,,,,,,,
2024-02-02 13:30:00,"Payrolls Benchmark, n.s.a.",,,,,,,
2024-02-02 13:30:00,Private Nonfarm Payrolls (Jan),,,,,,,
2024-02-02 13:30:00,Participation Rate (Jan),,,,,,,
2024-02-02 13:30:00,Unemployment Rate (Jan),,,,,,,
2024-02-02 15:00:00,Michigan 1-Year Inflation Expectations (Jan),,,,,,,
2024-02-02 15:00:00,Michigan Current Conditions (Jan),,,,,,,
2024-02-02 15:00:00,Michigan Consumer Sentiment (Jan),,,,,,,
2024-02-02 15:00:00,Michigan Consumer Expectations (Jan),,,,,,,
2024-02-02 15:00:00,Factory orders ex transportation (MoM) (Dec),,,,,,,
2024-02-02 15:00:00,Michigan 5-Year Inflation Expectations (Jan),,,,,,,
2024-02-02 15:00:00,Durables Excluding Transport (MoM) (Dec),,,,,,,
2024-02-02 15:00:00,Durables Excluding Defense (MoM) (Dec),,,,,,,
2024-02-02 15:00:00,All Truck Sales (Jan),,,,,,,
2024-02-02 15:00:00,All Car Sales (Jan),,,,,,,
2024-02-02 15:00:00,Factory Orders (MoM) (Dec),,,,,,,
2024-02-02 18:00:00,U.S. Baker Hughes Total Rig Count,,,,,,,
2024-02-02 18:00:00,U.S. Baker Hughes Oil Rig Count,,,,,,,
2024-02-02 20:30:00,CFTC Copper speculative net positions,,,,,,,
2024-02-02 20:30:00,CFTC Wheat speculative net positions,,,,,,,
2024-02-02 20:30:00,CFTC Soybeans speculative net positions,,,,,,,
2024-02-02 20:30:00,CFTC Silver speculative net positions,,,,,,,
2024-02-02 20:30:00,CFTC S&P 500 speculative net positions,,,,,,,
2024-02-02 20:30:00,CFTC Natural Gas speculative net positions,,,,,,,
2024-02-02 20:30:00,CFTC Nasdaq 100 speculative net positions,,,,,,,
2024-02-02 20:30:00,CFTC Crude Oil speculative net positions,,,,,,,
2024-02-02 20:30:00,CFTC Corn speculative net positions,,,,,,,
2024-02-02 20:30:00,CFTC Aluminium speculative net positions,,,,,,,
2024-02-02 20:30:00,CFTC Gold speculative net positions,,,,,,,
2024-02-05 00:00:00,Fed Chair Powell Speaks,,,,,,,
2024-02-05 13:00:00,FOMC Member Kashkari Speaks,,,,,,,
2024-02-05 14:45:00,S&P Global Composite PMI (Jan),,,,,,,
2024-02-05 14:45:00,S&P Global Services PMI (Jan),,,,,,,
2024-02-05 15:00:00,ISM Non-Manufacturing Employment (Jan),,,,,,,
2024-02-05 15:00:00,CB Employment Trends Index (Jan),,,,,,,
2024-02-05 15:00:00,ISM Non-Manufacturing Business Activity (Jan),,,,,,,
2024-02-05 15:00:00,Fed Goolsbee Speaks,,,,,,,
2024-02-05 15:00:00,ISM Non-Manufacturing Prices (Jan),,,,,,,
2024-02-05 15:00:00,Total Vehicle Sales (Jan),,,,,,,
2024-02-05 15:00:00,ISM Non-Manufacturing New Orders (Jan),,,,,,,
2024-02-05 15:00:00,ISM Non-Manufacturing PMI (Jan),,,,,,,
2024-02-05 16:30:00,3-Month Bill Auction,,,,,,,
2024-02-05 16:30:00,6-Month Bill Auction,,,,,,,
2024-02-05 19:00:00,FOMC Member Bostic Speaks,,,,,,,
2024-02-05 19:00:00,Loan Officer Survey,,,,,,,
2024-02-06 00:00:00,FOMC Member Harker Speaks,,,,,,,
2024-02-06 13:55:00,Redbook (YoY),,,,,,,
2024-02-06 15:10:00,IBD/TIPP Economic Optimism,,,,,,,
2024-02-06 17:00:00,FOMC Member Mester Speaks,,,,,,,
2024-02-06 17:00:00,EIA Short-Term Energy Outlook,,,,,,,
2024-02-06 18:00:00,3-Year Note Auction,,,,,,,
2024-02-06 18:00:00,FOMC Member Kashkari Speaks,,,,,,,
2024-02-06 19:00:00,Fed Collins Speaks,,,,,,,
2024-02-06 21:30:00,API Weekly Crude Oil Stock,,,,,,,
2024-02-07 12:00:00,Mortgage Refinance Index,,,,,,,
2024-02-07 12:00:00,MBA Purchase Index,,,,,,,
2024-02-07 12:00:00,Mortgage Market Index,,,,,,,
2024-02-07 12:00:00,MBA 30-Year Mortgage Rate,,,,,,,
2024-02-07 12:00:00,MBA Mortgage Applications (WoW),,,,,,,
2024-02-07 13:30:00,Trade Balance (Dec),,,,,,,
2024-02-07 13:30:00,Exports (Dec),,,,,,,
2024-02-07 13:30:00,Imports (Dec),,,,,,,
2024-02-07 15:30:00,Distillate Fuel Production,,,,,,,
2024-02-07 15:30:00,Gasoline Inventories,,,,,,,
2024-02-07 15:30:00,EIA Weekly Refinery Utilization Rates (WoW),,,,,,,
2024-02-07 15:30:00,Gasoline Production,,,,,,,
2024-02-07 15:30:00,EIA Weekly Distillates Stocks,,,,,,,
2024-02-07 15:30:00,Cushing Crude Oil Inventories,,,,,,,
2024-02-07 15:30:00,Crude Oil Imports,,,,,,,
2024-02-07 15:30:00,EIA Refinery Crude Runs (WoW),,,,,,,
2024-02-07 15:30:00,Crude Oil Inventories,,,,,,,
2024-02-07 15:30:00,Heating Oil Stockpiles,,,,,,,
2024-02-07 16:30:00,Atlanta Fed GDPNow (Q1),,,,,,,
2024-02-07 16:30:00,Fed Collins Speaks,,,,,,,
2024-02-07 17:30:00,FOMC Member Barkin Speaks,,,,,,,
2024-02-07 18:00:00,10-Year Note Auction,,,,,,,
2024-02-07 19:00:00,FOMC Member Bowman Speaks,,,,,,,
2024-02-07 20:00:00,Consumer Credit (Dec),,,,,,,
2024-02-08 13:30:00,Continuing Jobless Claims,,,,,,,
2024-02-08 13:30:00,Jobless Claims 4-Week Avg.,,,,,,,
2024-02-08 13:30:00,FOMC Member Barkin Speaks,,,,,,,
2024-02-08 13:30:00,Initial Jobless Claims,,,,,,,
2024-02-08 15:00:00,Wholesale Trade Sales (MoM) (Dec),,,,,,,
2024-02-08 15:00:00,Wholesale Inventories (MoM) (Dec),,,,,,,
2024-02-08 15:30:00,Natural Gas Storage,,,,,,,
2024-02-08 16:30:00,4-Week Bill Auction,,,,,,,
2024-02-08 16:30:00,8-Week Bill Auction,,,,,,,
2024-02-08 17:00:00,WASDE Report,,,,,,,
2024-02-08 17:05:00,FOMC Member Barkin Speaks,,,,,,,
2024-02-08 18:00:00,Atlanta Fed GDPNow (Q1),,,,,,,
2024-02-08 18:00:00,30-Year Bond Auction,,,,,,,
2024-02-08 21:30:00,Reserve Balances with Federal Reserve Banks,,,,,,,
2024-02-08 21:30:00,Fed's Balance Sheet,,,,,,,
2024-02-09 18:00:00,U.S. Baker Hughes Oil Rig Count,,,,,,,
2024-02-09 18:00:00,U.S. Baker Hughes Total Rig Count,,,,,,,
2024-02-09 18:30:00,Fed Logan Speaks,,,,,,,
2024-02-09 20:30:00,CFTC Gold speculative net positions,,,,,,,
2024-02-09 20:30:00,CFTC Aluminium speculative net positions,,,,,,,
2024-02-09 20:30:00,CFTC Copper speculative net positions,,,,,,,
2024-02-09 20:30:00,CFTC Corn speculative net positions,,,,,,,
2024-02-09 20:30:00,CFTC Wheat speculative net positions,,,,,,,
2024-02-09 20:30:00,CFTC Crude Oil speculative net positions,,,,,,,
2024-02-09 20:30:00,CFTC Natural Gas speculative net positions,,,,,,,
2024-02-09 20:30:00,CFTC S&P 500 speculative net positions,,,,,,,
2024-02-09 20:30:00,CFTC Silver speculative net positions,,,,,,,
2024-02-09 20:30:00,CFTC Soybeans speculative net positions,,,,,,,
2024-02-09 20:30:00,CFTC Nasdaq 100 speculative net positions,,,,,,,
2024-02-12 14:20:00,FOMC Member Bowman Speaks,,,,,,,
2024-02-12 16:00:00,NY Fed 1-Year Consumer Inflation Expectations,,,,,,,
2024-02-12 16:30:00,6-Month Bill Auction,,,,,,,
2024-02-12 16:30:00,3-Month Bill Auction,,,,,,,
2024-02-12 17:00:00,FOMC Member Barkin Speaks,,,,,,,
2024-02-12 18:00:00,FOMC Member Kashkari Speaks,,,,,,,
2024-02-12 19:00:00,Federal Budget Balance (Jan),,,,,,,
2024-02-13 11:00:00,NFIB Small Business Optimism (Jan),,,,,,,
2024-02-13 12:00:00,OPEC Monthly Report,,,,,,,
2024-02-13 13:30:00,"CPI Index, s.a (Jan)",,,,,,,
2024-02-13 13:30:00,Real Earnings (MoM) (Jan),,,,,,,
2024-02-13 13:30:00,"CPI, n.s.a (MoM) (Jan)",,,,,,,
2024-02-13 13:30:00,"CPI Index, n.s.a. (Jan)",,,,,,,
2024-02-13 13:30:00,Core CPI (MoM) (Jan),,,,,,,
2024-02-13 13:30:00,CPI (YoY) (Jan),,,,,,,
2024-02-13 13:30:00,Core CPI Index (Jan),,,,,,,
2024-02-13 13:30:00,Core CPI (YoY) (Jan),,,,,,,
2024-02-13 13:30:00,CPI (MoM) (Jan),,,,,,,
2024-02-13 13:55:00,Redbook (YoY),,,,,,,
2024-02-13 16:00:00,Cleveland CPI (MoM) (Jan),,,,,,,
2024-02-13 21:30:00,API Weekly Crude Oil Stock,,,,,,,
2024-02-14 12:00:00,Mortgage Market Index,,,,,,,
2024-02-14 12:00:00,Mortgage Refinance Index,,,,,,,
2024-02-14 12:00:00,MBA Purchase Index,,,,,,,
2024-02-14 12:00:00,MBA 30-Year Mortgage Rate,,,,,,,
2024-02-14 12:00:00,MBA Mortgage Applications (WoW),,,,,,,
2024-02-14 14:30:00,Fed Goolsbee Speaks,,,,,,,
2024-02-14 15:00:00,Thomson Reuters IPSOS PCSI (Feb),,,,,,,
2024-02-14 15:30:00,Distillate Fuel Production,,,,,,,
2024-02-14 15:30:00,Crude Oil Inventories,,,,,,,
2024-02-14 15:30:00,EIA Refinery Crude Runs (WoW),,,,,,,
2024-02-14 15:30:00,Crude Oil Imports,,,,,,,
2024-02-14 15:30:00,Cushing Crude Oil Inventories,,,,,,,
2024-02-14 15:30:00,EIA Weekly Refinery Utilization Rates (WoW),,,,,,,
2024-02-14 15:30:00,EIA Weekly Distillates Stocks,,,,,,,
2024-02-14 15:30:00,Heating Oil Stockpiles,,,,,,,
2024-02-14 15:30:00,Gasoline Inventories,,,,,,,
2024-02-14 15:30:00,Gasoline Production,,,,,,,
2024-02-14 21:00:00,Fed Vice Chair for Supervision Barr Speaks,,,,,,,
2024-02-15 00:00:00,FOMC Member Bostic Speaks,,,,,,,
2024-02-15 09:00:00,IEA Monthly Report,,,,,,,
2024-02-15 13:30:00,Philly Fed Employment (Feb),,,,,,,
2024-02-15 13:30:00,Continuing Jobless Claims,,,,,,,
2024-02-15 13:30:00,Core Retail Sales (MoM) (Jan),,,,,,,
2024-02-15 13:30:00,Export Price Index (YoY),,,,,,,
2024-02-15 13:30:00,Import Price Index (MoM) (Jan),,,,,,,
2024-02-15 13:30:00,Initial Jobless Claims,,,,,,,
2024-02-15 13:30:00,Jobless Claims 4-Week Avg.,,,,,,,
2024-02-15 13:30:00,NY Empire State Manufacturing Index (Feb),,,,,,,
2024-02-15 13:30:00,Export Price Index (MoM) (Jan),,,,,,,
2024-02-15 13:30:00,Philly Fed Business Conditions (Feb),,,,,,,
2024-02-15 13:30:00,Retail Control (MoM) (Jan),,,,,,,
2024-02-15 13:30:00,Philly Fed CAPEX Index (Feb),,,,,,,
2024-02-15 13:30:00,Retail Sales Ex Gas/Autos (MoM) (Jan),,,,,,,
2024-02-15 13:30:00,Retail Sales (MoM) (Jan),,,,,,,
2024-02-15 13:30:00,Retail Sales (YoY) (Jan),,,,,,,
2024-02-15 13:30:00,Import Price Index (YoY),,,,,,,
2024-02-15 13:30:00,Philly Fed Prices Paid (Feb),,,,,,,
2024-02-15 13:30:00,Philly Fed New Orders (Feb),,,,,,,
2024-02-15 13:30:00,Philadelphia Fed Manufacturing Index (Feb),,,,,,,
2024-02-15 14:15:00,Industrial Production (YoY) (Jan),,,,,,,
2024-02-15 14:15:00,Industrial Production (MoM) (Jan),,,,,,,
2024-02-15 14:15:00,Manufacturing Production (MoM) (Jan),,,,,,,
2024-02-15 14:15:00,Capacity Utilization Rate (Jan),,,,,,,
2024-02-15 15:00:00,NAHB Housing Market Index (Feb),,,,,,,
2024-02-15 15:00:00,Retail Inventories Ex Auto (Dec),,,,,,,
2024-02-15 15:00:00,Business Inventories (MoM) (Dec),,,,,,,
2024-02-15 15:30:00,Natural Gas Storage,,,,,,,
2024-02-15 16:30:00,8-Week Bill Auction,,,,,,,
2024-02-15 16:30:00,4-Week Bill Auction,,,,,,,
2024-02-15 18:00:00,Atlanta Fed GDPNow (Q1),,,,,,,
2024-02-15 18:15:00,Fed Waller Speaks,,,,,,,
2024-02-15 21:00:00,TIC Net Long-Term Transactions including Swaps (Dec),,,,,,,
2024-02-15 21:00:00,TIC Net Long-Term Transactions (Dec),,,,,,,
2024-02-15 21:00:00,Overall Net Capital Flow (Dec),,,,,,,
2024-02-15 21:00:00,"US Foreign Buying, T-bonds (Dec)",,,,,,,
2024-02-15 21:30:00,Fed's Balance Sheet,,,,,,,
2024-02-15 21:30:00,Reserve Balances with Federal Reserve Banks,,,,,,,
2024-02-16 00:00:00,FOMC Member Bostic Speaks,,,,,,,
2024-02-16 13:00:00,FOMC Member Barkin Speaks,,,,,,,
2024-02-16 13:30:00,PPI ex. Food/Energy/Transport (YoY) (Jan),,,,,,,
2024-02-16 13:30:00,Housing Starts (Jan),,,,,,,
2024-02-16 13:30:00,Core PPI (MoM) (Jan),,,,,,,
2024-02-16 13:30:00,PPI ex. Food/Energy/Transport (MoM) (Jan),,,,,,,
2024-02-16 13:30:00,Building Permits (Jan),,,,,,,
2024-02-16 13:30:00,PPI (MoM) (Jan),,,,,,,
2024-02-16 13:30:00,Core PPI (YoY) (Jan),,,,,,,
2024-02-16 13:30:00,Housing Starts (MoM) (Jan),,,,,,,
2024-02-16 13:30:00,PPI (YoY) (Jan),,,,,,,
2024-02-16 13:30:00,Building Permits (MoM) (Jan),,,,,,,
2024-02-16 14:10:00,Fed Vice Chair for Supervision Barr Speaks,,,,,,,
2024-02-16 15:00:00,Michigan Current Conditions (Feb),,,,,,,
2024-02-16 15:00:00,Michigan Consumer Expectations (Feb),,,,,,,
2024-02-16 15:00:00,Michigan Consumer Sentiment (Feb),,,,,,,
2024-02-16 15:00:00,Michigan 1-Year Inflation Expectations (Feb),,,,,,,
2024-02-16 15:00:00,Michigan 5-Year Inflation Expectations (Feb),,,,,,,
2024-02-16 16:30:00,Atlanta Fed GDPNow (Q1),,,,,,,
2024-02-16 17:10:00,FOMC Member Daly Speaks,,,,,,,
2024-02-16 18:00:00,U.S. Baker Hughes Total Rig Count,,,,,,,
2024-02-16 18:00:00,U.S. Baker Hughes Oil Rig Count,,,,,,,
2024-02-16 20:30:00,CFTC Corn speculative net positions,,,,,,,
2024-02-16 20:30:00,CFTC Crude Oil speculative net positions,,,,,,,
2024-02-16 20:30:00,CFTC Aluminium speculative net positions,,,,,,,
2024-02-16 20:30:00,CFTC Copper speculative net positions,,,,,,,
2024-02-16 20:30:00,CFTC Natural Gas speculative net positions,,,,,,,
2024-02-16 20:30:00,CFTC Gold speculative net positions,,,,,,,
2024-02-16 20:30:00,CFTC S&P 500 speculative net positions,,,,,,,
2024-02-16 20:30:00,CFTC Silver speculative net positions,,,,,,,
2024-02-16 20:30:00,CFTC Soybeans speculative net positions,,,,,,,
2024-02-16 20:30:00,CFTC Wheat speculative net positions,,,,,,,
2024-02-16 20:30:00,CFTC Nasdaq 100 speculative net positions,,,,,,,
2024-02-20 15:00:00,US Leading Index (MoM) (Jan),,,,,,,
2024-02-20 16:30:00,3-Month Bill Auction,,,,,,,
2024-02-20 16:30:00,6-Month Bill Auction,,,,,,,
2024-02-20 18:00:00,52-Week Bill Auction,,,,,,,
2024-02-21 12:00:00,MBA 30-Year Mortgage Rate,,,,,,,
2024-02-21 12:00:00,MBA Mortgage Applications (WoW),,,,,,,
2024-02-21 12:00:00,Mortgage Market Index,,,,,,,
2024-02-21 12:00:00,Mortgage Refinance Index,,,,,,,
2024-02-21 12:00:00,MBA Purchase Index,,,,,,,
2024-02-21 13:00:00,FOMC Member Bostic Speaks,,,,,,,
2024-02-21 13:55:00,Redbook (YoY),,,,,,,
2024-02-21 18:00:00,20-Year Bond Auction,,,,,,,
2024-02-21 18:00:00,FOMC Member Bowman Speaks,,,,,,,
2024-02-21 19:00:00,FOMC Meeting Minutes,,,,,,,
2024-02-21 21:30:00,API Weekly Crude Oil Stock,,,,,,,
2024-02-22 13:30:00,Continuing Jobless Claims,,,,,,,
2024-02-22 13:30:00,Chicago Fed National Activity (Jan),,,,,,,
2024-02-22 13:30:00,Jobless Claims 4-Week Avg.,,,,,,,
2024-02-22 13:30:00,Initial Jobless Claims,,,,,,,
2024-02-22 14:45:00,S&P Global US Manufacturing PMI (Feb),,,,,,,
2024-02-22 14:45:00,S&P Global Composite PMI (Feb),,,,,,,
2024-02-22 14:45:00,S&P Global Services PMI (Feb),,,,,,,
2024-02-22 15:00:00,Existing Home Sales (MoM) (Jan),,,,,,,
2024-02-22 15:00:00,Existing Home Sales (Jan),,,,,,,
2024-02-22 15:00:00,Fed Governor Jefferson Speaks,,,,,,,
2024-02-22 15:30:00,Natural Gas Storage,,,,,,,
2024-02-22 16:00:00,Distillate Fuel Production,,,,,,,
2024-02-22 16:00:00,Crude Oil Inventories,,,,,,,
2024-02-22 16:00:00,EIA Refinery Crude Runs (WoW),,,,,,,
2024-02-22 16:00:00,Crude Oil Imports,,,,,,,
2024-02-22 16:00:00,Cushing Crude Oil Inventories,,,,,,,
2024-02-22 16:00:00,Gasoline Inventories,,,,,,,
2024-02-22 16:00:00,Heating Oil Stockpiles,,,,,,,
2024-02-22 16:00:00,EIA Weekly Refinery Utilization Rates (WoW),,,,,,,
2024-02-22 16:00:00,Gasoline Production,,,,,,,
2024-02-22 16:00:00,EIA Weekly Distillates Stocks,,,,,,,
2024-02-22 16:30:00,4-Week Bill Auction,,,,,,,
2024-02-22 16:30:00,8-Week Bill Auction,,,,,,,
2024-02-22 18:00:00,30-Year TIPS Auction,,,,,,,
2024-02-22 20:15:00,FOMC Member Harker Speaks,,,,,,,
2024-02-22 21:30:00,Reserve Balances with Federal Reserve Banks,,,,,,,
2024-02-22 21:30:00,Fed's Balance Sheet,,,,,,,
2024-02-22 22:00:00,Fed Governor Cook Speaks,,,,,,,
2024-02-22 22:00:00,FOMC Member Kashkari Speaks,,,,,,,
2024-02-23 00:35:00,Fed Waller Speaks,,,,,,,
2024-02-23 18:00:00,U.S. Baker Hughes Oil Rig Count,,,,,,,
2024-02-23 18:00:00,U.S. Baker Hughes Total Rig Count,,,,,,,
2024-02-23 20:30:00,CFTC Corn speculative net positions,,,,,,,
2024-02-23 20:30:00,CFTC Gold speculative net positions,,,,,,,
2024-02-23 20:30:00,CFTC Crude Oil speculative net positions,,,,,,,
2024-02-23 20:30:00,CFTC S&P 500 speculative net positions,,,,,,,
2024-02-23 20:30:00,CFTC Natural Gas speculative net positions,,,,,,,
2024-02-23 20:30:00,CFTC Soybeans speculative net positions,,,,,,,
2024-02-23 20:30:00,CFTC Wheat speculative net positions,,,,,,,
2024-02-23 20:30:00,CFTC Copper speculative net positions,,,,,,,
2024-02-23 20:30:00,CFTC Silver speculative net positions,,,,,,,
2024-02-23 20:30:00,CFTC Nasdaq 100 speculative net positions,,,,,,,
2024-02-23 20:30:00,CFTC Aluminium speculative net positions,,,,,,,
2024-02-26 13:30:00,Building Permits,,,,,,,
2024-02-26 13:30:00,Building Permits (MoM),,,,,,,
2024-02-26 15:00:00,New Home Sales (Jan),,,,,,,
2024-02-26 15:00:00,New Home Sales (MoM) (Jan),,,,,,,
2024-02-26 15:30:00,Dallas Fed Mfg Business Index (Feb),,,,,,,
2024-02-26 16:30:00,6-Month Bill Auction,,,,,,,
2024-02-26 16:30:00,2-Year Note Auction,,,,,,,
2024-02-26 18:00:00,3-Month Bill Auction,,,,,,,
2024-02-26 18:00:00,5-Year Note Auction,,,,,,,
2024-02-27 13:30:00,Durables Excluding Defense (MoM) (Jan),,,,,,,
2024-02-27 13:30:00,Goods Orders Non Defense Ex Air (MoM) (Jan),,,,,,,
2024-02-27 13:30:00,Durable Goods Orders (MoM) (Jan),,,,,,,
2024-02-27 13:30:00,Core Durable Goods Orders (MoM) (Jan),,,,,,,
2024-02-27 13:55:00,Redbook (YoY),,,,,,,
2024-02-27 14:00:00,S&P/CS HPI Composite - 20 n.s.a. (MoM) (Dec),,,,,,,
2024-02-27 14:00:00,S&P/CS HPI Composite - 20 n.s.a. (YoY) (Dec),,,,,,,
2024-02-27 14:00:00,S&P/CS HPI Composite - 20 s.a. (MoM) (Dec),,,,,,,
2024-02-27 14:00:00,House Price Index (YoY) (Dec),,,,,,,
2024-02-27 14:00:00,House Price Index (MoM) (Dec),,,,,,,
2024-02-27 14:00:00,House Price Index (Dec),,,,,,,
2024-02-27 14:05:00,Fed Vice Chair for Supervision Barr Speaks,,,,,,,
2024-02-27 15:00:00,Richmond Manufacturing Index (Feb),,,,,,,
2024-02-27 15:00:00,Richmond Manufacturing Shipments (Feb),,,,,,,
2024-02-27 15:00:00,CB Consumer Confidence (Feb),,,,,,,
2024-02-27 15:00:00,Richmond Services Index (Feb),,,,,,,
2024-02-27 15:30:00,Dallas Fed Services Revenues (Feb),,,,,,,
2024-02-27 15:30:00,Texas Services Sector Outlook (Feb),,,,,,,
2024-02-27 16:30:00,Atlanta Fed GDPNow (Q1),,,,,,,
2024-02-27 18:00:00,M2 Money Supply (MoM) (Jan),,,,,,,
2024-02-27 18:00:00,7-Year Note Auction,,,,,,,
2024-02-27 21:30:00,API Weekly Crude Oil Stock,,,,,,,
2024-02-28 12:00:00,MBA 30-Year Mortgage Rate,,,,,,,
2024-02-28 12:00:00,MBA Mortgage Applications (WoW),,,,,,,
2024-02-28 12:00:00,MBA Purchase Index,,,,,,,
2024-02-28 12:00:00,Mortgage Market Index,,,,,,,
2024-02-28 12:00:00,Mortgage Refinance Index,,,,,,,
2024-02-28 13:30:00,GDP Sales (Q4),,,,,,,
2024-02-28 13:30:00,Core PCE Prices (Q4),,,,,,,
2024-02-28 13:30:00,GDP (QoQ) (Q4),,,,,,,
2024-02-28 13:30:00,GDP Price Index (QoQ) (Q4),,,,,,,
2024-02-28 13:30:00,PCE Prices (Q4),,,,,,,
2024-02-28 13:30:00,Goods Trade Balance (Jan),,,,,,,
2024-02-28 13:30:00,Retail Inventories Ex Auto (Jan),,,,,,,
2024-02-28 13:30:00,Wholesale Inventories (MoM),,,,,,,
2024-02-28 13:30:00,Real Consumer Spending (Q4),,,,,,,
2024-02-28 15:30:00,Crude Oil Imports,,,,,,,
2024-02-28 15:30:00,Distillate Fuel Production,,,,,,,
2024-02-28 15:30:00,Crude Oil Inventories,,,,,,,
2024-02-28 15:30:00,EIA Refinery Crude Runs (WoW),,,,,,,
2024-02-28 15:30:00,Cushing Crude Oil Inventories,,,,,,,
2024-02-28 15:30:00,EIA Weekly Refinery Utilization Rates (WoW),,,,,,,
2024-02-28 15:30:00,EIA Weekly Distillates Stocks,,,,,,,
2024-02-28 15:30:00,Heating Oil Stockpiles,,,,,,,
2024-02-28 15:30:00,Gasoline Inventories,,,,,,,
2024-02-28 15:30:00,Gasoline Production,,,,,,,
2024-02-28 17:00:00,FOMC Member Bostic Speaks,,,,,,,
2024-02-28 17:15:00,Fed Collins Speaks,,,,,,,
2024-02-28 17:45:00,FOMC Member Williams Speaks,,,,,,,
2024-02-29 13:30:00,Core PCE Price Index (MoM) (Jan),,,,,,,
2024-02-29 13:30:00,Core PCE Price Index (YoY) (Jan),,,,,,,
2024-02-29 13:30:00,Initial Jobless Claims,,,,,,,
2024-02-29 13:30:00,Personal Income (MoM) (Jan),,,,,,,
2024-02-29 13:30:00,Personal Spending (MoM) (Jan),,,,,,,
2024-02-29 13:30:00,Real Personal Consumption (MoM) (Jan),,,,,,,
2024-02-29 13:30:00,PCE Price index (YoY) (Jan),,,,,,,
2024-02-29 13:30:00,Continuing Jobless Claims,,,,,,,
2024-02-29 13:30:00,PCE price index (MoM) (Jan),,,,,,,
2024-02-29 13:30:00,Jobless Claims 4-Week Avg.,,,,,,,
2024-02-29 14:00:00,Dallas Fed PCE (Jan),,,,,,,
2024-02-29 14:45:00,Chicago PMI (Feb),,,,,,,
2024-02-29 15:00:00,Pending Home Sales (MoM) (Jan),,,,,,,
2024-02-29 15:00:00,Pending Home Sales Index (Jan),,,,,,,
2024-02-29 15:30:00,Natural Gas Storage,,,,,,,
2024-02-29 15:45:00,OPEC Crude oil Production Iraq (Barrel),,,,,,,
2024-02-29 15:45:00,OPEC Crude Oil Production Algeria (Barrel),,,,,,,
2024-02-29 15:45:00,OPEC Crude Oil Production Congo (Barrel),,,,,,,
2024-02-29 15:45:00,OPEC Crude Oil Production Gabon (Barrel),,,,,,,
2024-02-29 15:45:00,OPEC Crude oil Production Iran (Barrel),,,,,,,
2024-02-29 15:45:00,OPEC Crude Oil Production Guinea (Barrel),,,,,,,
2024-02-29 15:45:00,OPEC Crude Oil Production Libya (Barrel),,,,,,,
2024-02-29 15:45:00,OPEC Crude Oil Production Nigeria (Barrel),,,,,,,
2024-02-29 15:45:00,OPEC Crude oil Production Saudi Arabia (Barrel),,,,,,,
2024-02-29 15:45:00,OPEC Crude oil Production UAE (Barrel),,,,,,,
2024-02-29 15:45:00,OPEC Crude oil Production Venezuela (Barrel),,,,,,,
2024-02-29 15:45:00,OPEC Crude Oil Production Kuwait (Barrel),,,,,,,
2024-02-29 15:50:00,FOMC Member Bostic Speaks,,,,,,,
2024-02-29 16:00:00,KC Fed Manufacturing Index (Feb),,,,,,,
2024-02-29 16:00:00,Fed Goolsbee Speaks,,,,,,,
2024-02-29 16:00:00,KC Fed Composite Index (Feb),,,,,,,
2024-02-29 16:30:00,8-Week Bill Auction,,,,,,,
2024-02-29 16:30:00,4-Week Bill Auction,,,,,,,
2024-02-29 16:30:00,Atlanta Fed GDPNow (Q1),,,,,,,
2024-02-29 18:15:00,FOMC Member Mester Speaks,,,,,,,
2024-02-29 21:30:00,Fed's Balance Sheet,,,,,,,
2024-02-29 21:30:00,Reserve Balances with Federal Reserve Banks,,,,,,,
2024-02-29 22:00:00,Fed Goolsbee Speaks,,,,,,,
2024-03-01 01:10:00,FOMC Member Williams Speaks,,,,,,,
2024-03-01 14:45:00,S&P Global US Manufacturing PMI (Feb),,,,,,,
2024-03-01 15:00:00,ISM Manufacturing PMI (Feb),,,,,,,
2024-03-01 15:00:00,Construction Spending (MoM) (Jan),,,,,,,
2024-03-01 15:00:00,ISM Manufacturing Employment (Feb),,,,,,,
2024-03-01 15:00:00,ISM Manufacturing New Orders Index (Feb),,,,,,,
2024-03-01 15:00:00,Michigan 1-Year Inflation Expectations (Feb),,,,,,,
2024-03-01 15:00:00,Michigan 5-Year Inflation Expectations (Feb),,,,,,,
2024-03-01 15:00:00,Michigan Consumer Sentiment (Feb),,,,,,,
2024-03-01 15:00:00,Michigan Current Conditions (Feb),,,,,,,
2024-03-01 15:00:00,Michigan Consumer Expectations (Feb),,,,,,,
2024-03-01 15:00:00,ISM Manufacturing Prices (Feb),,,,,,,
2024-03-01 15:15:00,Fed Logan Speaks,,,,,,,
2024-03-01 15:15:00,Fed Waller Speaks,,,,,,,
2024-03-01 17:15:00,FOMC Member Bostic Speaks,,,,,,,
2024-03-01 18:00:00,U.S. Baker Hughes Total Rig Count,,,,,,,
2024-03-01 18:00:00,Atlanta Fed GDPNow (Q1),,,,,,,
2024-03-01 18:00:00,U.S. Baker Hughes Oil Rig Count,,,,,,,
2024-03-01 18:30:00,FOMC Member Daly Speaks,,,,,,,
2024-03-01 20:30:00,CFTC Aluminium speculative net positions,,,,,,,
2024-03-01 20:30:00,CFTC Nasdaq 100 speculative net positions,,,,,,,
2024-03-01 20:30:00,CFTC Gold speculative net positions,,,,,,,
2024-03-01 20:30:00,CFTC Copper speculative net positions,,,,,,,
2024-03-01 20:30:00,CFTC Natural Gas speculative net positions,,,,,,,
2024-03-01 20:30:00,CFTC Crude Oil speculative net positions,,,,,,,
2024-03-01 20:30:00,CFTC S&P 500 speculative net positions,,,,,,,
2024-03-01 20:30:00,CFTC Corn speculative net positions,,,,,,,
2024-03-01 20:30:00,CFTC Soybeans speculative net positions,,,,,,,
2024-03-01 20:30:00,CFTC Silver speculative net positions,,,,,,,
2024-03-01 20:30:00,CFTC Wheat speculative net positions,,,,,,,
2024-03-04 13:00:00,All Car Sales (Feb),,,,,,,
2024-03-04 13:00:00,All Truck Sales (Feb),,,,,,,
2024-03-04 16:00:00,FOMC Member Harker Speaks,,,,,,,
2024-03-04 16:30:00,3-Month Bill Auction,,,,,,,
2024-03-04 16:30:00,6-Month Bill Auction,,,,,,,
2024-03-05 11:15:00,Total Vehicle Sales,,,,,,,
2024-03-05 13:55:00,Redbook (YoY),,,,,,,
2024-03-05 14:45:00,S&P Global Services PMI (Feb),,,,,,,
2024-03-05 14:45:00,S&P Global Composite PMI (Feb),,,,,,,
2024-03-05 15:00:00,Durables Excluding Defense (MoM) (Jan),,,,,,,
2024-03-05 15:00:00,Durables Excluding Transport (MoM) (Jan),,,,,,,
2024-03-05 15:00:00,Factory Orders (MoM) (Jan),,,,,,,
2024-03-05 15:00:00,Factory orders ex transportation (MoM) (Jan),,,,,,,
2024-03-05 15:00:00,ISM Non-Manufacturing Business Activity (Feb),,,,,,,
2024-03-05 15:00:00,ISM Non-Manufacturing Employment (Feb),,,,,,,
2024-03-05 15:00:00,ISM Non-Manufacturing New Orders (Feb),,,,,,,
2024-03-05 15:00:00,ISM Non-Manufacturing PMI (Feb),,,,,,,
2024-03-05 15:00:00,ISM Non-Manufacturing Prices (Feb),,,,,,,
2024-03-05 17:00:00,Fed Vice Chair for Supervision Barr Speaks,,,,,,,
2024-03-05 20:30:00,Fed Vice Chair for Supervision Barr Speaks,,,,,,,
2024-03-05 21:30:00,API Weekly Crude Oil Stock,,,,,,,
2024-03-06 12:00:00,MBA 30-Year Mortgage Rate,,,,,,,
2024-03-06 12:00:00,MBA Mortgage Applications (WoW),,,,,,,
2024-03-06 12:00:00,MBA Purchase Index,,,,,,,
2024-03-06 12:00:00,Mortgage Market Index,,,,,,,
2024-03-06 12:00:00,Mortgage Refinance Index,,,,,,,
2024-03-06 13:15:00,ADP Nonfarm Employment Change (Feb),,,,,,,
2024-03-06 15:00:00,JOLTs Job Openings (Jan),,,,,,,
2024-03-06 15:00:00,Wholesale Inventories (MoM) (Jan),,,,,,,
2024-03-06 15:00:00,Wholesale Trade Sales (MoM) (Jan),,,,,,,
2024-03-06 15:00:00,Fed Chair Powell Testifies,,,,,,,
2024-03-06 15:30:00,EIA Refinery Crude Runs (WoW),,,,,,,
2024-03-06 15:30:00,Heating Oil Stockpiles,,,,,,,
2024-03-06 15:30:00,IBD/TIPP Economic Optimism,,,,,,,
2024-03-06 15:30:00,Gasoline Inventories,,,,,,,
2024-03-06 15:30:00,EIA Weekly Refinery Utilization Rates (WoW),,,,,,,
2024-03-06 15:30:00,Gasoline Production,,,,,,,
2024-03-06 15:30:00,Crude Oil Inventories,,,,,,,
2024-03-06 15:30:00,Distillate Fuel Production,,,,,,,
2024-03-06 15:30:00,Cushing Crude Oil Inventories,,,,,,,
2024-03-06 15:30:00,Crude Oil Imports,,,,,,,
2024-03-06 15:30:00,EIA Weekly Distillates Stocks,,,,,,,
2024-03-06 17:00:00,FOMC Member Daly Speaks,,,,,,,
2024-03-06 18:00:00,Atlanta Fed GDPNow (Q1),,,,,,,
2024-03-06 19:00:00,Beige Book,,,,,,,
2024-03-06 20:15:00,FOMC Member Kashkari Speaks,,,,,,,
2024-03-07 12:30:00,Challenger Job Cuts (YoY),,,,,,,
2024-03-07 12:30:00,Challenger Job Cuts (Feb),,,,,,,
2024-03-07 13:30:00,Unit Labor Costs (QoQ) (Q4),,,,,,,
2024-03-07 13:30:00,Nonfarm Productivity (QoQ) (Q4),,,,,,,
2024-03-07 13:30:00,Trade Balance (Jan),,,,,,,
2024-03-07 13:30:00,Jobless Claims 4-Week Avg.,,,,,,,
2024-03-07 13:30:00,Continuing Jobless Claims,,,,,,,
2024-03-07 13:30:00,Imports,,,,,,,
2024-03-07 13:30:00,Exports,,,,,,,
2024-03-07 13:30:00,Initial Jobless Claims,,,,,,,
2024-03-07 15:00:00,Fed Chair Powell Testifies,,,,,,,
2024-03-07 15:30:00,Natural Gas Storage,,,,,,,
2024-03-07 16:30:00,4-Week Bill Auction,,,,,,,
2024-03-07 16:30:00,8-Week Bill Auction,,,,,,,
2024-03-07 16:30:00,Atlanta Fed GDPNow (Q1),,,,,,,
2024-03-07 16:30:00,FOMC Member Mester Speaks,,,,,,,
2024-03-07 20:00:00,Consumer Credit (Jan),,,,,,,
2024-03-07 21:30:00,Reserve Balances with Federal Reserve Banks,,,,,,,
2024-03-07 21:30:00,Fed's Balance Sheet,,,,,,,
2024-03-08 02:00:00,U.S. President Biden Speaks,,,,,,,
2024-03-08 12:00:00,FOMC Member Williams Speaks,,,,,,,
2024-03-08 13:30:00,Average Hourly Earnings (MoM) (Feb),,,,,,,
2024-03-08 13:30:00,Average Weekly Hours (Feb),,,,,,,
2024-03-08 13:30:00,Average Hourly Earnings (YoY) (YoY) (Feb),,,,,,,
2024-03-08 13:30:00,Manufacturing Payrolls (Feb),,,,,,,
2024-03-08 13:30:00,Government Payrolls (Feb),,,,,,,
2024-03-08 13:30:00,Participation Rate (Feb),,,,,,,
2024-03-08 13:30:00,Nonfarm Payrolls (Feb),,,,,,,
2024-03-08 13:30:00,Private Nonfarm Payrolls (Feb),,,,,,,
2024-03-08 13:30:00,U6 Unemployment Rate (Feb),,,,,,,
2024-03-08 13:30:00,Unemployment Rate (Feb),,,,,,,
2024-03-08 17:00:00,WASDE Report,,,,,,,
2024-03-08 18:00:00,U.S. Baker Hughes Oil Rig Count,,,,,,,
2024-03-08 18:00:00,U.S. Baker Hughes Total Rig Count,,,,,,,
2024-03-08 20:30:00,CFTC Nasdaq 100 speculative net positions,,,,,,,
2024-03-08 20:30:00,CFTC Aluminium speculative net positions,,,,,,,
2024-03-08 20:30:00,CFTC Copper speculative net positions,,,,,,,
2024-03-08 20:30:00,CFTC Corn speculative net positions,,,,,,,
2024-03-08 20:30:00,CFTC Gold speculative net positions,,,,,,,
2024-03-08 20:30:00,CFTC Silver speculative net positions,,,,,,,
2024-03-08 20:30:00,CFTC Natural Gas speculative net positions,,,,,,,
2024-03-08 20:30:00,CFTC S&P 500 speculative net positions,,,,,,,
2024-03-08 20:30:00,CFTC Soybeans speculative net positions,,,,,,,
2024-03-08 20:30:00,CFTC Wheat speculative net positions,,,,,,,
2024-03-08 20:30:00,CFTC Crude Oil speculative net positions,,,,,,,
2024-03-11 14:00:00,CB Employment Trends Index (Feb),,,,,,,
2024-03-11 15:00:00,NY Fed 1-Year Consumer Inflation Expectations,,,,,,,
2024-03-11 15:30:00,3-Month Bill Auction,,,,,,,
2024-03-11 15:30:00,6-Month Bill Auction,,,,,,,
2024-03-11 17:00:00,3-Year Note Auction,,,,,,,
2024-03-12 10:00:00,NFIB Small Business Optimism (Feb),,,,,,,
2024-03-12 12:00:00,OPEC Monthly Report,,,,,,,
2024-03-12 12:30:00,Real Earnings (MoM) (Feb),,,,,,,
2024-03-12 12:30:00,"CPI Index, s.a (Feb)",,,,,,,
2024-03-12 12:30:00,"CPI Index, n.s.a. (Feb)",,,,,,,
2024-03-12 12:30:00,CPI (MoM) (Feb),,,,,,,
2024-03-12 12:30:00,"CPI, n.s.a (MoM) (Feb)",,,,,,,
2024-03-12 12:30:00,Core CPI Index (Feb),,,,,,,
2024-03-12 12:30:00,Core CPI (YoY) (Feb),,,,,,,
2024-03-12 12:30:00,Core CPI (MoM) (Feb),,,,,,,
2024-03-12 12:30:00,CPI (YoY) (Feb),,,,,,,
2024-03-12 12:55:00,Redbook (YoY),,,,,,,
2024-03-12 15:00:00,Cleveland CPI (MoM) (Feb),,,,,,,
2024-03-12 16:00:00,EIA Short-Term Energy Outlook,,,,,,,
2024-03-12 17:00:00,10-Year Note Auction,,,,,,,
2024-03-12 18:00:00,Federal Budget Balance (Feb),,,,,,,
2024-03-12 20:30:00,API Weekly Crude Oil Stock,,,,,,,
2024-03-13 11:00:00,Mortgage Market Index,,,,,,,
2024-03-13 11:00:00,Mortgage Refinance Index,,,,,,,
2024-03-13 11:00:00,MBA Purchase Index,,,,,,,
2024-03-13 11:00:00,MBA 30-Year Mortgage Rate,,,,,,,
2024-03-13 11:00:00,MBA Mortgage Applications (WoW),,,,,,,
2024-03-13 14:30:00,EIA Refinery Crude Runs (WoW),,,,,,,
2024-03-13 14:30:00,Gasoline Inventories,,,,,,,
2024-03-13 14:30:00,Heating Oil Stockpiles,,,,,,,
2024-03-13 14:30:00,Gasoline Production,,,,,,,
2024-03-13 14:30:00,EIA Weekly Distillates Stocks,,,,,,,
2024-03-13 14:30:00,EIA Weekly Refinery Utilization Rates (WoW),,,,,,,
2024-03-13 14:30:00,Cushing Crude Oil Inventories,,,,,,,
2024-03-13 14:30:00,Crude Oil Inventories,,,,,,,
2024-03-13 14:30:00,Distillate Fuel Production,,,,,,,
2024-03-13 14:30:00,Crude Oil Imports,,,,,,,
2024-03-13 15:00:00,Thomson Reuters IPSOS PCSI (Mar),,,,,,,
2024-03-13 17:00:00,30-Year Bond Auction,,,,,,,
2024-03-14 09:00:00,IEA Monthly Report,,,,,,,
2024-03-14 12:30:00,Continuing Jobless Claims,,,,,,,
2024-03-14 12:30:00,PPI ex. Food/Energy/Transport (YoY) (Feb),,,,,,,
2024-03-14 12:30:00,PPI (YoY) (Feb),,,,,,,
2024-03-14 12:30:00,Initial Jobless Claims,,,,,,,
2024-03-14 12:30:00,Core PPI (MoM) (Feb),,,,,,,
2024-03-14 12:30:00,PPI ex. Food/Energy/Transport (MoM) (Feb),,,,,,,
2024-03-14 12:30:00,Core PPI (YoY) (Feb),,,,,,,
2024-03-14 12:30:00,Retail Control (MoM) (Feb),,,,,,,
2024-03-14 12:30:00,Jobless Claims 4-Week Avg.,,,,,,,
2024-03-14 12:30:00,PPI (MoM) (Feb),,,,,,,
2024-03-14 12:30:00,Retail Sales (MoM) (Feb),,,,,,,
2024-03-14 12:30:00,Retail Sales (YoY) (Feb),,,,,,,
2024-03-14 12:30:00,Retail Sales Ex Gas/Autos (MoM) (Feb),,,,,,,
2024-03-14 12:30:00,Core Retail Sales (MoM) (Feb),,,,,,,
2024-03-14 14:00:00,Business Inventories (MoM) (Jan),,,,,,,
2024-03-14 14:00:00,Retail Inventories Ex Auto (Jan),,,,,,,
2024-03-14 14:30:00,Natural Gas Storage,,,,,,,
2024-03-14 15:30:00,4-Week Bill Auction,,,,,,,
2024-03-14 15:30:00,8-Week Bill Auction,,,,,,,
2024-03-14 18:00:00,Atlanta Fed GDPNow (Q1),,,,,,,
2024-03-14 20:30:00,Reserve Balances with Federal Reserve Banks,,,,,,,
2024-03-14 20:30:00,Fed's Balance Sheet,,,,,,,
2024-03-15 12:30:00,Import Price Index (MoM) (Feb),,,,,,,
2024-03-15 12:30:00,Import Price Index (YoY),,,,,,,
2024-03-15 12:30:00,NY Empire State Manufacturing Index (Mar),,,,,,,
2024-03-15 12:30:00,Export Price Index (MoM) (Feb),,,,,,,
2024-03-15 12:30:00,Export Price Index (YoY),,,,,,,
2024-03-15 13:15:00,Manufacturing Production (MoM) (Feb),,,,,,,
2024-03-15 13:15:00,Industrial Production (MoM) (Feb),,,,,,,
2024-03-15 13:15:00,Capacity Utilization Rate (Feb),,,,,,,
2024-03-15 13:15:00,Industrial Production (YoY) (Feb),,,,,,,
2024-03-15 14:00:00,Michigan Consumer Sentiment (Mar),,,,,,,
2024-03-15 14:00:00,Michigan Consumer Expectations (Mar),,,,,,,
2024-03-15 14:00:00,Michigan Current Conditions (Mar),,,,,,,
2024-03-15 14:00:00,Michigan 1-Year Inflation Expectations (Mar),,,,,,,
2024-03-15 14:00:00,Michigan 5-Year Inflation Expectations (Mar),,,,,,,
2024-03-15 17:00:00,U.S. Baker Hughes Oil Rig Count,,,,,,,
2024-03-15 17:00:00,U.S. Baker Hughes Total Rig Count,,,,,,,
2024-03-15 20:30:00,CFTC Soybeans speculative net positions,,,,,,,
2024-03-15 20:30:00,CFTC Silver speculative net positions,,,,,,,
2024-03-15 20:30:00,CFTC S&P 500 speculative net positions,,,,,,,
2024-03-15 20:30:00,CFTC Natural Gas speculative net positions,,,,,,,
2024-03-15 20:30:00,CFTC Nasdaq 100 speculative net positions,,,,,,,
2024-03-15 20:30:00,CFTC Corn speculative net positions,,,,,,,
2024-03-15 20:30:00,CFTC Crude Oil speculative net positions,,,,,,,
2024-03-15 20:30:00,CFTC Copper speculative net positions,,,,,,,
2024-03-15 20:30:00,CFTC Aluminium speculative net positions,,,,,,,
2024-03-15 20:30:00,CFTC Wheat speculative net positions,,,,,,,
2024-03-15 20:30:00,CFTC Gold speculative net positions,,,,,,,
2024-03-18 14:00:00,NAHB Housing Market Index (Mar),,,,,,,
2024-03-18 15:30:00,3-Month Bill Auction,,,,,,,
2024-03-18 15:30:00,6-Month Bill Auction,,,,,,,
2024-03-19 12:30:00,Housing Starts (Feb),,,,,,,
2024-03-19 12:30:00,Housing Starts (MoM) (Feb),,,,,,,
2024-03-19 12:30:00,Building Permits (MoM) (Feb),,,,,,,
2024-03-19 12:30:00,Building Permits (Feb),,,,,,,
2024-03-19 12:55:00,Redbook (YoY),,,,,,,
2024-03-19 15:30:00,52-Week Bill Auction,,,,,,,
2024-03-19 16:30:00,Atlanta Fed GDPNow (Q1),,,,,,,
2024-03-19 17:00:00,20-Year Bond Auction,,,,,,,
2024-03-19 20:00:00,TIC Net Long-Term Transactions including Swaps (Jan),,,,,,,
2024-03-19 20:00:00,TIC Net Long-Term Transactions (Jan),,,,,,,
2024-03-19 20:00:00,"US Foreign Buying, T-bonds (Jan)",,,,,,,
2024-03-19 20:00:00,Overall Net Capital Flow (Jan),,,,,,,
2024-03-19 20:30:00,API Weekly Crude Oil Stock,,,,,,,
2024-03-20 11:00:00,Mortgage Market Index,,,,,,,
2024-03-20 11:00:00,MBA Purchase Index,,,,,,,
2024-03-20 11:00:00,Mortgage Refinance Index,,,,,,,
2024-03-20 11:00:00,MBA 30-Year Mortgage Rate,,,,,,,
2024-03-20 11:00:00,MBA Mortgage Applications (WoW),,,,,,,
2024-03-20 14:30:00,Crude Oil Inventories,,,,,,,
2024-03-20 14:30:00,Distillate Fuel Production,,,,,,,
2024-03-20 14:30:00,EIA Refinery Crude Runs (WoW),,,,,,,
2024-03-20 14:30:00,Crude Oil Imports,,,,,,,
2024-03-20 14:30:00,Cushing Crude Oil Inventories,,,,,,,
2024-03-20 14:30:00,Heating Oil Stockpiles,,,,,,,
2024-03-20 14:30:00,EIA Weekly Distillates Stocks,,,,,,,
2024-03-20 14:30:00,Gasoline Inventories,,,,,,,
2024-03-20 14:30:00,Gasoline Production,,,,,,,
2024-03-20 14:30:00,EIA Weekly Refinery Utilization Rates (WoW),,,,,,,
2024-03-20 18:00:00,Fed Interest Rate Decision,,,,,,,
2024-03-20 18:00:00,FOMC Statement,,,,,,,
2024-03-20 18:00:00,FOMC Economic Projections,,,,,,,
2024-03-20 18:00:00,Interest Rate Projection - Longer (Q1),,,,,,,
2024-03-20 18:00:00,Interest Rate Projection - 2nd Yr (Q1),,,,,,,
2024-03-20 18:00:00,Interest Rate Projection - 1st Yr (Q1),,,,,,,
2024-03-20 18:00:00,Interest Rate Projection - Current (Q1),,,,,,,
2024-03-20 18:30:00,FOMC Press Conference,,,,,,,
2024-03-21 12:30:00,Philadelphia Fed Manufacturing Index (Mar),,,,,,,
2024-03-21 12:30:00,Continuing Jobless Claims,,,,,,,
2024-03-21 12:30:00,Current Account (Q4),,,,,,,
2024-03-21 12:30:00,Initial Jobless Claims,,,,,,,
2024-03-21 12:30:00,Jobless Claims 4-Week Avg.,,,,,,,
2024-03-21 12:30:00,Philly Fed Business Conditions (Mar),,,,,,,
2024-03-21 12:30:00,Philly Fed Employment (Mar),,,,,,,
2024-03-21 12:30:00,Philly Fed New Orders (Mar),,,,,,,
2024-03-21 12:30:00,Philly Fed Prices Paid (Mar),,,,,,,
2024-03-21 12:30:00,Philly Fed CAPEX Index (Mar),,,,,,,
2024-03-21 13:45:00,S&P Global Services PMI (Mar),,,,,,,
2024-03-21 13:45:00,S&P Global US Manufacturing PMI (Mar),,,,,,,
2024-03-21 13:45:00,S&P Global Composite PMI (Mar),,,,,,,
2024-03-21 14:00:00,Existing Home Sales (Feb),,,,,,,
2024-03-21 14:00:00,US Leading Index (MoM) (Feb),,,,,,,
2024-03-21 14:00:00,Existing Home Sales (MoM) (Feb),,,,,,,
2024-03-21 14:30:00,Natural Gas Storage,,,,,,,
2024-03-21 15:30:00,4-Week Bill Auction,,,,,,,
2024-03-21 15:30:00,8-Week Bill Auction,,,,,,,
2024-03-21 16:00:00,Fed Vice Chair for Supervision Barr Speaks,,,,,,,
2024-03-21 17:00:00,10-Year TIPS Auction,,,,,,,
2024-03-21 20:30:00,Reserve Balances with Federal Reserve Banks,,,,,,,
2024-03-21 20:30:00,Fed's Balance Sheet,,,,,,,
2024-03-22 13:00:00,Fed Chair Powell Speaks,,,,,,,
2024-03-22 16:00:00,Fed Vice Chair for Supervision Barr Speaks,,,,,,,
2024-03-22 17:00:00,U.S. Baker Hughes Oil Rig Count,,,,,,,
2024-03-22 17:00:00,U.S. Baker Hughes Total Rig Count,,,,,,,
2024-03-22 19:30:00,CFTC Soybeans speculative net positions,,,,,,,
2024-03-22 19:30:00,CFTC Wheat speculative net positions,,,,,,,
2024-03-22 19:30:00,CFTC Copper speculative net positions,,,,,,,
2024-03-22 19:30:00,CFTC Corn speculative net positions,,,,,,,
2024-03-22 19:30:00,CFTC Crude Oil speculative net positions,,,,,,,
2024-03-22 19:30:00,CFTC Gold speculative net positions,,,,,,,
2024-03-22 19:30:00,CFTC Nasdaq 100 speculative net positions,,,,,,,
2024-03-22 19:30:00,CFTC S&P 500 speculative net positions,,,,,,,
2024-03-22 19:30:00,CFTC Silver speculative net positions,,,,,,,
2024-03-22 19:30:00,CFTC Natural Gas speculative net positions,,,,,,,
2024-03-22 19:30:00,CFTC Aluminium speculative net positions,,,,,,,
2024-03-22 20:00:00,FOMC Member Bostic Speaks,,,,,,,
2024-03-25 11:20:00,Building Permits (MoM),,,,,,,
2024-03-25 11:20:00,Building Permits,,,,,,,
2024-03-25 12:25:00,FOMC Member Bostic Speaks,,,,,,,
2024-03-25 12:30:00,Chicago Fed National Activity (Feb),,,,,,,
2024-03-25 14:00:00,New Home Sales (Feb),,,,,,,
2024-03-25 14:00:00,New Home Sales (MoM) (Feb),,,,,,,
2024-03-25 14:30:00,Fed Governor Cook Speaks,,,,,,,
2024-03-25 14:30:00,Dallas Fed Mfg Business Index (Mar),,,,,,,
2024-03-25 15:30:00,6-Month Bill Auction,,,,,,,
2024-03-25 15:30:00,3-Month Bill Auction,,,,,,,
2024-03-25 17:00:00,2-Year Note Auction,,,,,,,
2024-03-26 12:30:00,Durables Excluding Defense (MoM) (Feb),,,,,,,
2024-03-26 12:30:00,Goods Orders Non Defense Ex Air (MoM) (Feb),,,,,,,
2024-03-26 12:30:00,Core Durable Goods Orders (MoM) (Feb),,,,,,,
2024-03-26 12:30:00,Durable Goods Orders (MoM) (Feb),,,,,,,
2024-03-26 12:55:00,Redbook (YoY),,,,,,,
2024-03-26 13:00:00,S&P/CS HPI Composite - 20 n.s.a. (YoY) (Jan),,,,,,,
2024-03-26 13:00:00,S&P/CS HPI Composite - 20 n.s.a. (MoM) (Jan),,,,,,,
2024-03-26 13:00:00,S&P/CS HPI Composite - 20 s.a. (MoM) (Jan),,,,,,,
2024-03-26 13:00:00,House Price Index (YoY) (Jan),,,,,,,
2024-03-26 13:00:00,House Price Index (MoM) (Jan),,,,,,,
2024-03-26 13:00:00,House Price Index (Jan),,,,,,,
2024-03-26 14:00:00,Richmond Manufacturing Shipments (Mar),,,,,,,
2024-03-26 14:00:00,CB Consumer Confidence (Mar),,,,,,,
2024-03-26 14:00:00,Richmond Manufacturing Index (Mar),,,,,,,
2024-03-26 14:00:00,Richmond Services Index (Mar),,,,,,,
2024-03-26 14:30:00,Dallas Fed Services Revenues (Mar),,,,,,,
2024-03-26 14:30:00,Texas Services Sector Outlook (Mar),,,,,,,
2024-03-26 16:30:00,Atlanta Fed GDPNow (Q1),,,,,,,
2024-03-26 17:00:00,5-Year Note Auction,,,,,,,
2024-03-26 17:00:00,M2 Money Supply (MoM) (Feb),,,,,,,
2024-03-26 20:30:00,API Weekly Crude Oil Stock,,,,,,,
2024-03-27 11:00:00,MBA 30-Year Mortgage Rate,,,,,,,
2024-03-27 11:00:00,MBA Mortgage Applications (WoW),,,,,,,
2024-03-27 11:00:00,MBA Purchase Index,,,,,,,
2024-03-27 11:00:00,Mortgage Market Index,,,,,,,
2024-03-27 11:00:00,Mortgage Refinance Index,,,,,,,
2024-03-27 14:30:00,EIA Weekly Distillates Stocks,,,,,,,
2024-03-27 14:30:00,Crude Oil Inventories,,,,,,,
2024-03-27 14:30:00,EIA Refinery Crude Runs (WoW),,,,,,,
2024-03-27 14:30:00,Crude Oil Imports,,,,,,,
2024-03-27 14:30:00,Cushing Crude Oil Inventories,,,,,,,
2024-03-27 14:30:00,Heating Oil Stockpiles,,,,,,,
2024-03-27 14:30:00,Gasoline Production,,,,,,,
2024-03-27 14:30:00,EIA Weekly Refinery Utilization Rates (WoW),,,,,,,
2024-03-27 14:30:00,Gasoline Inventories,,,,,,,
2024-03-27 14:30:00,Distillate Fuel Production,,,,,,,
2024-03-27 17:00:00,7-Year Note Auction,,,,,,,
2024-03-27 22:00:00,Fed Waller Speaks,,,,,,,
2024-03-28 12:30:00,Core PCE Prices (Q4),,,,,,,
2024-03-28 12:30:00,Jobless Claims 4-Week Avg.,,,,,,,
2024-03-28 12:30:00,Corporate Profits (QoQ) (Q3),,,,,,,
2024-03-28 12:30:00,Continuing Jobless Claims,,,,,,,
2024-03-28 12:30:00,GDP (QoQ) (Q4),,,,,,,
2024-03-28 12:30:00,Real Consumer Spending (Q4),,,,,,,
2024-03-28 12:30:00,GDP Sales (Q4),,,,,,,
2024-03-28 12:30:00,Initial Jobless Claims,,,,,,,
2024-03-28 12:30:00,PCE Prices (Q4),,,,,,,
2024-03-28 12:30:00,GDP Price Index (QoQ) (Q4),,,,,,,
2024-03-28 13:45:00,Chicago PMI (Mar),,,,,,,
2024-03-28 14:00:00,Pending Home Sales Index (Feb),,,,,,,
2024-03-28 14:00:00,Michigan Current Conditions (Mar),,,,,,,
2024-03-28 14:00:00,Michigan Consumer Sentiment (Mar),,,,,,,
2024-03-28 14:00:00,Pending Home Sales (MoM) (Feb),,,,,,,
2024-03-28 14:00:00,Michigan 5-Year Inflation Expectations (Mar),,,,,,,
2024-03-28 14:00:00,Michigan 1-Year Inflation Expectations (Mar),,,,,,,
2024-03-28 14:00:00,Michigan Consumer Expectations (Mar),,,,,,,
2024-03-28 14:30:00,Natural Gas Storage,,,,,,,
2024-03-28 15:00:00,KC Fed Composite Index (Mar),,,,,,,
2024-03-28 15:00:00,KC Fed Manufacturing Index (Mar),,,,,,,
2024-03-28 15:30:00,8-Week Bill Auction,,,,,,,
2024-03-28 15:30:00,4-Week Bill Auction,,,,,,,
2024-03-28 17:00:00,U.S. Baker Hughes Total Rig Count,,,,,,,
2024-03-28 17:00:00,U.S. Baker Hughes Oil Rig Count,,,,,,,
2024-03-28 20:30:00,Reserve Balances with Federal Reserve Banks,,,,,,,
2024-03-28 20:30:00,Fed's Balance Sheet,,,,,,,
2024-03-29 12:30:00,Core PCE Price Index (YoY) (Feb),,,,,,,
2024-03-29 12:30:00,Core PCE Price Index (MoM) (Feb),,,,,,,
2024-03-29 12:30:00,Goods Trade Balance (Feb),,,,,,,
2024-03-29 12:30:00,PCE price index (MoM) (Feb),,,,,,,
2024-03-29 12:30:00,PCE Price index (YoY) (Feb),,,,,,,
2024-03-29 12:30:00,Personal Spending (MoM) (Feb),,,,,,,
2024-03-29 12:30:00,Wholesale Inventories (MoM) (Feb),,,,,,,
2024-03-29 12:30:00,Real Personal Consumption (MoM) (Feb),,,,,,,
2024-03-29 12:30:00,Retail Inventories Ex Auto (Feb),,,,,,,
2024-03-29 12:30:00,Personal Income (MoM) (Feb),,,,,,,
2024-03-29 13:00:00,Dallas Fed PCE (Feb),,,,,,,
2024-03-29 14:00:00,OPEC Crude Oil Production Gabon (Barrel),,,,,,,
2024-03-29 14:00:00,OPEC Crude oil Production Iraq (Barrel),,,,,,,
2024-03-29 14:00:00,OPEC Crude Oil Production Algeria (Barrel),,,,,,,
2024-03-29 14:00:00,OPEC Crude Oil Production Congo (Barrel),,,,,,,
2024-03-29 14:00:00,OPEC Crude oil Production Iran (Barrel),,,,,,,
2024-03-29 14:00:00,OPEC Crude Oil Production Guinea (Barrel),,,,,,,
2024-03-29 14:00:00,OPEC Crude Oil Production Kuwait (Barrel),,,,,,,
2024-03-29 14:00:00,OPEC Crude Oil Production Nigeria (Barrel),,,,,,,
2024-03-29 14:00:00,OPEC Crude oil Production Saudi Arabia (Barrel),,,,,,,
2024-03-29 14:00:00,OPEC Crude oil Production UAE (Barrel),,,,,,,
2024-03-29 14:00:00,OPEC Crude oil Production Venezuela (Barrel),,,,,,,
2024-03-29 14:00:00,OPEC Crude Oil Production Libya (Barrel),,,,,,,
2024-03-29 15:20:00,FOMC Member Daly Speaks,,,,,,,
2024-03-29 15:30:00,Fed Chair Powell Speaks,,,,,,,
2024-03-29 16:30:00,Atlanta Fed GDPNow (Q1),,,,,,,
2024-03-29 19:30:00,CFTC Aluminium speculative net positions,,,,,,,
2024-03-29 19:30:00,CFTC Gold speculative net positions,,,,,,,
2024-03-29 19:30:00,CFTC Copper speculative net positions,,,,,,,
2024-03-29 19:30:00,CFTC Corn speculative net positions,,,,,,,
2024-03-29 19:30:00,CFTC Crude Oil speculative net positions,,,,,,,
2024-03-29 19:30:00,CFTC Soybeans speculative net positions,,,,,,,
2024-03-29 19:30:00,CFTC S&P 500 speculative net positions,,,,,,,
2024-03-29 19:30:00,CFTC Silver speculative net positions,,,,,,,
2024-03-29 19:30:00,CFTC Wheat speculative net positions,,,,,,,
2024-03-29 19:30:00,CFTC Natural Gas speculative net positions,,,,,,,
2024-03-29 19:30:00,CFTC Nasdaq 100 speculative net positions,,,,,,,
2024-04-01 13:45:00,S&P Global US Manufacturing PMI (Mar),,,,,,,
2024-04-01 14:00:00,ISM Manufacturing Employment (Mar),,,,,,,
2024-04-01 14:00:00,Construction Spending (MoM) (Feb),,,,,,,
2024-04-01 14:00:00,ISM Manufacturing PMI (Mar),,,,,,,
2024-04-01 14:00:00,ISM Manufacturing Prices (Mar),,,,,,,
2024-04-01 14:00:00,ISM Manufacturing New Orders Index (Mar),,,,,,,
2024-04-01 15:30:00,3-Month Bill Auction,,,,,,,
2024-04-01 15:30:00,6-Month Bill Auction,,,,,,,
2024-04-01 18:00:00,Atlanta Fed GDPNow (Q1),,,,,,,
2024-04-01 22:50:00,Fed Governor Cook Speaks,,,,,,,
2024-04-02 12:55:00,Redbook (YoY),,,,,,,
2024-04-02 14:00:00,JOLTs Job Openings (Feb),,,,,,,
2024-04-02 14:00:00,Factory orders ex transportation (MoM) (Feb),,,,,,,
2024-04-02 14:00:00,Durables Excluding Defense (MoM) (Feb),,,,,,,
2024-04-02 14:00:00,Durables Excluding Transport (MoM) (Feb),,,,,,,
2024-04-02 14:00:00,Factory Orders (MoM) (Feb),,,,,,,
2024-04-02 14:10:00,FOMC Member Bowman Speaks,,,,,,,
2024-04-02 16:00:00,FOMC Member Williams Speaks,,,,,,,
2024-04-02 16:05:00,FOMC Member Mester Speaks,,,,,,,
2024-04-02 17:30:00,FOMC Member Daly Speaks,,,,,,,
2024-04-02 20:30:00,API Weekly Crude Oil Stock,,,,,,,
2024-04-02 22:00:00,Total Vehicle Sales,,,,,,,
2024-04-03 09:15:00,OPEC Meeting,,,,,,,
2024-04-03 11:00:00,MBA Purchase Index,,,,,,,
2024-04-03 11:00:00,Mortgage Refinance Index,,,,,,,
2024-04-03 11:00:00,Mortgage Market Index,,,,,,,
2024-04-03 11:00:00,MBA 30-Year Mortgage Rate,,,,,,,
2024-04-03 11:00:00,MBA Mortgage Applications (WoW),,,,,,,
2024-04-03 12:15:00,ADP Nonfarm Employment Change (Mar),,,,,,,
2024-04-03 12:30:00,FOMC Member Bostic Speaks,,,,,,,
2024-04-03 12:40:00,All Truck Sales (Mar),,,,,,,
2024-04-03 12:40:00,All Car Sales (Mar),,,,,,,
2024-04-03 13:45:00,FOMC Member Bowman Speaks,,,,,,,
2024-04-03 13:45:00,S&P Global Composite PMI (Mar),,,,,,,
2024-04-03 13:45:00,S&P Global Services PMI (Mar),,,,,,,
2024-04-03 14:00:00,ISM Non-Manufacturing Prices (Mar),,,,,,,
2024-04-03 14:00:00,ISM Non-Manufacturing Business Activity (Mar),,,,,,,
2024-04-03 14:00:00,ISM Non-Manufacturing Employment (Mar),,,,,,,
2024-04-03 14:00:00,ISM Non-Manufacturing New Orders (Mar),,,,,,,
2024-04-03 14:00:00,ISM Non-Manufacturing PMI (Mar),,,,,,,
2024-04-03 14:30:00,EIA Refinery Crude Runs (WoW),,,,,,,
2024-04-03 14:30:00,EIA Weekly Refinery Utilization Rates (WoW),,,,,,,
2024-04-03 14:30:00,Crude Oil Imports,,,,,,,
2024-04-03 14:30:00,Distillate Fuel Production,,,,,,,
2024-04-03 14:30:00,Crude Oil Inventories,,,,,,,
2024-04-03 14:30:00,Gasoline Inventories,,,,,,,
2024-04-03 14:30:00,Heating Oil Stockpiles,,,,,,,
2024-04-03 14:30:00,Gasoline Production,,,,,,,
2024-04-03 14:30:00,Cushing Crude Oil Inventories,,,,,,,
2024-04-03 14:30:00,EIA Weekly Distillates Stocks,,,,,,,
2024-04-03 16:00:00,Fed Goolsbee Speaks,,,,,,,
2024-04-03 16:10:00,Fed Chair Powell Speaks,,,,,,,
2024-04-03 17:10:00,Fed Vice Chair for Supervision Barr Speaks,,,,,,,
2024-04-04 11:30:00,Challenger Job Cuts (YoY),,,,,,,
2024-04-04 11:30:00,Challenger Job Cuts (Mar),,,,,,,
2024-04-04 12:30:00,Initial Jobless Claims,,,,,,,
2024-04-04 12:30:00,Trade Balance (Feb),,,,,,,
2024-04-04 12:30:00,Jobless Claims 4-Week Avg.,,,,,,,
2024-04-04 12:30:00,Imports,,,,,,,
2024-04-04 12:30:00,Continuing Jobless Claims,,,,,,,
2024-04-04 12:30:00,Exports,,,,,,,
2024-04-04 14:30:00,Natural Gas Storage,,,,,,,
2024-04-04 15:30:00,4-Week Bill Auction,,,,,,,
2024-04-04 15:30:00,8-Week Bill Auction,,,,,,,
2024-04-04 16:15:00,FOMC Member Barkin Speaks,,,,,,,
2024-04-04 16:30:00,Atlanta Fed GDPNow (Q1),,,,,,,
2024-04-04 16:45:00,Fed Goolsbee Speaks,,,,,,,
2024-04-04 18:00:00,FOMC Member Mester Speaks,,,,,,,
2024-04-04 20:30:00,Reserve Balances with Federal Reserve Banks,,,,,,,
2024-04-04 20:30:00,Fed's Balance Sheet,,,,,,,
2024-04-05 12:30:00,Private Nonfarm Payrolls (Mar),,,,,,,
2024-04-05 12:30:00,Unemployment Rate (Mar),,,,,,,
2024-04-05 12:30:00,U6 Unemployment Rate (Mar),,,,,,,
2024-04-05 12:30:00,Average Hourly Earnings (YoY) (YoY) (Mar),,,,,,,
2024-04-05 12:30:00,Participation Rate (Mar),,,,,,,
2024-04-05 12:30:00,Average Hourly Earnings (MoM) (Mar),,,,,,,
2024-04-05 12:30:00,Manufacturing Payrolls (Mar),,,,,,,
2024-04-05 12:30:00,Government Payrolls (Mar),,,,,,,
2024-04-05 12:30:00,Fed Collins Speaks,,,,,,,
2024-04-05 12:30:00,Average Weekly Hours (Mar),,,,,,,
2024-04-05 12:30:00,Nonfarm Payrolls (Mar),,,,,,,
2024-04-05 13:15:00,FOMC Member Barkin Speaks,,,,,,,
2024-04-05 16:15:00,FOMC Member Bowman Speaks,,,,,,,
2024-04-05 17:00:00,U.S. Baker Hughes Oil Rig Count,,,,,,,
2024-04-05 17:00:00,U.S. Baker Hughes Total Rig Count,,,,,,,
2024-04-05 19:00:00,Consumer Credit (Feb),,,,,,,
2024-04-05 19:30:00,CFTC Aluminium speculative net positions,,,,,,,
2024-04-05 19:30:00,CFTC S&P 500 speculative net positions,,,,,,,
2024-04-05 19:30:00,CFTC Corn speculative net positions,,,,,,,
2024-04-05 19:30:00,CFTC Copper speculative net positions,,,,,,,
2024-04-05 19:30:00,CFTC Nasdaq 100 speculative net positions,,,,,,,
2024-04-05 19:30:00,CFTC Gold speculative net positions,,,,,,,
2024-04-05 19:30:00,CFTC Soybeans speculative net positions,,,,,,,
2024-04-05 19:30:00,CFTC Natural Gas speculative net positions,,,,,,,
2024-04-05 19:30:00,CFTC Wheat speculative net positions,,,,,,,
2024-04-05 19:30:00,CFTC Crude Oil speculative net positions,,,,,,,
2024-04-05 19:30:00,CFTC Silver speculative net positions,,,,,,,
2024-04-08 14:00:00,CB Employment Trends Index (Mar),,,,,,,
2024-04-08 15:00:00,NY Fed 1-Year Consumer Inflation Expectations,,,,,,,
2024-04-08 15:30:00,3-Month Bill Auction,,,,,,,
2024-04-08 15:30:00,6-Month Bill Auction,,,,,,,
2024-04-08 17:00:00,Fed Goolsbee Speaks,,,,,,,
2024-04-08 23:00:00,FOMC Member Kashkari Speaks,,,,,,,
2024-04-09 10:00:00,NFIB Small Business Optimism (Mar),,,,,,,
2024-04-09 12:55:00,Redbook (YoY),,,,,,,
2024-04-09 14:00:00,IBD/TIPP Economic Optimism,,,,,,,
2024-04-09 16:00:00,EIA Short-Term Energy Outlook,,,,,,,
2024-04-09 17:00:00,3-Year Note Auction,,,,,,,
2024-04-09 20:30:00,API Weekly Crude Oil Stock,,,,,,,
2024-04-10 11:00:00,Mortgage Refinance Index,,,,,,,
2024-04-10 11:00:00,MBA 30-Year Mortgage Rate,,,,,,,
2024-04-10 11:00:00,Mortgage Market Index,,,,,,,
2024-04-10 11:00:00,MBA Mortgage Applications (WoW),,,,,,,
2024-04-10 11:00:00,MBA Purchase Index,,,,,,,
2024-04-10 12:30:00,CPI (MoM) (Mar),,,,,,,
2024-04-10 12:30:00,Core CPI (YoY) (Mar),,,,,,,
2024-04-10 12:30:00,Core CPI (MoM) (Mar),,,,,,,
2024-04-10 12:30:00,CPI (YoY) (Mar),,,,,,,
2024-04-10 12:30:00,Core CPI Index (Mar),,,,,,,
2024-04-10 12:30:00,"CPI Index, n.s.a. (Mar)",,,,,,,
2024-04-10 12:30:00,"CPI, n.s.a (MoM) (Mar)",,,,,,,
2024-04-10 12:30:00,Real Earnings (MoM) (Mar),,,,,,,
2024-04-10 12:30:00,"CPI Index, s.a (Mar)",,,,,,,
2024-04-10 12:45:00,FOMC Member Bowman Speaks,,,,,,,
2024-04-10 14:00:00,Wholesale Inventories (MoM) (Feb),,,,,,,
2024-04-10 14:00:00,Wholesale Trade Sales (MoM) (Feb),,,,,,,
2024-04-10 14:30:00,Crude Oil Imports,,,,,,,
2024-04-10 14:30:00,Crude Oil Inventories,,,,,,,
2024-04-10 14:30:00,EIA Refinery Crude Runs (WoW),,,,,,,
2024-04-10 14:30:00,Distillate Fuel Production,,,,,,,
2024-04-10 14:30:00,Cushing Crude Oil Inventories,,,,,,,
2024-04-10 14:30:00,EIA Weekly Distillates Stocks,,,,,,,
2024-04-10 14:30:00,Gasoline Production,,,,,,,
2024-04-10 14:30:00,Heating Oil Stockpiles,,,,,,,
2024-04-10 14:30:00,EIA Weekly Refinery Utilization Rates (WoW),,,,,,,
2024-04-10 14:30:00,Gasoline Inventories,,,,,,,
2024-04-10 15:00:00,Cleveland CPI (MoM) (Mar),,,,,,,
2024-04-10 15:00:00,Thomson Reuters IPSOS PCSI (Apr),,,,,,,
2024-04-10 16:45:00,Fed Goolsbee Speaks,,,,,,,
2024-04-10 16:45:00,FOMC Member Barkin Speaks,,,,,,,
2024-04-10 17:00:00,10-Year Note Auction,,,,,,,
2024-04-10 18:00:00,Federal Budget Balance (Mar),,,,,,,
2024-04-10 18:00:00,FOMC Meeting Minutes,,,,,,,
2024-04-10 18:00:00,Atlanta Fed GDPNow (Q1),,,,,,,
2024-04-11 08:00:00,IEA Monthly Report,,,,,,,
2024-04-11 11:00:00,OPEC Monthly Report,,,,,,,
2024-04-11 12:30:00,PPI ex. Food/Energy/Transport (YoY) (Mar),,,,,,,
2024-04-11 12:30:00,Jobless Claims 4-Week Avg.,,,,,,,
2024-04-11 12:30:00,Core PPI (YoY) (Mar),,,,,,,
2024-04-11 12:30:00,Core PPI (MoM) (Mar),,,,,,,
2024-04-11 12:30:00,Continuing Jobless Claims,,,,,,,
2024-04-11 12:30:00,PPI ex. Food/Energy/Transport (MoM) (Mar),,,,,,,
2024-04-11 12:30:00,Initial Jobless Claims,,,,,,,
2024-04-11 12:30:00,Export Price Index (YoY) (Mar),,,,,,,
2024-04-11 12:30:00,PPI (YoY) (Mar),,,,,,,
2024-04-11 12:30:00,Import Price Index (MoM) (Mar),,,,,,,
2024-04-11 12:30:00,PPI (MoM) (Mar),,,,,,,
2024-04-11 12:30:00,Export Price Index (MoM) (Mar),,,,,,,
2024-04-11 12:30:00,Import Price Index (YoY) (Mar),,,,,,,
2024-04-11 12:45:00,FOMC Member Williams Speaks,,,,,,,
2024-04-11 14:00:00,Michigan Current Conditions (Apr),,,,,,,
2024-04-11 14:00:00,Michigan Consumer Expectations (Apr),,,,,,,
2024-04-11 14:00:00,Michigan 5-Year Inflation Expectations (Apr),,,,,,,
2024-04-11 14:00:00,FOMC Member Barkin Speaks,,,,,,,
2024-04-11 14:00:00,Michigan Consumer Sentiment (Apr),,,,,,,
2024-04-11 14:00:00,Michigan 1-Year Inflation Expectations (Apr),,,,,,,
2024-04-11 14:30:00,Natural Gas Storage,,,,,,,
2024-04-11 15:30:00,8-Week Bill Auction,,,,,,,
2024-04-11 15:30:00,4-Week Bill Auction,,,,,,,
2024-04-11 16:00:00,WASDE Report,,,,,,,
2024-04-11 16:00:00,Fed Collins Speaks,,,,,,,
2024-04-11 17:00:00,U.S. Baker Hughes Total Rig Count,,,,,,,
2024-04-11 17:00:00,30-Year Bond Auction,,,,,,,
2024-04-11 17:00:00,U.S. Baker Hughes Oil Rig Count,,,,,,,
2024-04-11 17:30:00,FOMC Member Bostic Speaks,,,,,,,
2024-04-11 18:30:00,FOMC Member Bostic Speaks,,,,,,,
2024-04-11 19:30:00,CFTC Wheat speculative net positions,,,,,,,
2024-04-11 19:30:00,CFTC Soybeans speculative net positions,,,,,,,
2024-04-11 19:30:00,CFTC Silver speculative net positions,,,,,,,
2024-04-11 19:30:00,CFTC Natural Gas speculative net positions,,,,,,,
2024-04-11 19:30:00,FOMC Member Daly Speaks,,,,,,,
2024-04-11 19:30:00,CFTC S&P 500 speculative net positions,,,,,,,
2024-04-11 19:30:00,CFTC Crude Oil speculative net positions,,,,,,,
2024-04-11 19:30:00,CFTC Corn speculative net positions,,,,,,,
2024-04-11 19:30:00,CFTC Copper speculative net positions,,,,,,,
2024-04-11 19:30:00,CFTC Aluminium speculative net positions,,,,,,,
2024-04-11 19:30:00,CFTC Nasdaq 100 speculative net positions,,,,,,,
2024-04-11 19:30:00,CFTC Gold speculative net positions,,,,,,,
2024-04-11 20:30:00,Reserve Balances with Federal Reserve Banks,,,,,,,
2024-04-11 20:30:00,Fed's Balance Sheet,,,,,,,
2024-04-15 06:30:00,Fed Logan Speaks,,,,,,,
2024-04-15 09:00:00,IMF Meetings,,,,,,,
2024-04-15 12:30:00,FOMC Member Williams Speaks,,,,,,,
2024-04-15 12:30:00,Core Retail Sales (MoM) (Mar),,,,,,,
2024-04-15 12:30:00,Retail Control (MoM) (Mar),,,,,,,
2024-04-15 12:30:00,NY Empire State Manufacturing Index (Apr),,,,,,,
2024-04-15 12:30:00,Retail Sales (MoM) (Mar),,,,,,,
2024-04-15 12:30:00,Retail Sales Ex Gas/Autos (MoM) (Mar),,,,,,,
2024-04-15 12:30:00,Retail Sales (YoY) (Mar),,,,,,,
2024-04-15 14:00:00,Business Inventories (MoM) (Feb),,,,,,,
2024-04-15 14:00:00,NAHB Housing Market Index (Apr),,,,,,,
2024-04-15 14:00:00,Retail Inventories Ex Auto (Feb),,,,,,,
2024-04-15 15:30:00,3-Month Bill Auction,,,,,,,
2024-04-15 15:30:00,6-Month Bill Auction,,,,,,,
2024-04-15 17:00:00,Atlanta Fed GDPNow (Q1),,,,,,,
2024-04-16 00:00:00,FOMC Member Daly Speaks,,,,,,,
2024-04-16 09:00:00,IMF Meetings,,,,,,,
2024-04-16 12:30:00,Housing Starts (MoM) (Mar),,,,,,,
2024-04-16 12:30:00,Housing Starts (Mar),,,,,,,
2024-04-16 12:30:00,Building Permits (MoM) (Mar),,,,,,,
2024-04-16 12:30:00,Building Permits (Mar),,,,,,,
2024-04-16 12:55:00,Redbook (YoY),,,,,,,
2024-04-16 13:00:00,Fed Governor Jefferson Speaks,,,,,,,
2024-04-16 13:15:00,Capacity Utilization Rate (Mar),,,,,,,
2024-04-16 13:15:00,Manufacturing Production (MoM) (Mar),,,,,,,
2024-04-16 13:15:00,Industrial Production (YoY) (Mar),,,,,,,
2024-04-16 13:15:00,Industrial Production (MoM) (Mar),,,,,,,
2024-04-16 15:30:00,52-Week Bill Auction,,,,,,,
2024-04-16 16:00:00,Atlanta Fed GDPNow (Q1),,,,,,,
2024-04-16 16:30:00,FOMC Member Williams Speaks,,,,,,,
2024-04-16 17:00:00,FOMC Member Barkin Speaks,,,,,,,
2024-04-16 17:15:00,Fed Chair Powell Speaks,,,,,,,
2024-04-16 20:30:00,API Weekly Crude Oil Stock,,,,,,,
2024-04-17 09:00:00,IMF Meetings,,,,,,,
2024-04-17 11:00:00,MBA 30-Year Mortgage Rate,,,,,,,
2024-04-17 11:00:00,MBA Mortgage Applications (WoW),,,,,,,
2024-04-17 11:00:00,MBA Purchase Index,,,,,,,
2024-04-17 11:00:00,Mortgage Market Index,,,,,,,
2024-04-17 11:00:00,Mortgage Refinance Index,,,,,,,
2024-04-17 14:30:00,EIA Refinery Crude Runs (WoW),,,,,,,
2024-04-17 14:30:00,EIA Weekly Distillates Stocks,,,,,,,
2024-04-17 14:30:00,Crude Oil Inventories,,,,,,,
2024-04-17 14:30:00,Cushing Crude Oil Inventories,,,,,,,
2024-04-17 14:30:00,Distillate Fuel Production,,,,,,,
2024-04-17 14:30:00,Heating Oil Stockpiles,,,,,,,
2024-04-17 14:30:00,Gasoline Production,,,,,,,
2024-04-17 14:30:00,EIA Weekly Refinery Utilization Rates (WoW),,,,,,,
2024-04-17 14:30:00,Gasoline Inventories,,,,,,,
2024-04-17 14:30:00,Crude Oil Imports,,,,,,,
2024-04-17 17:00:00,20-Year Bond Auction,,,,,,,
2024-04-17 18:00:00,Beige Book,,,,,,,
2024-04-17 20:00:00,TIC Net Long-Term Transactions (Feb),,,,,,,
2024-04-17 20:00:00,"US Foreign Buying, T-bonds (Feb)",,,,,,,
2024-04-17 20:00:00,Overall Net Capital Flow (Feb),,,,,,,
2024-04-17 20:00:00,TIC Net Long-Term Transactions including Swaps (Feb),,,,,,,
2024-04-17 21:30:00,FOMC Member Mester Speaks,,,,,,,
2024-04-17 23:15:00,FOMC Member Bowman Speaks,,,,,,,
2024-04-18 09:00:00,IMF Meetings,,,,,,,
2024-04-18 12:30:00,Jobless Claims 4-Week Avg.,,,,,,,
2024-04-18 12:30:00,Philly Fed Business Conditions (Apr),,,,,,,
2024-04-18 12:30:00,Continuing Jobless Claims,,,,,,,
2024-04-18 12:30:00,Initial Jobless Claims,,,,,,,
2024-04-18 12:30:00,Philadelphia Fed Manufacturing Index (Apr),,,,,,,
2024-04-18 12:30:00,Philly Fed Employment (Apr),,,,,,,
2024-04-18 12:30:00,Philly Fed CAPEX Index (Apr),,,,,,,
2024-04-18 12:30:00,Philly Fed New Orders (Apr),,,,,,,
2024-04-18 12:30:00,Philly Fed Prices Paid (Apr),,,,,,,
2024-04-18 13:05:00,FOMC Member Bowman Speaks,,,,,,,
2024-04-18 13:15:00,FOMC Member Bowman Speaks,,,,,,,
2024-04-18 13:15:00,FOMC Member Williams Speaks,,,,,,,
2024-04-18 14:00:00,Existing Home Sales (MoM) (Mar),,,,,,,
2024-04-18 14:00:00,Existing Home Sales (Mar),,,,,,,
2024-04-18 14:00:00,US Leading Index (MoM) (Mar),,,,,,,
2024-04-18 14:30:00,Natural Gas Storage,,,,,,,
2024-04-18 15:00:00,FOMC Member Bostic Speaks,,,,,,,
2024-04-18 15:30:00,8-Week Bill Auction,,,,,,,
2024-04-18 15:30:00,4-Week Bill Auction,,,,,,,
2024-04-18 17:00:00,5-Year TIPS Auction,,,,,,,
2024-04-18 20:30:00,Reserve Balances with Federal Reserve Banks,,,,,,,
2024-04-18 20:30:00,Fed's Balance Sheet,,,,,,,
2024-04-18 21:45:00,FOMC Member Bostic Speaks,,,,,,,
2024-04-19 09:00:00,IMF Meetings,,,,,,,
2024-04-19 14:30:00,Fed Goolsbee Speaks,,,,,,,
2024-04-19 17:00:00,U.S. Baker Hughes Oil Rig Count,,,,,,,
2024-04-19 17:00:00,U.S. Baker Hughes Total Rig Count,,,,,,,
2024-04-19 19:30:00,CFTC Corn speculative net positions,,,,,,,
2024-04-19 19:30:00,CFTC Nasdaq 100 speculative net positions,,,,,,,
2024-04-19 19:30:00,CFTC Aluminium speculative net positions,,,,,,,
2024-04-19 19:30:00,CFTC Copper speculative net positions,,,,,,,
2024-04-19 19:30:00,CFTC Gold speculative net positions,,,,,,,
2024-04-19 19:30:00,CFTC Silver speculative net positions,,,,,,,
2024-04-19 19:30:00,CFTC Natural Gas speculative net positions,,,,,,,
2024-04-19 19:30:00,CFTC S&P 500 speculative net positions,,,,,,,
2024-04-19 19:30:00,CFTC Soybeans speculative net positions,,,,,,,
2024-04-19 19:30:00,CFTC Wheat speculative net positions,,,,,,,
2024-04-19 19:30:00,CFTC Crude Oil speculative net positions,,,,,,,
2024-04-20 09:00:00,IMF Meetings,,,,,,,
2024-04-22 12:30:00,Chicago Fed National Activity (Mar),,,,,,,
2024-04-22 15:30:00,3-Month Bill Auction,,,,,,,
2024-04-22 15:30:00,6-Month Bill Auction,,,,,,,
2024-04-23 11:30:00,Building Permits,,,,,,,
2024-04-23 11:30:00,Building Permits (MoM),,,,,,,
2024-04-23 12:55:00,Redbook (YoY),,,,,,,
2024-04-23 13:45:00,S&P Global US Manufacturing PMI (Apr),,,,,,,
2024-04-23 13:45:00,S&P Global Composite PMI (Apr),,,,,,,
2024-04-23 13:45:00,S&P Global Services PMI (Apr),,,,,,,
2024-04-23 14:00:00,Richmond Manufacturing Shipments (Apr),,,,,,,
2024-04-23 14:00:00,New Home Sales (Mar),,,,,,,
2024-04-23 14:00:00,New Home Sales (MoM) (Mar),,,,,,,
2024-04-23 14:00:00,Richmond Manufacturing Index (Apr),,,,,,,
2024-04-23 14:00:00,Richmond Services Index (Apr),,,,,,,
2024-04-23 17:00:00,2-Year Note Auction,,,,,,,
2024-04-23 17:00:00,M2 Money Supply (MoM) (Mar),,,,,,,
2024-04-23 20:30:00,API Weekly Crude Oil Stock,,,,,,,
2024-04-24 11:00:00,Mortgage Market Index,,,,,,,
2024-04-24 11:00:00,MBA 30-Year Mortgage Rate,,,,,,,
2024-04-24 11:00:00,MBA Mortgage Applications (WoW),,,,,,,
2024-04-24 11:00:00,MBA Purchase Index,,,,,,,
2024-04-24 11:00:00,Mortgage Refinance Index,,,,,,,
2024-04-24 12:30:00,Durables Excluding Defense (MoM) (Mar),,,,,,,
2024-04-24 12:30:00,Core Durable Goods Orders (MoM) (Mar),,,,,,,
2024-04-24 12:30:00,Goods Orders Non Defense Ex Air (MoM) (Mar),,,,,,,
2024-04-24 12:30:00,Durable Goods Orders (MoM) (Mar),,,,,,,
2024-04-24 14:30:00,Crude Oil Inventories,,,,,,,
2024-04-24 14:30:00,EIA Weekly Refinery Utilization Rates (WoW),,,,,,,
2024-04-24 14:30:00,Heating Oil Stockpiles,,,,,,,
2024-04-24 14:30:00,Gasoline Production,,,,,,,
2024-04-24 14:30:00,Gasoline Inventories,,,,,,,
2024-04-24 14:30:00,Distillate Fuel Production,,,,,,,
2024-04-24 14:30:00,Cushing Crude Oil Inventories,,,,,,,
2024-04-24 14:30:00,Crude Oil Imports,,,,,,,
2024-04-24 14:30:00,EIA Refinery Crude Runs (WoW),,,,,,,
2024-04-24 14:30:00,EIA Weekly Distillates Stocks,,,,,,,
2024-04-24 15:00:00,Atlanta Fed GDPNow (Q1),,,,,,,
2024-04-24 17:00:00,5-Year Note Auction,,,,,,,
2024-04-25 12:30:00,Continuing Jobless Claims,,,,,,,
2024-04-25 12:30:00,Core PCE Prices (Q1),,,,,,,
2024-04-25 12:30:00,GDP Price Index (QoQ) (Q1),,,,,,,
2024-04-25 12:30:00,GDP (QoQ) (Q1),,,,,,,
2024-04-25 12:30:00,Retail Inventories Ex Auto (Mar),,,,,,,
2024-04-25 12:30:00,Goods Trade Balance (Mar),,,,,,,
2024-04-25 12:30:00,Wholesale Inventories (MoM),,,,,,,
2024-04-25 12:30:00,Initial Jobless Claims,,,,,,,
2024-04-25 12:30:00,Jobless Claims 4-Week Avg.,,,,,,,
2024-04-25 12:30:00,PCE Prices (Q1),,,,,,,
2024-04-25 12:30:00,Real Consumer Spending (Q1),,,,,,,
2024-04-25 12:30:00,GDP Sales (Q1),,,,,,,
2024-04-25 14:00:00,Pending Home Sales (MoM) (Mar),,,,,,,
2024-04-25 14:00:00,Pending Home Sales Index (Mar),,,,,,,
2024-04-25 14:00:00,Treasury Secretary Yellen Speaks,,,,,,,
2024-04-25 14:30:00,Natural Gas Storage,,,,,,,
2024-04-25 15:00:00,KC Fed Composite Index (Apr),,,,,,,
2024-04-25 15:00:00,KC Fed Manufacturing Index (Apr),,,,,,,
2024-04-25 15:30:00,8-Week Bill Auction,,,,,,,
2024-04-25 15:30:00,4-Week Bill Auction,,,,,,,
2024-04-25 17:00:00,7-Year Note Auction,,,,,,,
2024-04-25 20:30:00,Fed's Balance Sheet,,,,,,,
2024-04-25 20:30:00,Reserve Balances with Federal Reserve Banks,,,,,,,
2024-04-26 12:30:00,Real Personal Consumption (MoM) (Mar),,,,,,,
2024-04-26 12:30:00,Personal Spending (MoM) (Mar),,,,,,,
2024-04-26 12:30:00,PCE Price index (YoY) (Mar),,,,,,,
2024-04-26 12:30:00,Personal Income (MoM) (Mar),,,,,,,
2024-04-26 12:30:00,Core PCE Price Index (YoY) (Mar),,,,,,,
2024-04-26 12:30:00,Core PCE Price Index (MoM) (Mar),,,,,,,
2024-04-26 12:30:00,PCE price index (MoM) (Mar),,,,,,,
2024-04-26 13:00:00,Dallas Fed PCE (Mar),,,,,,,
2024-04-26 14:00:00,Michigan 5-Year Inflation Expectations (Apr),,,,,,,
2024-04-26 14:00:00,Michigan Current Conditions (Apr),,,,,,,
2024-04-26 14:00:00,Michigan Consumer Sentiment (Apr),,,,,,,
2024-04-26 14:00:00,Michigan Consumer Expectations (Apr),,,,,,,
2024-04-26 14:00:00,Michigan 1-Year Inflation Expectations (Apr),,,,,,,
2024-04-26 16:00:00,Atlanta Fed GDPNow (Q2),,,,,,,
2024-04-26 17:00:00,U.S. Baker Hughes Oil Rig Count,,,,,,,
2024-04-26 17:00:00,U.S. Baker Hughes Total Rig Count,,,,,,,
2024-04-26 19:30:00,CFTC Aluminium speculative net positions,,,,,,,
2024-04-26 19:30:00,CFTC Copper speculative net positions,,,,,,,
2024-04-26 19:30:00,CFTC Crude Oil speculative net positions,,,,,,,
2024-04-26 19:30:00,CFTC Nasdaq 100 speculative net positions,,,,,,,
2024-04-26 19:30:00,CFTC Gold speculative net positions,,,,,,,
2024-04-26 19:30:00,CFTC Corn speculative net positions,,,,,,,
2024-04-26 19:30:00,CFTC Natural Gas speculative net positions,,,,,,,
2024-04-26 19:30:00,CFTC Silver speculative net positions,,,,,,,
2024-04-26 19:30:00,CFTC S&P 500 speculative net positions,,,,,,,
2024-04-26 19:30:00,CFTC Soybeans speculative net positions,,,,,,,
2024-04-26 19:30:00,CFTC Wheat speculative net positions,,,,,,,
2024-04-29 14:30:00,Dallas Fed Mfg Business Index (Apr),,,,,,,
2024-04-29 15:30:00,3-Month Bill Auction,,,,,,,
2024-04-29 15:30:00,6-Month Bill Auction,,,,,,,
2024-04-30 12:30:00,Employment Cost Index (QoQ) (Q1),,,,,,,
2024-04-30 12:30:00,Employment Wages (QoQ) (Q1),,,,,,,
2024-04-30 12:30:00,Employment Benefits (QoQ) (Q1),,,,,,,
2024-04-30 12:55:00,Redbook (YoY),,,,,,,
2024-04-30 13:00:00,S&P/CS HPI Composite - 20 n.s.a. (MoM) (Feb),,,,,,,
2024-04-30 13:00:00,S&P/CS HPI Composite - 20 n.s.a. (YoY) (Feb),,,,,,,
2024-04-30 13:00:00,House Price Index (MoM) (Feb),,,,,,,
2024-04-30 13:00:00,House Price Index (Feb),,,,,,,
2024-04-30 13:00:00,House Price Index (YoY) (Feb),,,,,,,
2024-04-30 13:00:00,S&P/CS HPI Composite - 20 s.a. (MoM) (Feb),,,,,,,
2024-04-30 13:45:00,Chicago PMI (Apr),,,,,,,
2024-04-30 14:00:00,CB Consumer Confidence (Apr),,,,,,,
2024-04-30 14:30:00,Dallas Fed Services Revenues (Apr),,,,,,,
2024-04-30 14:30:00,Texas Services Sector Outlook (Apr),,,,,,,
2024-04-30 16:00:00,OPEC Crude Oil Production Congo (Barrel),,,,,,,
2024-04-30 16:00:00,OPEC Crude Oil Production Algeria (Barrel),,,,,,,
2024-04-30 16:00:00,OPEC Crude Oil Production Gabon (Barrel),,,,,,,
2024-04-30 16:00:00,OPEC Crude oil Production Venezuela (Barrel),,,,,,,
2024-04-30 16:00:00,OPEC Crude oil Production Iraq (Barrel),,,,,,,
2024-04-30 16:00:00,OPEC Crude oil Production Iran (Barrel),,,,,,,
2024-04-30 16:00:00,OPEC Crude Oil Production Nigeria (Barrel),,,,,,,
2024-04-30 16:00:00,OPEC Crude Oil Production Kuwait (Barrel),,,,,,,
2024-04-30 16:00:00,OPEC Crude Oil Production Libya (Barrel),,,,,,,
2024-04-30 16:00:00,OPEC Crude Oil Production Guinea (Barrel),,,,,,,
2024-04-30 16:00:00,OPEC Crude oil Production Saudi Arabia (Barrel),,,,,,,
2024-04-30 16:00:00,OPEC Crude oil Production UAE (Barrel),,,,,,,
2024-04-30 20:30:00,API Weekly Crude Oil Stock,,,,,,,
2024-05-01 11:00:00,MBA 30-Year Mortgage Rate,,,,,,,
2024-05-01 11:00:00,MBA Mortgage Applications (WoW),,,,,,,
2024-05-01 11:00:00,MBA Purchase Index,,,,,,,
2024-05-01 11:00:00,Mortgage Market Index,,,,,,,
2024-05-01 11:00:00,Mortgage Refinance Index,,,,,,,
2024-05-01 12:15:00,ADP Nonfarm Employment Change (Apr),,,,,,,
2024-05-01 13:45:00,S&P Global US Manufacturing PMI (Apr),,,,,,,
2024-05-01 14:00:00,ISM Manufacturing Employment (Apr),,,,,,,
2024-05-01 14:00:00,ISM Manufacturing New Orders Index (Apr),,,,,,,
2024-05-01 14:00:00,Construction Spending (MoM) (Mar),,,,,,,
2024-05-01 14:00:00,ISM Manufacturing Prices (Apr),,,,,,,
2024-05-01 14:00:00,JOLTs Job Openings (Mar),,,,,,,
2024-05-01 14:00:00,ISM Manufacturing PMI (Apr),,,,,,,
2024-05-01 14:30:00,Crude Oil Imports,,,,,,,
2024-05-01 14:30:00,EIA Refinery Crude Runs (WoW),,,,,,,
2024-05-01 14:30:00,Distillate Fuel Production,,,,,,,
2024-05-01 14:30:00,Cushing Crude Oil Inventories,,,,,,,
2024-05-01 14:30:00,Crude Oil Inventories,,,,,,,
2024-05-01 14:30:00,EIA Weekly Refinery Utilization Rates (WoW),,,,,,,
2024-05-01 14:30:00,Heating Oil Stockpiles,,,,,,,
2024-05-01 14:30:00,Gasoline Production,,,,,,,
2024-05-01 14:30:00,EIA Weekly Distillates Stocks,,,,,,,
2024-05-01 14:30:00,Gasoline Inventories,,,,,,,
2024-05-01 17:00:00,Atlanta Fed GDPNow (Q2),,,,,,,
2024-05-01 18:00:00,FOMC Statement,,,,,,,
2024-05-01 18:00:00,Fed Interest Rate Decision,,,,,,,
2024-05-01 18:30:00,FOMC Press Conference,,,,,,,
2024-05-02 11:30:00,Challenger Job Cuts (YoY),,,,,,,
2024-05-02 11:30:00,Challenger Job Cuts (Apr),,,,,,,
2024-05-02 12:30:00,Continuing Jobless Claims,,,,,,,
2024-05-02 12:30:00,Initial Jobless Claims,,,,,,,
2024-05-02 12:30:00,Exports,,,,,,,
2024-05-02 12:30:00,Imports,,,,,,,
2024-05-02 12:30:00,Jobless Claims 4-Week Avg.,,,,,,,
2024-05-02 12:30:00,Nonfarm Productivity (QoQ) (Q1),,,,,,,
2024-05-02 12:30:00,Trade Balance (Mar),,,,,,,
2024-05-02 12:30:00,Unit Labor Costs (QoQ) (Q1),,,,,,,
2024-05-02 14:00:00,Factory orders ex transportation (MoM) (Mar),,,,,,,
2024-05-02 14:00:00,Factory Orders (MoM) (Mar),,,,,,,
2024-05-02 14:00:00,Durables Excluding Defense (MoM) (Mar),,,,,,,
2024-05-02 14:00:00,Durables Excluding Transport (MoM) (Mar),,,,,,,
2024-05-02 14:00:00,All Car Sales (Apr),,,,,,,
2024-05-02 14:00:00,All Truck Sales (Apr),,,,,,,
2024-05-02 14:30:00,Natural Gas Storage,,,,,,,
2024-05-02 15:30:00,8-Week Bill Auction,,,,,,,
2024-05-02 15:30:00,4-Week Bill Auction,,,,,,,
2024-05-02 17:00:00,Atlanta Fed GDPNow (Q2),,,,,,,
2024-05-02 20:30:00,Fed's Balance Sheet,,,,,,,
2024-05-02 20:30:00,Reserve Balances with Federal Reserve Banks,,,,,,,
2024-05-03 12:30:00,Unemployment Rate (Apr),,,,,,,
2024-05-03 12:30:00,U6 Unemployment Rate (Apr),,,,,,,
2024-05-03 12:30:00,Private Nonfarm Payrolls (Apr),,,,,,,
2024-05-03 12:30:00,Participation Rate (Apr),,,,,,,
2024-05-03 12:30:00,Government Payrolls (Apr),,,,,,,
2024-05-03 12:30:00,Average Hourly Earnings (YoY) (YoY) (Apr),,,,,,,
2024-05-03 12:30:00,Average Weekly Hours (Apr),,,,,,,
2024-05-03 12:30:00,Average Hourly Earnings (MoM) (Apr),,,,,,,
2024-05-03 12:30:00,Nonfarm Payrolls (Apr),,,,,,,
2024-05-03 12:30:00,Manufacturing Payrolls (Apr),,,,,,,
2024-05-03 13:45:00,S&P Global Services PMI (Apr),,,,,,,
2024-05-03 13:45:00,S&P Global Composite PMI (Apr),,,,,,,
2024-05-03 14:00:00,ISM Non-Manufacturing Prices (Apr),,,,,,,
2024-05-03 14:00:00,ISM Non-Manufacturing PMI (Apr),,,,,,,
2024-05-03 14:00:00,ISM Non-Manufacturing New Orders (Apr),,,,,,,
2024-05-03 14:00:00,Total Vehicle Sales,,,,,,,
2024-05-03 14:00:00,ISM Non-Manufacturing Business Activity (Apr),,,,,,,
2024-05-03 14:00:00,ISM Non-Manufacturing Employment (Apr),,,,,,,
2024-05-03 17:00:00,U.S. Baker Hughes Total Rig Count,,,,,,,
2024-05-03 17:00:00,U.S. Baker Hughes Oil Rig Count,,,,,,,
2024-05-03 19:30:00,CFTC Crude Oil speculative net positions,,,,,,,
2024-05-03 19:30:00,CFTC Aluminium speculative net positions,,,,,,,
2024-05-03 19:30:00,CFTC Gold speculative net positions,,,,,,,
2024-05-03 19:30:00,CFTC Corn speculative net positions,,,,,,,
2024-05-03 19:30:00,CFTC Nasdaq 100 speculative net positions,,,,,,,
2024-05-03 19:30:00,CFTC Copper speculative net positions,,,,,,,
2024-05-03 19:30:00,CFTC Silver speculative net positions,,,,,,,
2024-05-03 19:30:00,CFTC Soybeans speculative net positions,,,,,,,
2024-05-03 19:30:00,CFTC Wheat speculative net positions,,,,,,,
2024-05-03 19:30:00,CFTC Natural Gas speculative net positions,,,,,,,
2024-05-03 19:30:00,CFTC S&P 500 speculative net positions,,,,,,,
2024-05-03 23:45:00,Fed Goolsbee Speaks,,,,,,,
2024-05-03 23:45:00,FOMC Member Williams Speaks,,,,,,,
2024-05-04 13:20:00,Fed Governor Cook Speaks,,,,,,,
2024-05-04 18:20:00,Fed Governor Cook Speaks,,,,,,,
2024-05-06 14:00:00,CB Employment Trends Index (Apr),,,,,,,
2024-05-06 15:30:00,6-Month Bill Auction,,,,,,,
2024-05-06 15:30:00,3-Month Bill Auction,,,,,,,
2024-05-06 16:50:00,FOMC Member Barkin Speaks,,,,,,,
2024-05-06 17:00:00,FOMC Member Williams Speaks,,,,,,,
2024-05-06 18:00:00,Loan Officer Survey,,,,,,,
2024-05-07 12:55:00,Redbook (YoY),,,,,,,
2024-05-07 14:00:00,IBD/TIPP Economic Optimism (May),,,,,,,
2024-05-07 15:30:00,FOMC Member Kashkari Speaks,,,,,,,
2024-05-07 16:00:00,EIA Short-Term Energy Outlook,,,,,,,
2024-05-07 17:00:00,3-Year Note Auction,,,,,,,
2024-05-07 19:00:00,Consumer Credit (Mar),,,,,,,
2024-05-07 20:30:00,API Weekly Crude Oil Stock,,,,,,,
2024-05-08 11:00:00,MBA 30-Year Mortgage Rate,,,,,,,
2024-05-08 11:00:00,MBA Mortgage Applications (WoW),,,,,,,
2024-05-08 11:00:00,MBA Purchase Index,,,,,,,
2024-05-08 11:00:00,Mortgage Market Index,,,,,,,
2024-05-08 11:00:00,Mortgage Refinance Index,,,,,,,
2024-05-08 14:00:00,Wholesale Trade Sales (MoM) (Mar),,,,,,,
2024-05-08 14:00:00,Wholesale Inventories (MoM) (Mar),,,,,,,
2024-05-08 14:30:00,Cushing Crude Oil Inventories,,,,,,,
2024-05-08 14:30:00,EIA Weekly Refinery Utilization Rates (WoW),,,,,,,
2024-05-08 14:30:00,Crude Oil Inventories,,,,,,,
2024-05-08 14:30:00,EIA Refinery Crude Runs (WoW),,,,,,,
2024-05-08 14:30:00,Crude Oil Imports,,,,,,,
2024-05-08 14:30:00,Distillate Fuel Production,,,,,,,
2024-05-08 14:30:00,EIA Weekly Distillates Stocks,,,,,,,
2024-05-08 14:30:00,Gasoline Production,,,,,,,
2024-05-08 14:30:00,Heating Oil Stockpiles,,,,,,,
2024-05-08 14:30:00,Gasoline Inventories,,,,,,,
2024-05-08 15:00:00,Thomson Reuters IPSOS PCSI (May),,,,,,,
2024-05-08 15:00:00,Fed Governor Jefferson Speaks,,,,,,,
2024-05-08 15:45:00,Fed Collins Speaks,,,,,,,
2024-05-08 16:00:00,Atlanta Fed GDPNow (Q2),,,,,,,
2024-05-08 17:00:00,10-Year Note Auction,,,,,,,
2024-05-08 17:30:00,Fed Governor Cook Speaks,,,,,,,
2024-05-09 12:30:00,Jobless Claims 4-Week Avg.,,,,,,,
2024-05-09 12:30:00,Initial Jobless Claims,,,,,,,
2024-05-09 12:30:00,Continuing Jobless Claims,,,,,,,
2024-05-09 14:30:00,Natural Gas Storage,,,,,,,
2024-05-09 15:30:00,4-Week Bill Auction,,,,,,,
2024-05-09 15:30:00,8-Week Bill Auction,,,,,,,
2024-05-09 17:00:00,30-Year Bond Auction,,,,,,,
2024-05-09 18:00:00,FOMC Member Daly Speaks,,,,,,,
2024-05-09 20:30:00,Reserve Balances with Federal Reserve Banks,,,,,,,
2024-05-09 20:30:00,Fed's Balance Sheet,,,,,,,
2024-05-10 13:00:00,FOMC Member Bowman Speaks,,,,,,,
2024-05-10 14:00:00,Michigan Current Conditions (May),,,,,,,
2024-05-10 14:00:00,Michigan Consumer Expectations (May),,,,,,,
2024-05-10 14:00:00,Michigan Consumer Sentiment (May),,,,,,,
2024-05-10 14:00:00,Michigan 1-Year Inflation Expectations (May),,,,,,,
2024-05-10 14:00:00,Michigan 5-Year Inflation Expectations (May),,,,,,,
2024-05-10 16:00:00,WASDE Report,,,,,,,
2024-05-10 16:45:00,Fed Goolsbee Speaks,,,,,,,
2024-05-10 17:00:00,U.S. Baker Hughes Oil Rig Count,,,,,,,
2024-05-10 17:00:00,U.S. Baker Hughes Total Rig Count,,,,,,,
2024-05-10 17:30:00,Fed Vice Chair for Supervision Barr Speaks,,,,,,,
2024-05-10 18:00:00,Federal Budget Balance (Apr),,,,,,,
2024-05-10 19:30:00,CFTC Gold speculative net positions,,,,,,,
2024-05-10 19:30:00,CFTC Corn speculative net positions,,,,,,,
2024-05-10 19:30:00,CFTC Crude Oil speculative net positions,,,,,,,
2024-05-10 19:30:00,CFTC Copper speculative net positions,,,,,,,
2024-05-10 19:30:00,CFTC Nasdaq 100 speculative net positions,,,,,,,
2024-05-10 19:30:00,CFTC Aluminium speculative net positions,,,,,,,
2024-05-10 19:30:00,CFTC S&P 500 speculative net positions,,,,,,,
2024-05-10 19:30:00,CFTC Silver speculative net positions,,,,,,,
2024-05-10 19:30:00,CFTC Soybeans speculative net positions,,,,,,,
2024-05-10 19:30:00,CFTC Wheat speculative net positions,,,,,,,
2024-05-10 19:30:00,CFTC Natural Gas speculative net positions,,,,,,,
2024-05-13 13:00:00,Fed Governor Jefferson Speaks,,,,,,,
2024-05-13 13:00:00,FOMC Member Mester Speaks,,,,,,,
2024-05-13 15:00:00,NY Fed 1-Year Consumer Inflation Expectations,,,,,,,
2024-05-13 15:30:00,3-Month Bill Auction,,,,,,,
2024-05-13 15:30:00,6-Month Bill Auction,,,,,,,
2024-05-14 10:00:00,NFIB Small Business Optimism (Apr),,,,,,,
2024-05-14 11:00:00,OPEC Monthly Report,,,,,,,
2024-05-14 12:30:00,PPI ex. Food/Energy/Transport (MoM) (Apr),,,,,,,
2024-05-14 12:30:00,PPI (YoY) (Apr),,,,,,,
2024-05-14 12:30:00,Core PPI (MoM) (Apr),,,,,,,
2024-05-14 12:30:00,PPI (MoM) (Apr),,,,,,,
2024-05-14 12:30:00,PPI ex. Food/Energy/Transport (YoY) (Apr),,,,,,,
2024-05-14 12:30:00,Core PPI (YoY) (Apr),,,,,,,
2024-05-14 12:55:00,Redbook (YoY),,,,,,,
2024-05-14 13:10:00,Fed Governor Cook Speaks,,,,,,,
2024-05-14 14:00:00,Fed Chair Powell Speaks,,,,,,,
2024-05-14 15:30:00,52-Week Bill Auction,,,,,,,
2024-05-14 20:30:00,API Weekly Crude Oil Stock,,,,,,,
2024-05-15 08:00:00,IEA Monthly Report,,,,,,,
2024-05-15 11:00:00,Mortgage Refinance Index,,,,,,,
2024-05-15 11:00:00,Mortgage Market Index,,,,,,,
2024-05-15 11:00:00,MBA 30-Year Mortgage Rate,,,,,,,
2024-05-15 11:00:00,MBA Purchase Index,,,,,,,
2024-05-15 11:00:00,MBA Mortgage Applications (WoW),,,,,,,
2024-05-15 12:30:00,CPI (YoY) (Apr),,,,,,,
2024-05-15 12:30:00,Core CPI (YoY) (Apr),,,,,,,
2024-05-15 12:30:00,Core CPI (MoM) (Apr),,,,,,,
2024-05-15 12:30:00,Core CPI Index (Apr),,,,,,,
2024-05-15 12:30:00,Core Retail Sales (MoM) (Apr),,,,,,,
2024-05-15 12:30:00,CPI (MoM) (Apr),,,,,,,
2024-05-15 12:30:00,"CPI, n.s.a (MoM) (Apr)",,,,,,,
2024-05-15 12:30:00,"CPI Index, n.s.a. (Apr)",,,,,,,
2024-05-15 12:30:00,Retail Sales (MoM) (Apr),,,,,,,
2024-05-15 12:30:00,Real Earnings (MoM) (Apr),,,,,,,
2024-05-15 12:30:00,Retail Sales Ex Gas/Autos (MoM) (Apr),,,,,,,
2024-05-15 12:30:00,NY Empire State Manufacturing Index (May),,,,,,,
2024-05-15 12:30:00,Retail Sales (YoY) (Apr),,,,,,,
2024-05-15 12:30:00,Retail Control (MoM) (Apr),,,,,,,
2024-05-15 12:30:00,"CPI Index, s.a (Apr)",,,,,,,
2024-05-15 14:00:00,Retail Inventories Ex Auto (Mar),,,,,,,
2024-05-15 14:00:00,Fed Vice Chair for Supervision Barr Speaks,,,,,,,
2024-05-15 14:00:00,NAHB Housing Market Index (May),,,,,,,
2024-05-15 14:00:00,Business Inventories (MoM) (Mar),,,,,,,
2024-05-15 14:30:00,Gasoline Inventories,,,,,,,
2024-05-15 14:30:00,Heating Oil Stockpiles,,,,,,,
2024-05-15 14:30:00,Gasoline Production,,,,,,,
2024-05-15 14:30:00,EIA Weekly Distillates Stocks,,,,,,,
2024-05-15 14:30:00,Distillate Fuel Production,,,,,,,
2024-05-15 14:30:00,EIA Weekly Refinery Utilization Rates (WoW),,,,,,,
2024-05-15 14:30:00,Crude Oil Imports,,,,,,,
2024-05-15 14:30:00,EIA Refinery Crude Runs (WoW),,,,,,,
2024-05-15 14:30:00,Crude Oil Inventories,,,,,,,
2024-05-15 14:30:00,Cushing Crude Oil Inventories,,,,,,,
2024-05-15 15:00:00,Cleveland CPI (MoM) (Apr),,,,,,,
2024-05-15 16:00:00,FOMC Member Kashkari Speaks,,,,,,,
2024-05-15 17:00:00,Atlanta Fed GDPNow (Q2),,,,,,,
2024-05-15 19:20:00,FOMC Member Bowman Speaks,,,,,,,
2024-05-15 20:00:00,TIC Net Long-Term Transactions (Mar),,,,,,,
2024-05-15 20:00:00,Overall Net Capital Flow (Mar),,,,,,,
2024-05-15 20:00:00,TIC Net Long-Term Transactions including Swaps (Mar),,,,,,,
2024-05-15 20:00:00,"US Foreign Buying, T-bonds (Mar)",,,,,,,
2024-05-16 12:30:00,Import Price Index (YoY),,,,,,,
2024-05-16 12:30:00,Building Permits (MoM) (Apr),,,,,,,
2024-05-16 12:30:00,Continuing Jobless Claims,,,,,,,
2024-05-16 12:30:00,Export Price Index (YoY),,,,,,,
2024-05-16 12:30:00,Export Price Index (MoM) (Apr),,,,,,,
2024-05-16 12:30:00,Housing Starts (Apr),,,,,,,
2024-05-16 12:30:00,Housing Starts (MoM) (Apr),,,,,,,
2024-05-16 12:30:00,Building Permits (Apr),,,,,,,
2024-05-16 12:30:00,Jobless Claims 4-Week Avg.,,,,,,,
2024-05-16 12:30:00,Philadelphia Fed Manufacturing Index (May),,,,,,,
2024-05-16 12:30:00,Philly Fed Business Conditions (May),,,,,,,
2024-05-16 12:30:00,Philly Fed CAPEX Index (May),,,,,,,
2024-05-16 12:30:00,Philly Fed Employment (May),,,,,,,
2024-05-16 12:30:00,Philly Fed New Orders (May),,,,,,,
2024-05-16 12:30:00,Philly Fed Prices Paid (May),,,,,,,
2024-05-16 12:30:00,Initial Jobless Claims,,,,,,,
2024-05-16 12:30:00,Import Price Index (MoM) (Apr),,,,,,,
2024-05-16 13:15:00,Capacity Utilization Rate (Apr),,,,,,,
2024-05-16 13:15:00,Industrial Production (YoY) (Apr),,,,,,,
2024-05-16 13:15:00,Industrial Production (MoM) (Apr),,,,,,,
2024-05-16 13:15:00,Manufacturing Production (MoM) (Apr),,,,,,,
2024-05-16 14:00:00,Fed Vice Chair for Supervision Barr Speaks,,,,,,,
2024-05-16 14:30:00,Atlanta Fed GDPNow (Q2),,,,,,,
2024-05-16 14:30:00,FOMC Member Harker Speaks,,,,,,,
2024-05-16 14:30:00,Natural Gas Storage,,,,,,,
2024-05-16 15:30:00,4-Week Bill Auction,,,,,,,
2024-05-16 15:30:00,8-Week Bill Auction,,,,,,,
2024-05-16 15:30:00,FOMC Member Mester Speaks,,,,,,,
2024-05-16 19:50:00,FOMC Member Bostic Speaks,,,,,,,
2024-05-16 20:30:00,Reserve Balances with Federal Reserve Banks,,,,,,,
2024-05-16 20:30:00,Fed's Balance Sheet,,,,,,,
2024-05-17 14:00:00,US Leading Index (MoM) (Apr),,,,,,,
2024-05-17 14:15:00,Fed Waller Speaks,,,,,,,
2024-05-17 16:15:00,FOMC Member Daly Speaks,,,,,,,
2024-05-17 17:00:00,U.S. Baker Hughes Oil Rig Count,,,,,,,
2024-05-17 17:00:00,U.S. Baker Hughes Total Rig Count,,,,,,,
2024-05-17 19:30:00,CFTC Gold speculative net positions,,,,,,,
2024-05-17 19:30:00,CFTC Aluminium speculative net positions,,,,,,,
2024-05-17 19:30:00,CFTC Copper speculative net positions,,,,,,,
2024-05-17 19:30:00,CFTC Corn speculative net positions,,,,,,,
2024-05-17 19:30:00,CFTC Crude Oil speculative net positions,,,,,,,
2024-05-17 19:30:00,CFTC Wheat speculative net positions,,,,,,,
2024-05-17 19:30:00,CFTC S&P 500 speculative net positions,,,,,,,
2024-05-17 19:30:00,CFTC Silver speculative net positions,,,,,,,
2024-05-17 19:30:00,CFTC Soybeans speculative net positions,,,,,,,
2024-05-17 19:30:00,CFTC Natural Gas speculative net positions,,,,,,,
2024-05-17 19:30:00,CFTC Nasdaq 100 speculative net positions,,,,,,,
2024-05-19 19:30:00,Fed Chair Powell Speaks,,,,,,,
2024-05-20 12:45:00,FOMC Member Bostic Speaks,,,,,,,
2024-05-20 13:00:00,Fed Vice Chair for Supervision Barr Speaks,,,,,,,
2024-05-20 13:00:00,Fed Waller Speaks,,,,,,,
2024-05-20 14:30:00,Fed Governor Jefferson Speaks,,,,,,,
2024-05-20 15:30:00,6-Month Bill Auction,,,,,,,
2024-05-20 15:30:00,3-Month Bill Auction,,,,,,,
2024-05-20 18:00:00,FOMC Member Mester Speaks,,,,,,,
2024-05-20 23:00:00,FOMC Member Bostic Speaks,,,,,,,
2024-05-21 08:00:00,Fed Chair Yellen Speaks,,,,,,,
2024-05-21 08:20:00,Fed Governor Kroszner Speaks,,,,,,,
2024-05-21 12:55:00,Redbook (YoY),,,,,,,
2024-05-21 13:00:00,FOMC Member Barkin Speaks,,,,,,,
2024-05-21 13:00:00,Fed Waller Speaks,,,,,,,
2024-05-21 13:05:00,FOMC Member Williams Speaks,,,,,,,
2024-05-21 13:10:00,FOMC Member Bostic Speaks,,,,,,,
2024-05-21 15:45:00,Fed Vice Chair for Supervision Barr Speaks,,,,,,,
2024-05-21 20:30:00,API Weekly Crude Oil Stock,,,,,,,
2024-05-21 23:00:00,FOMC Member Mester Speaks,,,,,,,
2024-05-21 23:00:00,FOMC Member Bostic Speaks,,,,,,,
2024-05-21 23:00:00,Fed Collins Speaks,,,,,,,
2024-05-22 11:00:00,MBA Mortgage Applications (WoW),,,,,,,
2024-05-22 11:00:00,MBA 30-Year Mortgage Rate,,,,,,,
2024-05-22 11:00:00,MBA Purchase Index,,,,,,,
2024-05-22 11:00:00,Mortgage Market Index,,,,,,,
2024-05-22 11:00:00,Mortgage Refinance Index,,,,,,,
2024-05-22 14:00:00,Existing Home Sales (Apr),,,,,,,
2024-05-22 14:00:00,Existing Home Sales (MoM) (Apr),,,,,,,
2024-05-22 14:30:00,Cushing Crude Oil Inventories,,,,,,,
2024-05-22 14:30:00,Crude Oil Inventories,,,,,,,
2024-05-22 14:30:00,Distillate Fuel Production,,,,,,,
2024-05-22 14:30:00,EIA Weekly Distillates Stocks,,,,,,,
2024-05-22 14:30:00,EIA Refinery Crude Runs (WoW),,,,,,,
2024-05-22 14:30:00,Gasoline Production,,,,,,,
2024-05-22 14:30:00,Crude Oil Imports,,,,,,,
2024-05-22 14:30:00,EIA Weekly Refinery Utilization Rates (WoW),,,,,,,
2024-05-22 14:30:00,Heating Oil Stockpiles,,,,,,,
2024-05-22 14:30:00,Gasoline Inventories,,,,,,,
2024-05-22 17:00:00,20-Year Bond Auction,,,,,,,
2024-05-22 18:00:00,FOMC Meeting Minutes,,,,,,,
2024-05-23 12:30:00,Building Permits (MoM),,,,,,,
2024-05-23 12:30:00,Building Permits,,,,,,,
2024-05-23 12:30:00,Chicago Fed National Activity (Apr),,,,,,,
2024-05-23 12:30:00,Initial Jobless Claims,,,,,,,
2024-05-23 12:30:00,Jobless Claims 4-Week Avg.,,,,,,,
2024-05-23 12:30:00,Continuing Jobless Claims,,,,,,,
2024-05-23 13:45:00,S&P Global US Manufacturing PMI (May),,,,,,,
2024-05-23 13:45:00,S&P Global Composite PMI (May),,,,,,,
2024-05-23 13:45:00,S&P Global Services PMI (May),,,,,,,
2024-05-23 14:00:00,New Home Sales (Apr),,,,,,,
2024-05-23 14:00:00,New Home Sales (MoM) (Apr),,,,,,,
2024-05-23 14:30:00,Natural Gas Storage,,,,,,,
2024-05-23 15:00:00,KC Fed Composite Index (May),,,,,,,
2024-05-23 15:00:00,KC Fed Manufacturing Index (May),,,,,,,
2024-05-23 15:30:00,4-Week Bill Auction,,,,,,,
2024-05-23 15:30:00,8-Week Bill Auction,,,,,,,
2024-05-23 17:00:00,10-Year TIPS Auction,,,,,,,
2024-05-23 19:00:00,FOMC Member Bostic Speaks,,,,,,,
2024-05-23 20:30:00,Fed's Balance Sheet,,,,,,,
2024-05-23 20:30:00,Reserve Balances with Federal Reserve Banks,,,,,,,
2024-05-24 12:30:00,Durables Excluding Transport (MoM),,,,,,,
2024-05-24 12:30:00,Goods Orders Non Defense Ex Air (MoM) (Apr),,,,,,,
2024-05-24 12:30:00,Core Durable Goods Orders (MoM) (Apr),,,,,,,
2024-05-24 12:30:00,Durable Goods Orders (MoM) (Apr),,,,,,,
2024-05-24 12:30:00,Durables Excluding Defense (MoM) (Apr),,,,,,,
2024-05-24 13:35:00,Fed Waller Speaks,,,,,,,
2024-05-24 14:00:00,Michigan 5-Year Inflation Expectations (May),,,,,,,
2024-05-24 14:00:00,Michigan 1-Year Inflation Expectations (May),,,,,,,
2024-05-24 14:00:00,Michigan Current Conditions (May),,,,,,,
2024-05-24 14:00:00,Michigan Consumer Sentiment (May),,,,,,,
2024-05-24 14:00:00,Michigan Consumer Expectations (May),,,,,,,
2024-05-24 14:30:00,Atlanta Fed GDPNow (Q2),,,,,,,
2024-05-24 17:00:00,U.S. Baker Hughes Oil Rig Count,,,,,,,
2024-05-24 17:00:00,U.S. Baker Hughes Total Rig Count,,,,,,,
2024-05-24 19:30:00,CFTC Copper speculative net positions,,,,,,,
2024-05-24 19:30:00,CFTC Gold speculative net positions,,,,,,,
2024-05-24 19:30:00,CFTC Nasdaq 100 speculative net positions,,,,,,,
2024-05-24 19:30:00,CFTC Aluminium speculative net positions,,,,,,,
2024-05-24 19:30:00,CFTC Corn speculative net positions,,,,,,,
2024-05-24 19:30:00,CFTC Silver speculative net positions,,,,,,,
2024-05-24 19:30:00,CFTC Wheat speculative net positions,,,,,,,
2024-05-24 19:30:00,CFTC S&P 500 speculative net positions,,,,,,,
2024-05-24 19:30:00,CFTC Crude Oil speculative net positions,,,,,,,
2024-05-24 19:30:00,CFTC Soybeans speculative net positions,,,,,,,
2024-05-24 19:30:00,CFTC Natural Gas speculative net positions,,,,,,,
2024-05-27 17:45:00,FOMC Member Williams Speaks,,,,,,,
2024-05-28 04:55:00,FOMC Member Bowman Speaks,,,,,,,
2024-05-28 04:55:00,FOMC Member Mester Speaks,,,,,,,
2024-05-28 13:00:00,House Price Index (Mar),,,,,,,
2024-05-28 13:00:00,House Price Index (MoM) (Mar),,,,,,,
2024-05-28 13:00:00,House Price Index (YoY) (Mar),,,,,,,
2024-05-28 13:00:00,S&P/CS HPI Composite - 20 n.s.a. (YoY) (Mar),,,,,,,
2024-05-28 13:00:00,S&P/CS HPI Composite - 20 n.s.a. (MoM) (Mar),,,,,,,
2024-05-28 13:00:00,S&P/CS HPI Composite - 20 s.a. (MoM) (Mar),,,,,,,
2024-05-28 13:55:00,FOMC Member Kashkari Speaks,,,,,,,
2024-05-28 14:00:00,3-Month Bill Auction,,,,,,,
2024-05-28 14:00:00,6-Month Bill Auction,,,,,,,
2024-05-28 14:00:00,CB Consumer Confidence (May),,,,,,,
2024-05-28 14:30:00,Dallas Fed Mfg Business Index (May),,,,,,,
2024-05-28 15:30:00,2-Year Note Auction,,,,,,,
2024-05-28 17:00:00,5-Year Note Auction,,,,,,,
2024-05-28 17:00:00,M2 Money Supply (MoM) (Apr),,,,,,,
2024-05-28 17:05:00,Fed Governor Cook Speaks,,,,,,,
2024-05-28 17:05:00,FOMC Member Daly Speaks,,,,,,,
2024-05-29 11:00:00,Mortgage Market Index,,,,,,,
2024-05-29 11:00:00,MBA Purchase Index,,,,,,,
2024-05-29 11:00:00,Mortgage Refinance Index,,,,,,,
2024-05-29 11:00:00,MBA 30-Year Mortgage Rate,,,,,,,
2024-05-29 11:00:00,MBA Mortgage Applications (WoW),,,,,,,
2024-05-29 12:55:00,Redbook (YoY),,,,,,,
2024-05-29 14:00:00,Richmond Manufacturing Index (May),,,,,,,
2024-05-29 14:00:00,Richmond Manufacturing Shipments (May),,,,,,,
2024-05-29 14:00:00,Richmond Services Index (May),,,,,,,
2024-05-29 14:30:00,Texas Services Sector Outlook (May),,,,,,,
2024-05-29 14:30:00,Dallas Fed Services Revenues (May),,,,,,,
2024-05-29 17:00:00,7-Year Note Auction,,,,,,,
2024-05-29 17:45:00,FOMC Member Williams Speaks,,,,,,,
2024-05-29 18:00:00,Beige Book,,,,,,,
2024-05-29 20:30:00,API Weekly Crude Oil Stock,,,,,,,
2024-05-29 23:00:00,FOMC Member Bostic Speaks,,,,,,,
2024-05-30 12:30:00,GDP Sales (Q1),,,,,,,
2024-05-30 12:30:00,Continuing Jobless Claims,,,,,,,
2024-05-30 12:30:00,Core PCE Prices (Q1),,,,,,,
2024-05-30 12:30:00,GDP Price Index (QoQ) (Q1),,,,,,,
2024-05-30 12:30:00,Corporate Profits (QoQ) (Q1),,,,,,,
2024-05-30 12:30:00,Goods Trade Balance (Apr),,,,,,,
2024-05-30 12:30:00,GDP (QoQ) (Q1),,,,,,,
2024-05-30 12:30:00,Jobless Claims 4-Week Avg.,,,,,,,
2024-05-30 12:30:00,PCE Prices (Q1),,,,,,,
2024-05-30 12:30:00,Real Consumer Spending (Q1),,,,,,,
2024-05-30 12:30:00,Retail Inventories Ex Auto (Apr),,,,,,,
2024-05-30 12:30:00,Wholesale Inventories (MoM),,,,,,,
2024-05-30 12:30:00,Initial Jobless Claims,,,,,,,
2024-05-30 14:00:00,Pending Home Sales (MoM) (Apr),,,,,,,
2024-05-30 14:00:00,Pending Home Sales Index (Apr),,,,,,,
2024-05-30 14:30:00,Natural Gas Storage,,,,,,,
2024-05-30 15:00:00,Crude Oil Inventories,,,,,,,
2024-05-30 15:00:00,EIA Weekly Refinery Utilization Rates (WoW),,,,,,,
2024-05-30 15:00:00,Crude Oil Imports,,,,,,,
2024-05-30 15:00:00,Heating Oil Stockpiles,,,,,,,
2024-05-30 15:00:00,EIA Refinery Crude Runs (WoW),,,,,,,
2024-05-30 15:00:00,Distillate Fuel Production,,,,,,,
2024-05-30 15:00:00,Cushing Crude Oil Inventories,,,,,,,
2024-05-30 15:00:00,EIA Weekly Distillates Stocks,,,,,,,
2024-05-30 15:00:00,Gasoline Production,,,,,,,
2024-05-30 15:00:00,Gasoline Inventories,,,,,,,
2024-05-30 15:30:00,8-Week Bill Auction,,,,,,,
2024-05-30 15:30:00,4-Week Bill Auction,,,,,,,
2024-05-30 16:05:00,FOMC Member Williams Speaks,,,,,,,
2024-05-30 20:30:00,Reserve Balances with Federal Reserve Banks,,,,,,,
2024-05-30 20:30:00,Fed's Balance Sheet,,,,,,,
2024-05-30 21:00:00,Fed Logan Speaks,,,,,,,
2024-05-31 11:30:00,OPEC Crude Oil Production Kuwait (Barrel),,,,,,,
2024-05-31 11:30:00,OPEC Crude oil Production UAE (Barrel),,,,,,,
2024-05-31 11:30:00,OPEC Crude oil Production Saudi Arabia (Barrel),,,,,,,
2024-05-31 11:30:00,OPEC Crude Oil Production Libya (Barrel),,,,,,,
2024-05-31 11:30:00,OPEC Crude oil Production Iraq (Barrel),,,,,,,
2024-05-31 11:30:00,OPEC Crude oil Production Venezuela (Barrel),,,,,,,
2024-05-31 11:30:00,OPEC Crude Oil Production Guinea (Barrel),,,,,,,
2024-05-31 11:30:00,OPEC Crude Oil Production Nigeria (Barrel),,,,,,,
2024-05-31 11:30:00,OPEC Crude Oil Production Algeria (Barrel),,,,,,,
2024-05-31 11:30:00,OPEC Crude oil Production Iran (Barrel),,,,,,,
2024-05-31 11:30:00,OPEC Crude Oil Production Gabon (Barrel),,,,,,,
2024-05-31 11:30:00,OPEC Crude Oil Production Congo (Barrel),,,,,,,
2024-05-31 12:30:00,Core PCE Price Index (MoM) (Apr),,,,,,,
2024-05-31 12:30:00,PCE price index (MoM) (Apr),,,,,,,
2024-05-31 12:30:00,PCE Price index (YoY) (Apr),,,,,,,
2024-05-31 12:30:00,Core PCE Price Index (YoY) (Apr),,,,,,,
2024-05-31 12:30:00,Personal Spending (MoM) (Apr),,,,,,,
2024-05-31 12:30:00,Real Personal Consumption (MoM) (Apr),,,,,,,
2024-05-31 12:30:00,Personal Income (MoM) (Apr),,,,,,,
2024-05-31 13:00:00,Dallas Fed PCE (Apr),,,,,,,
2024-05-31 13:45:00,Chicago PMI (May),,,,,,,
2024-05-31 14:30:00,Atlanta Fed GDPNow (Q2),,,,,,,
2024-05-31 17:00:00,U.S. Baker Hughes Oil Rig Count,,,,,,,
2024-05-31 17:00:00,U.S. Baker Hughes Total Rig Count,,,,,,,
2024-05-31 19:30:00,CFTC Copper speculative net positions,,,,,,,
2024-05-31 19:30:00,CFTC Gold speculative net positions,,,,,,,
2024-05-31 19:30:00,CFTC Aluminium speculative net positions,,,,,,,
2024-05-31 19:30:00,CFTC Corn speculative net positions,,,,,,,
2024-05-31 19:30:00,CFTC Crude Oil speculative net positions,,,,,,,
2024-05-31 19:30:00,CFTC Natural Gas speculative net positions,,,,,,,
2024-05-31 19:30:00,CFTC S&P 500 speculative net positions,,,,,,,
2024-05-31 19:30:00,CFTC Silver speculative net positions,,,,,,,
2024-05-31 19:30:00,CFTC Soybeans speculative net positions,,,,,,,
2024-05-31 19:30:00,CFTC Wheat speculative net positions,,,,,,,
2024-05-31 19:30:00,CFTC Nasdaq 100 speculative net positions,,,,,,,
2024-05-31 22:15:00,FOMC Member Bostic Speaks,,,,,,,
2024-06-02 10:00:00,OPEC Meeting,,,,,,,
2024-06-03 13:45:00,S&P Global US Manufacturing PMI (May),,,,,,,
2024-06-03 14:00:00,ISM Manufacturing Employment (May),,,,,,,
2024-06-03 14:00:00,Construction Spending (MoM) (Apr),,,,,,,
2024-06-03 14:00:00,ISM Manufacturing New Orders Index (May),,,,,,,
2024-06-03 14:00:00,ISM Manufacturing Prices (May),,,,,,,
2024-06-03 14:00:00,ISM Manufacturing PMI (May),,,,,,,
2024-06-03 15:30:00,3-Month Bill Auction,,,,,,,
2024-06-03 15:30:00,6-Month Bill Auction,,,,,,,
2024-06-03 16:00:00,Atlanta Fed GDPNow (Q2),,,,,,,
2024-06-04 12:55:00,Redbook (YoY),,,,,,,
2024-06-04 13:00:00,All Truck Sales (May),,,,,,,
2024-06-04 13:00:00,All Car Sales (May),,,,,,,
2024-06-04 14:00:00,Factory Orders (MoM) (Apr),,,,,,,
2024-06-04 14:00:00,Durables Excluding Defense (MoM) (Apr),,,,,,,
2024-06-04 14:00:00,Durables Excluding Transport (MoM) (Apr),,,,,,,
2024-06-04 14:00:00,Factory orders ex transportation (MoM) (Apr),,,,,,,
2024-06-04 14:00:00,JOLTs Job Openings (Apr),,,,,,,
2024-06-04 14:00:00,IBD/TIPP Economic Optimism,,,,,,,
2024-06-04 20:30:00,API Weekly Crude Oil Stock,,,,,,,
2024-06-05 11:00:00,MBA 30-Year Mortgage Rate,,,,,,,
2024-06-05 11:00:00,MBA Mortgage Applications (WoW),,,,,,,
2024-06-05 11:00:00,MBA Purchase Index,,,,,,,
2024-06-05 11:00:00,Mortgage Market Index,,,,,,,
2024-06-05 11:00:00,Mortgage Refinance Index,,,,,,,
2024-06-05 12:15:00,ADP Nonfarm Employment Change (May),,,,,,,
2024-06-05 13:45:00,S&P Global Composite PMI (May),,,,,,,
2024-06-05 13:45:00,S&P Global Services PMI (May),,,,,,,
2024-06-05 14:00:00,ISM Non-Manufacturing Employment (May),,,,,,,
2024-06-05 14:00:00,ISM Non-Manufacturing New Orders (May),,,,,,,
2024-06-05 14:00:00,ISM Non-Manufacturing PMI (May),,,,,,,
2024-06-05 14:00:00,ISM Non-Manufacturing Prices (May),,,,,,,
2024-06-05 14:00:00,ISM Non-Manufacturing Business Activity (May),,,,,,,
2024-06-05 14:30:00,Distillate Fuel Production,,,,,,,
2024-06-05 14:30:00,Cushing Crude Oil Inventories,,,,,,,
2024-06-05 14:30:00,Crude Oil Inventories,,,,,,,
2024-06-05 14:30:00,EIA Refinery Crude Runs (WoW),,,,,,,
2024-06-05 14:30:00,Crude Oil Imports,,,,,,,
2024-06-05 14:30:00,EIA Weekly Distillates Stocks,,,,,,,
2024-06-05 14:30:00,Gasoline Production,,,,,,,
2024-06-05 14:30:00,Heating Oil Stockpiles,,,,,,,
2024-06-05 14:30:00,EIA Weekly Refinery Utilization Rates (WoW),,,,,,,
2024-06-05 14:30:00,Total Vehicle Sales,,,,,,,
2024-06-05 14:30:00,Gasoline Inventories,,,,,,,
2024-06-06 11:30:00,Challenger Job Cuts (YoY),,,,,,,
2024-06-06 11:30:00,Challenger Job Cuts (May),,,,,,,
2024-06-06 12:30:00,Imports (Apr),,,,,,,
2024-06-06 12:30:00,Continuing Jobless Claims,,,,,,,
2024-06-06 12:30:00,Exports (Apr),,,,,,,
2024-06-06 12:30:00,Initial Jobless Claims,,,,,,,
2024-06-06 12:30:00,Nonfarm Productivity (QoQ) (Q1),,,,,,,
2024-06-06 12:30:00,Trade Balance (Apr),,,,,,,
2024-06-06 12:30:00,Unit Labor Costs (QoQ) (Q1),,,,,,,
2024-06-06 12:30:00,Jobless Claims 4-Week Avg.,,,,,,,
2024-06-06 14:20:00,Atlanta Fed GDPNow (Q2),,,,,,,
2024-06-06 14:30:00,Natural Gas Storage,,,,,,,
2024-06-06 15:30:00,8-Week Bill Auction,,,,,,,
2024-06-06 15:30:00,4-Week Bill Auction,,,,,,,
2024-06-06 20:30:00,Reserve Balances with Federal Reserve Banks,,,,,,,
2024-06-06 20:30:00,Fed's Balance Sheet,,,,,,,
2024-06-07 12:30:00,Private Nonfarm Payrolls (May),,,,,,,
2024-06-07 12:30:00,Average Hourly Earnings (MoM) (May),,,,,,,
2024-06-07 12:30:00,Participation Rate (May),,,,,,,
2024-06-07 12:30:00,Unemployment Rate (May),,,,,,,
2024-06-07 12:30:00,U6 Unemployment Rate (May),,,,,,,
2024-06-07 12:30:00,Nonfarm Payrolls (May),,,,,,,
2024-06-07 12:30:00,Average Hourly Earnings (YoY) (YoY) (May),,,,,,,
2024-06-07 12:30:00,Government Payrolls (May),,,,,,,
2024-06-07 12:30:00,Average Weekly Hours (May),,,,,,,
2024-06-07 12:30:00,Manufacturing Payrolls (May),,,,,,,
2024-06-07 14:00:00,Wholesale Trade Sales (MoM) (Apr),,,,,,,
2024-06-07 14:00:00,Wholesale Inventories (MoM) (Apr),,,,,,,
2024-06-07 16:00:00,Fed Governor Cook Speaks,,,,,,,
2024-06-07 17:00:00,Atlanta Fed GDPNow (Q2),,,,,,,
2024-06-07 17:00:00,U.S. Baker Hughes Oil Rig Count,,,,,,,
2024-06-07 17:00:00,U.S. Baker Hughes Total Rig Count,,,,,,,
2024-06-07 19:00:00,Consumer Credit (Apr),,,,,,,
2024-06-07 19:30:00,CFTC Gold speculative net positions,,,,,,,
2024-06-07 19:30:00,CFTC Aluminium speculative net positions,,,,,,,
2024-06-07 19:30:00,CFTC Copper speculative net positions,,,,,,,
2024-06-07 19:30:00,CFTC Corn speculative net positions,,,,,,,
2024-06-07 19:30:00,CFTC Crude Oil speculative net positions,,,,,,,
2024-06-07 19:30:00,CFTC Nasdaq 100 speculative net positions,,,,,,,
2024-06-07 19:30:00,CFTC Natural Gas speculative net positions,,,,,,,
2024-06-07 19:30:00,CFTC S&P 500 speculative net positions,,,,,,,
2024-06-07 19:30:00,CFTC Silver speculative net positions,,,,,,,
2024-06-07 19:30:00,CFTC Soybeans speculative net positions,,,,,,,
2024-06-07 19:30:00,CFTC Wheat speculative net positions,,,,,,,
2024-06-10 14:00:00,CB Employment Trends Index (May),,,,,,,
2024-06-10 15:00:00,NY Fed 1-Year Consumer Inflation Expectations,,,,,,,
2024-06-10 15:30:00,6-Month Bill Auction,,,,,,,
2024-06-10 15:30:00,3-Month Bill Auction,,,,,,,
2024-06-10 17:00:00,3-Year Note Auction,,,,,,,
2024-06-11 10:00:00,NFIB Small Business Optimism (May),,,,,,,
2024-06-11 11:00:00,OPEC Monthly Report,,,,,,,
2024-06-11 12:55:00,Redbook (YoY),,,,,,,
2024-06-11 15:30:00,52-Week Bill Auction,,,,,,,
2024-06-11 16:00:00,EIA Short-Term Energy Outlook,,,,,,,
2024-06-11 17:00:00,10-Year Note Auction,,,,,,,
2024-06-11 20:30:00,API Weekly Crude Oil Stock,,,,,,,
2024-06-12 08:00:00,IEA Monthly Report,,,,,,,
2024-06-12 11:00:00,Mortgage Refinance Index,,,,,,,
2024-06-12 11:00:00,Mortgage Market Index,,,,,,,
2024-06-12 11:00:00,MBA Mortgage Applications (WoW),,,,,,,
2024-06-12 11:00:00,MBA 30-Year Mortgage Rate,,,,,,,
2024-06-12 11:00:00,MBA Purchase Index,,,,,,,
2024-06-12 12:30:00,"CPI, n.s.a (MoM) (May)",,,,,,,
2024-06-12 12:30:00,"CPI Index, s.a (May)",,,,,,,
2024-06-12 12:30:00,Real Earnings (MoM) (May),,,,,,,
2024-06-12 12:30:00,CPI (MoM) (May),,,,,,,
2024-06-12 12:30:00,"CPI Index, n.s.a. (May)",,,,,,,
2024-06-12 12:30:00,Core CPI Index (May),,,,,,,
2024-06-12 12:30:00,Core CPI (YoY) (May),,,,,,,
2024-06-12 12:30:00,Core CPI (MoM) (May),,,,,,,
2024-06-12 12:30:00,CPI (YoY) (May),,,,,,,
2024-06-12 14:30:00,Cushing Crude Oil Inventories,,,,,,,
2024-06-12 14:30:00,Crude Oil Inventories,,,,,,,
2024-06-12 14:30:00,EIA Refinery Crude Runs (WoW),,,,,,,
2024-06-12 14:30:00,EIA Weekly Distillates Stocks,,,,,,,
2024-06-12 14:30:00,Crude Oil Imports,,,,,,,
2024-06-12 14:30:00,Gasoline Production,,,,,,,
2024-06-12 14:30:00,Heating Oil Stockpiles,,,,,,,
2024-06-12 14:30:00,EIA Weekly Refinery Utilization Rates (WoW),,,,,,,
2024-06-12 14:30:00,Gasoline Inventories,,,,,,,
2024-06-12 14:30:00,Distillate Fuel Production,,,,,,,
2024-06-12 15:00:00,Cleveland CPI (MoM) (May),,,,,,,
2024-06-12 15:00:00,Thomson Reuters IPSOS PCSI (Jun),,,,,,,
2024-06-12 16:00:00,WASDE Report,,,,,,,
2024-06-12 18:00:00,Interest Rate Projection - 2nd Yr (Q2),,,,,,,
2024-06-12 18:00:00,Federal Budget Balance (May),,,,,,,
2024-06-12 18:00:00,Interest Rate Projection - 1st Yr (Q2),,,,,,,
2024-06-12 18:00:00,FOMC Economic Projections,,,,,,,
2024-06-12 18:00:00,FOMC Statement,,,,,,,
2024-06-12 18:00:00,Fed Interest Rate Decision,,,,,,,
2024-06-12 18:00:00,Interest Rate Projection - Longer (Q2),,,,,,,
2024-06-12 18:00:00,Interest Rate Projection - Current (Q2),,,,,,,
2024-06-12 18:30:00,FOMC Press Conference,,,,,,,
2024-06-13 12:30:00,Continuing Jobless Claims,,,,,,,
2024-06-13 12:30:00,PPI ex. Food/Energy/Transport (YoY) (May),,,,,,,
2024-06-13 12:30:00,PPI (MoM) (May),,,,,,,
2024-06-13 12:30:00,PPI ex. Food/Energy/Transport (MoM) (May),,,,,,,
2024-06-13 12:30:00,Initial Jobless Claims,,,,,,,
2024-06-13 12:30:00,Jobless Claims 4-Week Avg.,,,,,,,
2024-06-13 12:30:00,PPI (YoY) (May),,,,,,,
2024-06-13 12:30:00,Core PPI (YoY) (May),,,,,,,
2024-06-13 12:30:00,Core PPI (MoM) (May),,,,,,,
2024-06-13 14:30:00,Natural Gas Storage,,,,,,,
2024-06-13 15:30:00,4-Week Bill Auction,,,,,,,
2024-06-13 15:30:00,8-Week Bill Auction,,,,,,,
2024-06-13 16:00:00,FOMC Member Williams Speaks,,,,,,,
2024-06-13 16:00:00,Treasury Secretary Yellen Speaks,,,,,,,
2024-06-13 17:00:00,30-Year Bond Auction,,,,,,,
2024-06-13 20:30:00,Fed's Balance Sheet,,,,,,,
2024-06-13 20:30:00,Reserve Balances with Federal Reserve Banks,,,,,,,
2024-06-14 12:30:00,Import Price Index (MoM) (May),,,,,,,
2024-06-14 12:30:00,Export Price Index (MoM) (May),,,,,,,
2024-06-14 12:30:00,Export Price Index (YoY),,,,,,,
2024-06-14 12:30:00,Import Price Index (YoY),,,,,,,
2024-06-14 14:00:00,Michigan 1-Year Inflation Expectations (Jun),,,,,,,
2024-06-14 14:00:00,Michigan 5-Year Inflation Expectations (Jun),,,,,,,
2024-06-14 14:00:00,Michigan Current Conditions (Jun),,,,,,,
2024-06-14 14:00:00,Michigan Consumer Sentiment (Jun),,,,,,,
2024-06-14 14:00:00,Michigan Consumer Expectations (Jun),,,,,,,
2024-06-14 15:00:00,Fed Monetary Policy Report,,,,,,,
2024-06-14 17:00:00,U.S. Baker Hughes Oil Rig Count,,,,,,,
2024-06-14 17:00:00,U.S. Baker Hughes Total Rig Count,,,,,,,
2024-06-14 18:00:00,Fed Goolsbee Speaks,,,,,,,
2024-06-14 19:30:00,CFTC Corn speculative net positions,,,,,,,
2024-06-14 19:30:00,CFTC Gold speculative net positions,,,,,,,
2024-06-14 19:30:00,CFTC Aluminium speculative net positions,,,,,,,
2024-06-14 19:30:00,CFTC Copper speculative net positions,,,,,,,
2024-06-14 19:30:00,CFTC Crude Oil speculative net positions,,,,,,,
2024-06-14 19:30:00,CFTC Soybeans speculative net positions,,,,,,,
2024-06-14 19:30:00,CFTC Nasdaq 100 speculative net positions,,,,,,,
2024-06-14 19:30:00,CFTC S&P 500 speculative net positions,,,,,,,
2024-06-14 19:30:00,CFTC Silver speculative net positions,,,,,,,
2024-06-14 19:30:00,CFTC Natural Gas speculative net positions,,,,,,,
2024-06-14 19:30:00,CFTC Wheat speculative net positions,,,,,,,
2024-06-14 23:00:00,Fed Governor Cook Speaks,,,,,,,
2024-06-17 12:30:00,NY Empire State Manufacturing Index (Jun),,,,,,,
2024-06-17 15:30:00,6-Month Bill Auction,,,,,,,
2024-06-17 15:30:00,3-Month Bill Auction,,,,,,,
2024-06-17 16:00:00,FOMC Member Williams Speaks,,,,,,,
2024-06-17 17:00:00,FOMC Member Harker Speaks,,,,,,,
2024-06-18 01:00:00,Fed Governor Cook Speaks,,,,,,,
2024-06-18 12:30:00,Core Retail Sales (MoM) (May),,,,,,,
2024-06-18 12:30:00,Retail Sales (YoY) (May),,,,,,,
2024-06-18 12:30:00,Retail Sales Ex Gas/Autos (MoM) (May),,,,,,,
2024-06-18 12:30:00,Retail Sales (MoM) (May),,,,,,,
2024-06-18 12:30:00,Retail Control (MoM) (May),,,,,,,
2024-06-18 12:55:00,Redbook (YoY),,,,,,,
2024-06-18 13:15:00,Capacity Utilization Rate (May),,,,,,,
2024-06-18 13:15:00,Industrial Production (YoY) (May),,,,,,,
2024-06-18 13:15:00,Industrial Production (MoM) (May),,,,,,,
2024-06-18 13:15:00,Manufacturing Production (MoM) (May),,,,,,,
2024-06-18 14:00:00,Retail Inventories Ex Auto (Apr),,,,,,,
2024-06-18 14:00:00,Business Inventories (MoM) (Apr),,,,,,,
2024-06-18 14:00:00,FOMC Member Barkin Speaks,,,,,,,
2024-06-18 15:40:00,Fed Collins Speaks,,,,,,,
2024-06-18 16:00:00,Atlanta Fed GDPNow (Q2),,,,,,,
2024-06-18 17:00:00,Fed Logan Speaks,,,,,,,
2024-06-18 17:00:00,20-Year Bond Auction,,,,,,,
2024-06-18 18:00:00,Fed Goolsbee Speaks,,,,,,,
2024-06-18 20:00:00,"US Foreign Buying, T-bonds (Apr)",,,,,,,
2024-06-18 20:00:00,Overall Net Capital Flow (Apr),,,,,,,
2024-06-18 20:00:00,TIC Net Long-Term Transactions (Apr),,,,,,,
2024-06-18 20:00:00,TIC Net Long-Term Transactions including Swaps (Apr),,,,,,,
2024-06-18 20:30:00,API Weekly Crude Oil Stock,,,,,,,
2024-06-19 11:00:00,MBA 30-Year Mortgage Rate,,,,,,,
2024-06-19 11:00:00,MBA Purchase Index,,,,,,,
2024-06-19 11:00:00,MBA Mortgage Applications (WoW),,,,,,,
2024-06-19 11:00:00,Mortgage Market Index,,,,,,,
2024-06-19 11:00:00,Mortgage Refinance Index,,,,,,,
2024-06-19 14:00:00,NAHB Housing Market Index (Jun),,,,,,,
2024-06-20 12:30:00,Housing Starts (MoM) (May),,,,,,,
2024-06-20 12:30:00,Building Permits (May),,,,,,,
2024-06-20 12:30:00,Building Permits (MoM) (May),,,,,,,
2024-06-20 12:30:00,Continuing Jobless Claims,,,,,,,
2024-06-20 12:30:00,Current Account (Q1),,,,,,,
2024-06-20 12:30:00,Philadelphia Fed Manufacturing Index (Jun),,,,,,,
2024-06-20 12:30:00,Housing Starts (May),,,,,,,
2024-06-20 12:30:00,Jobless Claims 4-Week Avg.,,,,,,,
2024-06-20 12:30:00,Philly Fed Business Conditions (Jun),,,,,,,
2024-06-20 12:30:00,Philly Fed CAPEX Index (Jun),,,,,,,
2024-06-20 12:30:00,Philly Fed Employment (Jun),,,,,,,
2024-06-20 12:30:00,Philly Fed New Orders (Jun),,,,,,,
2024-06-20 12:30:00,Philly Fed Prices Paid (Jun),,,,,,,
2024-06-20 12:30:00,Initial Jobless Claims,,,,,,,
2024-06-20 14:30:00,Atlanta Fed GDPNow (Q2),,,,,,,
2024-06-20 15:00:00,Cushing Crude Oil Inventories,,,,,,,
2024-06-20 15:00:00,Crude Oil Inventories,,,,,,,
2024-06-20 15:00:00,EIA Refinery Crude Runs (WoW),,,,,,,
2024-06-20 15:00:00,Crude Oil Imports,,,,,,,
2024-06-20 15:00:00,Distillate Fuel Production,,,,,,,
2024-06-20 15:00:00,EIA Weekly Distillates Stocks,,,,,,,
2024-06-20 15:00:00,Heating Oil Stockpiles,,,,,,,
2024-06-20 15:00:00,EIA Weekly Refinery Utilization Rates (WoW),,,,,,,
2024-06-20 15:00:00,Gasoline Inventories,,,,,,,
2024-06-20 15:00:00,Gasoline Production,,,,,,,
2024-06-20 15:30:00,4-Week Bill Auction,,,,,,,
2024-06-20 15:30:00,8-Week Bill Auction,,,,,,,
2024-06-20 17:00:00,5-Year TIPS Auction,,,,,,,
2024-06-20 20:00:00,FOMC Member Barkin Speaks,,,,,,,
2024-06-20 20:30:00,Reserve Balances with Federal Reserve Banks,,,,,,,
2024-06-20 20:30:00,Fed's Balance Sheet,,,,,,,
2024-06-21 13:45:00,S&P Global US Manufacturing PMI (Jun),,,,,,,
2024-06-21 13:45:00,S&P Global Composite PMI (Jun),,,,,,,
2024-06-21 13:45:00,S&P Global Services PMI (Jun),,,,,,,
2024-06-21 14:00:00,Existing Home Sales (May),,,,,,,
2024-06-21 14:00:00,Existing Home Sales (MoM) (May),,,,,,,
2024-06-21 14:00:00,US Leading Index (MoM) (May),,,,,,,
2024-06-21 14:30:00,Natural Gas Storage,,,,,,,
2024-06-21 15:00:00,Fed Monetary Policy Report,,,,,,,
2024-06-21 17:00:00,U.S. Baker Hughes Total Rig Count,,,,,,,
2024-06-21 17:00:00,U.S. Baker Hughes Oil Rig Count,,,,,,,
2024-06-24 07:00:00,Fed Waller Speaks,,,,,,,
2024-06-24 14:30:00,Dallas Fed Mfg Business Index (Jun),,,,,,,
2024-06-24 15:30:00,6-Month Bill Auction,,,,,,,
2024-06-24 15:30:00,3-Month Bill Auction,,,,,,,
2024-06-24 18:00:00,FOMC Member Daly Speaks,,,,,,,
2024-06-24 19:30:00,CFTC Gold speculative net positions,,,,,,,
2024-06-24 19:30:00,CFTC Aluminium speculative net positions,,,,,,,
2024-06-24 19:30:00,CFTC Copper speculative net positions,,,,,,,
2024-06-24 19:30:00,CFTC Corn speculative net positions,,,,,,,
2024-06-24 19:30:00,CFTC Natural Gas speculative net positions,,,,,,,
2024-06-24 19:30:00,CFTC Crude Oil speculative net positions,,,,,,,
2024-06-24 19:30:00,CFTC S&P 500 speculative net positions,,,,,,,
2024-06-24 19:30:00,CFTC Silver speculative net positions,,,,,,,
2024-06-24 19:30:00,CFTC Wheat speculative net positions,,,,,,,
2024-06-24 19:30:00,CFTC Soybeans speculative net positions,,,,,,,
2024-06-24 19:30:00,CFTC Nasdaq 100 speculative net positions,,,,,,,
2024-06-25 04:00:00,Fed Governor Cook Speaks,,,,,,,
2024-06-25 11:00:00,FOMC Member Bowman Speaks,,,,,,,
2024-06-25 12:30:00,Chicago Fed National Activity (May),,,,,,,
2024-06-25 12:55:00,Redbook (YoY),,,,,,,
2024-06-25 13:00:00,House Price Index (MoM) (Apr),,,,,,,
2024-06-25 13:00:00,S&P/CS HPI Composite - 20 n.s.a. (YoY) (Apr),,,,,,,
2024-06-25 13:00:00,House Price Index (YoY) (Apr),,,,,,,
2024-06-25 13:00:00,S&P/CS HPI Composite - 20 n.s.a. (MoM) (Apr),,,,,,,
2024-06-25 13:00:00,House Price Index (Apr),,,,,,,
2024-06-25 13:00:00,S&P/CS HPI Composite - 20 s.a. (MoM) (Apr),,,,,,,
2024-06-25 14:00:00,Richmond Services Index (Jun),,,,,,,
2024-06-25 14:00:00,Richmond Manufacturing Shipments (Jun),,,,,,,
2024-06-25 14:00:00,CB Consumer Confidence (Jun),,,,,,,
2024-06-25 14:00:00,Richmond Manufacturing Index (Jun),,,,,,,
2024-06-25 14:30:00,Dallas Fed Services Revenues (Jun),,,,,,,
2024-06-25 14:30:00,Texas Services Sector Outlook (Jun),,,,,,,
2024-06-25 16:00:00,Fed Governor Cook Speaks,,,,,,,
2024-06-25 17:00:00,M2 Money Supply (MoM),,,,,,,
2024-06-25 17:00:00,2-Year Note Auction,,,,,,,
2024-06-25 18:15:00,FOMC Member Bowman Speaks,,,,,,,
2024-06-25 20:30:00,API Weekly Crude Oil Stock,,,,,,,
2024-06-26 11:00:00,MBA 30-Year Mortgage Rate,,,,,,,
2024-06-26 11:00:00,MBA Mortgage Applications (WoW),,,,,,,
2024-06-26 11:00:00,MBA Purchase Index,,,,,,,
2024-06-26 11:00:00,Mortgage Market Index,,,,,,,
2024-06-26 11:00:00,Mortgage Refinance Index,,,,,,,
2024-06-26 12:30:00,Building Permits (MoM),,,,,,,
2024-06-26 12:30:00,Building Permits,,,,,,,
2024-06-26 14:00:00,New Home Sales (May),,,,,,,
2024-06-26 14:00:00,New Home Sales (MoM) (May),,,,,,,
2024-06-26 14:30:00,EIA Weekly Refinery Utilization Rates (WoW),,,,,,,
2024-06-26 14:30:00,EIA Weekly Distillates Stocks,,,,,,,
2024-06-26 14:30:00,Heating Oil Stockpiles,,,,,,,
2024-06-26 14:30:00,Gasoline Inventories,,,,,,,
2024-06-26 14:30:00,Gasoline Production,,,,,,,
2024-06-26 14:30:00,Cushing Crude Oil Inventories,,,,,,,
2024-06-26 14:30:00,Crude Oil Imports,,,,,,,
2024-06-26 14:30:00,EIA Refinery Crude Runs (WoW),,,,,,,
2024-06-26 14:30:00,Crude Oil Inventories,,,,,,,
2024-06-26 14:30:00,Distillate Fuel Production,,,,,,,
2024-06-26 17:00:00,5-Year Note Auction,,,,,,,
2024-06-26 20:30:00,Fed Bank Stress Test Results,,,,,,,
2024-06-27 12:30:00,Durables Excluding Defense (MoM) (May),,,,,,,
2024-06-27 12:30:00,Durable Goods Orders (MoM) (May),,,,,,,
2024-06-27 12:30:00,Corporate Profits (QoQ) (Q1),,,,,,,
2024-06-27 12:30:00,Durables Excluding Transport (MoM),,,,,,,
2024-06-27 12:30:00,Core PCE Prices (Q1),,,,,,,
2024-06-27 12:30:00,Core Durable Goods Orders (MoM) (May),,,,,,,
2024-06-27 12:30:00,Continuing Jobless Claims,,,,,,,
2024-06-27 12:30:00,GDP (QoQ) (Q1),,,,,,,
2024-06-27 12:30:00,PCE Prices (Q1),,,,,,,
2024-06-27 12:30:00,Jobless Claims 4-Week Avg.,,,,,,,
2024-06-27 12:30:00,GDP Sales (Q1),,,,,,,
2024-06-27 12:30:00,Goods Orders Non Defense Ex Air (MoM) (May),,,,,,,
2024-06-27 12:30:00,Goods Trade Balance (May),,,,,,,
2024-06-27 12:30:00,Initial Jobless Claims,,,,,,,
2024-06-27 12:30:00,Retail Inventories Ex Auto (May),,,,,,,
2024-06-27 12:30:00,Wholesale Inventories (MoM),,,,,,,
2024-06-27 12:30:00,Real Consumer Spending (Q1),,,,,,,
2024-06-27 12:30:00,GDP Price Index (QoQ) (Q1),,,,,,,
2024-06-27 14:00:00,Pending Home Sales Index (May),,,,,,,
2024-06-27 14:00:00,Pending Home Sales (MoM) (May),,,,,,,
2024-06-27 14:30:00,Atlanta Fed GDPNow (Q2),,,,,,,
2024-06-27 14:30:00,Natural Gas Storage,,,,,,,
2024-06-27 15:00:00,KC Fed Manufacturing Index (Jun),,,,,,,
2024-06-27 15:00:00,KC Fed Composite Index (Jun),,,,,,,
2024-06-27 15:30:00,4-Week Bill Auction,,,,,,,
2024-06-27 15:30:00,8-Week Bill Auction,,,,,,,
2024-06-27 17:00:00,7-Year Note Auction,,,,,,,
2024-06-27 20:30:00,Fed Bank Stress Test Results,,,,,,,
2024-06-28 10:40:00,FOMC Member Barkin Speaks,,,,,,,
2024-06-28 12:30:00,Personal Spending (MoM) (May),,,,,,,
2024-06-28 12:30:00,Core PCE Price Index (MoM) (May),,,,,,,
2024-06-28 12:30:00,Core PCE Price Index (YoY) (May),,,,,,,
2024-06-28 12:30:00,PCE Price index (YoY) (May),,,,,,,
2024-06-28 12:30:00,PCE price index (MoM) (May),,,,,,,
2024-06-28 12:30:00,Personal Income (MoM) (May),,,,,,,
2024-06-28 12:30:00,Real Personal Consumption (MoM) (May),,,,,,,
2024-06-28 13:00:00,Dallas Fed PCE (May),,,,,,,
2024-06-28 13:45:00,Chicago PMI (Jun),,,,,,,
2024-06-28 14:00:00,Michigan 5-Year Inflation Expectations (Jun),,,,,,,
2024-06-28 14:00:00,Michigan Current Conditions (Jun),,,,,,,
2024-06-28 14:00:00,Michigan Consumer Sentiment (Jun),,,,,,,
2024-06-28 14:00:00,Michigan 1-Year Inflation Expectations (Jun),,,,,,,
2024-06-28 14:00:00,Michigan Consumer Expectations (Jun),,,,,,,
2024-06-28 14:30:00,Atlanta Fed GDPNow (Q2),,,,,,,
2024-06-28 15:00:00,Fed Monetary Policy Report,,,,,,,
2024-06-28 16:00:00,FOMC Member Bowman Speaks,,,,,,,
2024-06-28 17:00:00,U.S. Baker Hughes Total Rig Count,,,,,,,
2024-06-28 17:00:00,U.S. Baker Hughes Oil Rig Count,,,,,,,
2024-07-01 13:45:00,S&P Global US Manufacturing PMI (Jun),"Monday, July 1, 2024",13:45,USD,,51.6,51.7,51.3
2024-07-01 14:00:00,Construction Spending (MoM) (May),"Monday, July 1, 2024",14:00,USD,,-0.10%,0.30%,0.30%
2024-07-01 14:00:00,ISM Manufacturing Employment (Jun),"Monday, July 1, 2024",14:00,USD,,49.3,50,51.1
2024-07-01 14:00:00,ISM Manufacturing New Orders Index (Jun),"Monday, July 1, 2024",14:00,USD,,49.3,49,45.4
2024-07-01 14:00:00,ISM Manufacturing PMI (Jun),"Monday, July 1, 2024",14:00,USD,,48.5,49.2,48.7
2024-07-01 14:00:00,ISM Manufacturing Prices (Jun),"Monday, July 1, 2024",14:00,USD,,52.1,55.8,57
2024-07-01 15:30:00,6-Month Bill Auction,"Monday, July 1, 2024",15:30,USD,,5.12%,,5.14%
2024-07-01 15:30:00,3-Month Bill Auction,"Monday, July 1, 2024",15:30,USD,,5.24%,,5.24%
2024-07-01 16:00:00,Atlanta Fed GDPNow (Q2),"Monday, July 1, 2024",16:00,USD,,1.70%,2.20%,2.20%
2024-07-02 12:55:00,Redbook (YoY),"Tuesday, July 2, 2024",12:55,USD,,5.80%,,5.30%
2024-07-02 13:30:00,Fed Chair Powell Speaks,"Tuesday, July 2, 2024",13:30,USD,,,,
2024-07-02 14:00:00,JOLTs Job Openings (May),"Tuesday, July 2, 2024",14:00,USD,,8.140M,7.960M,7.919M
2024-07-02 14:10:00,IBD/TIPP Economic Optimism,"Tuesday, July 2, 2024",14:10,USD,,44.2,41.2,40.5
2024-07-02 20:30:00,API Weekly Crude Oil Stock,"Tuesday, July 2, 2024",20:30,USD,,-9.163M,-0.150M,0.914M
2024-07-03 11:00:00,Mortgage Market Index,"Wednesday, July 3, 2024",11:00,USD,,206.5,,212
2024-07-03 11:00:00,Mortgage Refinance Index,"Wednesday, July 3, 2024",11:00,USD,,544.1,,552.4
2024-07-03 11:00:00,MBA Purchase Index,"Wednesday, July 3, 2024",11:00,USD,,142.9,,147.8
2024-07-03 11:00:00,MBA Mortgage Applications (WoW),"Wednesday, July 3, 2024",11:00,USD,,-2.60%,,0.80%
2024-07-03 11:00:00,MBA 30-Year Mortgage Rate,"Wednesday, July 3, 2024",11:00,USD,,7.03%,,6.93%
2024-07-03 11:00:00,FOMC Member Williams Speaks,"Wednesday, July 3, 2024",11:00,USD,,,,
2024-07-03 11:30:00,Challenger Job Cuts (YoY),"Wednesday, July 3, 2024",11:30,USD,,19.80%,,-20.30%
2024-07-03 11:30:00,Challenger Job Cuts (Jun),"Wednesday, July 3, 2024",11:30,USD,,48.786K,,63.816K
2024-07-03 12:00:00,All Car Sales (Jun),"Wednesday, July 3, 2024",12:00,USD,,2.76M,,3.06M
2024-07-03 12:00:00,All Truck Sales (Jun),"Wednesday, July 3, 2024",12:00,USD,,12.53M,,12.86M
2024-07-03 12:15:00,ADP Nonfarm Employment Change (Jun),"Wednesday, July 3, 2024",12:15,USD,,150K,163K,157K
2024-07-03 12:30:00,Continuing Jobless Claims,"Wednesday, July 3, 2024",12:30,USD,,"1,858K","1,840K","1,832K"
2024-07-03 12:30:00,Exports,"Wednesday, July 3, 2024",12:30,USD,,261.70B,,263.70B
2024-07-03 12:30:00,Imports,"Wednesday, July 3, 2024",12:30,USD,,336.70B,,338.20B
2024-07-03 12:30:00,Initial Jobless Claims,"Wednesday, July 3, 2024",12:30,USD,,238K,234K,234K
2024-07-03 12:30:00,Jobless Claims 4-Week Avg.,"Wednesday, July 3, 2024",12:30,USD,,238.50K,,236.25K
2024-07-03 12:30:00,Trade Balance (May),"Wednesday, July 3, 2024",12:30,USD,,-75.10B,-76.30B,-74.50B
2024-07-03 13:45:00,S&P Global Composite PMI (Jun),"Wednesday, July 3, 2024",13:45,USD,,54.8,54.6,54.5
2024-07-03 13:45:00,S&P Global Services PMI (Jun),"Wednesday, July 3, 2024",13:45,USD,,55.3,55.1,54.8
2024-07-03 14:00:00,ISM Non-Manufacturing Employment (Jun),"Wednesday, July 3, 2024",14:00,USD,,46.1,49,47.1
2024-07-03 14:00:00,ISM Non-Manufacturing Business Activity (Jun),"Wednesday, July 3, 2024",14:00,USD,,49.6,,61.2
2024-07-03 14:00:00,ISM Non-Manufacturing PMI (Jun),"Wednesday, July 3, 2024",14:00,USD,,48.8,52.6,53.8
2024-07-03 14:00:00,ISM Non-Manufacturing New Orders (Jun),"Wednesday, July 3, 2024",14:00,USD,,47.3,53.6,54.1
2024-07-03 14:00:00,Factory orders ex transportation (MoM) (May),"Wednesday, July 3, 2024",14:00,USD,,-0.70%,0.30%,0.50%
2024-07-03 14:00:00,ISM Non-Manufacturing Prices (Jun),"Wednesday, July 3, 2024",14:00,USD,,56.3,56.7,58.1
2024-07-03 14:00:00,Durables Excluding Transport (MoM) (May),"Wednesday, July 3, 2024",14:00,USD,,-0.10%,,-0.10%
2024-07-03 14:00:00,Durables Excluding Defense (MoM) (May),"Wednesday, July 3, 2024",14:00,USD,,-0.20%,,-0.20%
2024-07-03 14:00:00,8-Week Bill Auction,"Wednesday, July 3, 2024",14:00,USD,,5.28%,,5.26%
2024-07-03 14:00:00,4-Week Bill Auction,"Wednesday, July 3, 2024",14:00,USD,,5.28%,,5.27%
2024-07-03 14:00:00,Factory Orders (MoM) (May),"Wednesday, July 3, 2024",14:00,USD,,-0.50%,0.20%,0.40%
2024-07-03 14:30:00,Gasoline Inventories,"Wednesday, July 3, 2024",14:30,USD,,-2.214M,-1.500M,2.654M
2024-07-03 14:30:00,EIA Weekly Refinery Utilization Rates (WoW),"Wednesday, July 3, 2024",14:30,USD,,1.30%,,-1.30%
2024-07-03 14:30:00,Heating Oil Stockpiles,"Wednesday, July 3, 2024",14:30,USD,,-0.572M,,0.406M
2024-07-03 14:30:00,EIA Weekly Distillates Stocks,"Wednesday, July 3, 2024",14:30,USD,,-1.535M,-1.100M,-0.377M
2024-07-03 14:30:00,Gasoline Production,"Wednesday, July 3, 2024",14:30,USD,,0.180M,,-0.289M
2024-07-03 14:30:00,Cushing Crude Oil Inventories,"Wednesday, July 3, 2024",14:30,USD,,0.345M,,-0.226M
2024-07-03 14:30:00,Crude Oil Imports,"Wednesday, July 3, 2024",14:30,USD,,-0.555M,,0.065M
2024-07-03 14:30:00,EIA Refinery Crude Runs (WoW),"Wednesday, July 3, 2024",14:30,USD,,0.260M,,-0.233M
2024-07-03 14:30:00,Crude Oil Inventories,"Wednesday, July 3, 2024",14:30,USD,,-12.157M,-0.400M,3.591M
2024-07-03 14:30:00,Distillate Fuel Production,"Wednesday, July 3, 2024",14:30,USD,,0.204M,,0.142M
2024-07-03 15:30:00,Atlanta Fed GDPNow (Q2),"Wednesday, July 3, 2024",15:30,USD,,1.50%,1.70%,1.70%
2024-07-03 16:00:00,Natural Gas Storage,"Wednesday, July 3, 2024",16:00,USD,,32B,29B,52B
2024-07-03 18:00:00,FOMC Meeting Minutes,"Wednesday, July 3, 2024",18:00,USD,,,,
2024-07-05 09:40:00,FOMC Member Williams Speaks,"Friday, July 5, 2024",9:40,USD,,,,
2024-07-05 12:30:00,Participation Rate (Jun),"Friday, July 5, 2024",12:30,USD,,62.60%,62.60%,62.50%
2024-07-05 12:30:00,Unemployment Rate (Jun),"Friday, July 5, 2024",12:30,USD,,4.10%,4.00%,4.00%
2024-07-05 12:30:00,U6 Unemployment Rate (Jun),"Friday, July 5, 2024",12:30,USD,,7.40%,,7.40%
2024-07-05 12:30:00,Private Nonfarm Payrolls (Jun),"Friday, July 5, 2024",12:30,USD,,136K,160K,193K
2024-07-05 12:30:00,Nonfarm Payrolls (Jun),"Friday, July 5, 2024",12:30,USD,,206K,191K,218K
2024-07-05 12:30:00,Government Payrolls (Jun),"Friday, July 5, 2024",12:30,USD,,70.0K,,25.0K
2024-07-05 12:30:00,Average Weekly Hours (Jun),"Friday, July 5, 2024",12:30,USD,,34.3,34.3,34.3
2024-07-05 12:30:00,Average Hourly Earnings (MoM) (Jun),"Friday, July 5, 2024",12:30,USD,,0.30%,0.30%,0.40%
2024-07-05 12:30:00,Average Hourly Earnings (YoY) (YoY) (Jun),"Friday, July 5, 2024",12:30,USD,,3.90%,3.90%,4.10%
2024-07-05 12:30:00,Manufacturing Payrolls (Jun),"Friday, July 5, 2024",12:30,USD,,-8K,6K,8K
2024-07-05 15:00:00,Fed Monetary Policy Report,"Friday, July 5, 2024",15:00,USD,,,,
2024-07-05 17:00:00,U.S. Baker Hughes Oil Rig Count,"Friday, July 5, 2024",17:00,USD,,479,,479
2024-07-05 17:00:00,U.S. Baker Hughes Total Rig Count,"Friday, July 5, 2024",17:00,USD,,585,,581
2024-07-05 20:30:00,Fed's Balance Sheet,"Friday, July 5, 2024",20:30,USD,,"7,222B",,"7,231B"
2024-07-05 20:30:00,Reserve Balances with Federal Reserve Banks,"Friday, July 5, 2024",20:30,USD,,3.322T,,3.269T
2024-07-08 14:00:00,CB Employment Trends Index (Jun),"Monday, July 8, 2024",14:00,USD,,110.27,,111.04
2024-07-08 14:00:00,Total Vehicle Sales (Jun),"Monday, July 8, 2024",14:00,USD,,15.30M,,15.90M
2024-07-08 15:00:00,NY Fed 1-Year Consumer Inflation Expectations,"Monday, July 8, 2024",15:00,USD,,3.00%,,3.20%
2024-07-08 15:30:00,3-Month Bill Auction,"Monday, July 8, 2024",15:30,USD,,5.23%,,5.24%
2024-07-08 15:30:00,6-Month Bill Auction,"Monday, July 8, 2024",15:30,USD,,5.08%,,5.12%
2024-07-08 19:00:00,Consumer Credit (May),"Monday, July 8, 2024",19:00,USD,,11.35B,10.70B,6.49B
2024-07-08 19:30:00,CFTC Silver speculative net positions,"Monday, July 8, 2024",19:30,USD,,55.8K,,56.0K
2024-07-08 19:30:00,CFTC S&P 500 speculative net positions,"Monday, July 8, 2024",19:30,USD,,-11.8K,,-65.2K
2024-07-08 19:30:00,CFTC Wheat speculative net positions,"Monday, July 8, 2024",19:30,USD,,-38.7K,,-44.5K
2024-07-08 19:30:00,CFTC Soybeans speculative net positions,"Monday, July 8, 2024",19:30,USD,,-122.2K,,-111.2K
2024-07-08 19:30:00,CFTC Natural Gas speculative net positions,"Monday, July 8, 2024",19:30,USD,,-90.3K,,-89.3K
2024-07-08 19:30:00,CFTC Corn speculative net positions,"Monday, July 8, 2024",19:30,USD,,-228.7K,,-169.8K
2024-07-08 19:30:00,CFTC Gold speculative net positions,"Monday, July 8, 2024",19:30,USD,,241.5K,,246.2K
2024-07-08 19:30:00,CFTC Crude Oil speculative net positions,"Monday, July 8, 2024",19:30,USD,,279.9K,,271.2K
2024-07-08 19:30:00,CFTC Copper speculative net positions,"Monday, July 8, 2024",19:30,USD,,49.2K,,50.1K
2024-07-08 19:30:00,CFTC Aluminium speculative net positions,"Monday, July 8, 2024",19:30,USD,,2.2K,,2.3K
2024-07-08 19:30:00,CFTC Nasdaq 100 speculative net positions,"Monday, July 8, 2024",19:30,USD,,10.8K,,7.4K
2024-07-09 10:00:00,NFIB Small Business Optimism (Jun),"Tuesday, July 9, 2024",10:00,USD,,91.5,90.3,90.5
2024-07-09 12:55:00,Redbook (YoY),"Tuesday, July 9, 2024",12:55,USD,,6.30%,,5.80%
2024-07-09 13:15:00,Fed Vice Chair for Supervision Barr Speaks,"Tuesday, July 9, 2024",13:15,USD,,,,
2024-07-09 14:00:00,Treasury Secretary Yellen Speaks,"Tuesday, July 9, 2024",14:00,USD,,,,
2024-07-09 14:00:00,Fed Chair Powell Testifies,"Tuesday, July 9, 2024",14:00,USD,,,,
2024-07-09 15:30:00,52-Week Bill Auction,"Tuesday, July 9, 2024",15:30,USD,,4.78%,,4.92%
2024-07-09 16:00:00,EIA Short-Term Energy Outlook,"Tuesday, July 9, 2024",16:00,USD,,,,
2024-07-09 17:00:00,3-Year Note Auction,"Tuesday, July 9, 2024",17:00,USD,,4.40%,,4.66%
2024-07-09 17:30:00,FOMC Member Bowman Speaks,"Tuesday, July 9, 2024",17:30,USD,,,,
2024-07-09 20:30:00,API Weekly Crude Oil Stock,"Tuesday, July 9, 2024",20:30,USD,,-1.923M,-0.250M,-9.163M
2024-07-10 11:00:00,OPEC Monthly Report,"Wednesday, July 10, 2024",11:00,USD,,,,
2024-07-10 11:00:00,Mortgage Market Index,"Wednesday, July 10, 2024",11:00,USD,,206.1,,206.5
2024-07-10 11:00:00,Mortgage Refinance Index,"Wednesday, July 10, 2024",11:00,USD,,532.3,,544.1
2024-07-10 11:00:00,MBA Mortgage Applications (WoW),"Wednesday, July 10, 2024",11:00,USD,,-0.20%,,-2.60%
2024-07-10 11:00:00,MBA 30-Year Mortgage Rate,"Wednesday, July 10, 2024",11:00,USD,,7.00%,,7.03%
2024-07-10 11:00:00,MBA Purchase Index,"Wednesday, July 10, 2024",11:00,USD,,144.3,,142.9
2024-07-10 14:00:00,Fed Chair Powell Testifies,"Wednesday, July 10, 2024",14:00,USD,,,,
2024-07-10 14:00:00,Wholesale Inventories (MoM) (May),"Wednesday, July 10, 2024",14:00,USD,,0.60%,0.60%,0.10%
2024-07-10 14:00:00,Wholesale Trade Sales (MoM) (May),"Wednesday, July 10, 2024",14:00,USD,,0.40%,,0.20%
2024-07-10 14:30:00,Gasoline Inventories,"Wednesday, July 10, 2024",14:30,USD,,-2.006M,-1.900M,-2.214M
2024-07-10 14:30:00,EIA Weekly Refinery Utilization Rates (WoW),"Wednesday, July 10, 2024",14:30,USD,,1.90%,,1.30%
2024-07-10 14:30:00,Heating Oil Stockpiles,"Wednesday, July 10, 2024",14:30,USD,,0.356M,,-0.572M
2024-07-10 14:30:00,Gasoline Production,"Wednesday, July 10, 2024",14:30,USD,,0.239M,,0.180M
2024-07-10 14:30:00,EIA Weekly Distillates Stocks,"Wednesday, July 10, 2024",14:30,USD,,4.884M,-0.300M,-1.535M
2024-07-10 14:30:00,Distillate Fuel Production,"Wednesday, July 10, 2024",14:30,USD,,0.022M,,0.204M
2024-07-10 14:30:00,Crude Oil Imports,"Wednesday, July 10, 2024",14:30,USD,,0.615M,,-0.555M
2024-07-10 14:30:00,EIA Refinery Crude Runs (WoW),"Wednesday, July 10, 2024",14:30,USD,,0.317M,,0.260M
2024-07-10 14:30:00,Crude Oil Inventories,"Wednesday, July 10, 2024",14:30,USD,,-3.443M,0.700M,-12.157M
2024-07-10 14:30:00,Cushing Crude Oil Inventories,"Wednesday, July 10, 2024",14:30,USD,,-0.702M,,0.345M
2024-07-10 15:00:00,Thomson Reuters IPSOS PCSI (Jul),"Wednesday, July 10, 2024",15:00,USD,,55.99,,53.82
2024-07-10 16:00:00,Atlanta Fed GDPNow (Q2),"Wednesday, July 10, 2024",16:00,USD,,2.00%,1.50%,1.50%
2024-07-10 17:00:00,10-Year Note Auction,"Wednesday, July 10, 2024",17:00,USD,,4.28%,,4.44%
2024-07-10 18:30:00,Fed Goolsbee Speaks,"Wednesday, July 10, 2024",18:30,USD,,,,
2024-07-10 18:30:00,FOMC Member Bowman Speaks,"Wednesday, July 10, 2024",18:30,USD,,,,
2024-07-10 23:30:00,Fed Governor Cook Speaks,"Wednesday, July 10, 2024",23:30,USD,,,,
2024-07-11 09:00:00,IEA Monthly Report,"Thursday, July 11, 2024",9:00,USD,,,,
2024-07-11 12:30:00,Real Earnings (MoM) (Jun),"Thursday, July 11, 2024",12:30,USD,,0.30%,,0.40%
2024-07-11 12:30:00,Jobless Claims 4-Week Avg.,"Thursday, July 11, 2024",12:30,USD,,233.50K,,238.75K
2024-07-11 12:30:00,"CPI, n.s.a (MoM) (Jun)","Thursday, July 11, 2024",12:30,USD,,0.03%,,0.17%
2024-07-11 12:30:00,"CPI Index, s.a (Jun)","Thursday, July 11, 2024",12:30,USD,,313.05,,313.22
2024-07-11 12:30:00,"CPI Index, n.s.a. (Jun)","Thursday, July 11, 2024",12:30,USD,,314.18,314.63,314.07
2024-07-11 12:30:00,Initial Jobless Claims,"Thursday, July 11, 2024",12:30,USD,,222K,236K,239K
2024-07-11 12:30:00,CPI (MoM) (Jun),"Thursday, July 11, 2024",12:30,USD,,-0.10%,0.10%,0.00%
2024-07-11 12:30:00,Core CPI Index (Jun),"Thursday, July 11, 2024",12:30,USD,,318.35,318.78,318.14
2024-07-11 12:30:00,Core CPI (MoM) (Jun),"Thursday, July 11, 2024",12:30,USD,,0.10%,0.20%,0.20%
2024-07-11 12:30:00,Core CPI (YoY) (Jun),"Thursday, July 11, 2024",12:30,USD,,3.30%,3.40%,3.40%
2024-07-11 12:30:00,Continuing Jobless Claims,"Thursday, July 11, 2024",12:30,USD,,"1,852K","1,860K","1,856K"
2024-07-11 12:30:00,CPI (YoY) (Jun),"Thursday, July 11, 2024",12:30,USD,,3.00%,3.10%,3.30%
2024-07-11 14:30:00,Natural Gas Storage,"Thursday, July 11, 2024",14:30,USD,,65B,56B,32B
2024-07-11 15:00:00,Cleveland CPI (MoM) (Jun),"Thursday, July 11, 2024",15:00,USD,,0.20%,,0.20%
2024-07-11 15:30:00,4-Week Bill Auction,"Thursday, July 11, 2024",15:30,USD,,5.27%,,5.28%
2024-07-11 15:30:00,8-Week Bill Auction,"Thursday, July 11, 2024",15:30,USD,,5.26%,,5.28%
2024-07-11 15:30:00,FOMC Member Bostic Speaks,"Thursday, July 11, 2024",15:30,USD,,,,
2024-07-11 17:00:00,30-Year Bond Auction,"Thursday, July 11, 2024",17:00,USD,,4.41%,,4.40%
2024-07-11 18:00:00,Federal Budget Balance (Jun),"Thursday, July 11, 2024",18:00,USD,,-66.0B,-71.2B,-347.0B
2024-07-11 20:30:00,Reserve Balances with Federal Reserve Banks,"Thursday, July 11, 2024",20:30,USD,,3.341T,,3.322T
2024-07-11 20:30:00,Fed's Balance Sheet,"Thursday, July 11, 2024",20:30,USD,,"7,224B",,"7,222B"
2024-07-12 12:30:00,PPI ex. Food/Energy/Transport (MoM) (Jun),"Friday, July 12, 2024",12:30,USD,,0.00%,0.20%,0.20%
2024-07-12 12:30:00,PPI ex. Food/Energy/Transport (YoY) (Jun),"Friday, July 12, 2024",12:30,USD,,3.10%,,3.30%
2024-07-12 12:30:00,Core PPI (MoM) (Jun),"Friday, July 12, 2024",12:30,USD,,0.40%,0.20%,0.30%
2024-07-12 12:30:00,Core PPI (YoY) (Jun),"Friday, July 12, 2024",12:30,USD,,3.00%,2.50%,2.60%
2024-07-12 12:30:00,PPI (MoM) (Jun),"Friday, July 12, 2024",12:30,USD,,0.20%,0.10%,0.00%
2024-07-12 12:30:00,PPI (YoY) (Jun),"Friday, July 12, 2024",12:30,USD,,2.60%,2.30%,2.40%
2024-07-12 14:00:00,Michigan Current Conditions (Jul),"Friday, July 12, 2024",14:00,USD,,64.1,66.3,65.9
2024-07-12 14:00:00,Michigan Consumer Expectations (Jul),"Friday, July 12, 2024",14:00,USD,,67.2,69.8,69.6
2024-07-12 14:00:00,Michigan Consumer Sentiment (Jul),"Friday, July 12, 2024",14:00,USD,,66,68.5,68.2
2024-07-12 14:00:00,Michigan 1-Year Inflation Expectations (Jul),"Friday, July 12, 2024",14:00,USD,,2.90%,2.90%,3.00%
2024-07-12 14:00:00,Michigan 5-Year Inflation Expectations (Jul),"Friday, July 12, 2024",14:00,USD,,2.90%,3.00%,3.00%
2024-07-12 16:00:00,WASDE Report,"Friday, July 12, 2024",16:00,USD,,,,
2024-07-12 17:00:00,U.S. Baker Hughes Oil Rig Count,"Friday, July 12, 2024",17:00,USD,,478,,479
2024-07-12 17:00:00,U.S. Baker Hughes Total Rig Count,"Friday, July 12, 2024",17:00,USD,,584,,585
2024-07-12 19:30:00,CFTC S&P 500 speculative net positions,"Friday, July 12, 2024",19:30,USD,,-55.0K,,-11.8K
2024-07-12 19:30:00,CFTC Wheat speculative net positions,"Friday, July 12, 2024",19:30,USD,,-34.8K,,-38.7K
2024-07-12 19:30:00,CFTC Soybeans speculative net positions,"Friday, July 12, 2024",19:30,USD,,-150.2K,,-122.2K
2024-07-12 19:30:00,CFTC Silver speculative net positions,"Friday, July 12, 2024",19:30,USD,,61.1K,,55.8K
2024-07-12 19:30:00,CFTC Nasdaq 100 speculative net positions,"Friday, July 12, 2024",19:30,USD,,5.2K,,10.8K
2024-07-12 19:30:00,CFTC Natural Gas speculative net positions,"Friday, July 12, 2024",19:30,USD,,-105.5K,,-90.3K
2024-07-12 19:30:00,CFTC Gold speculative net positions,"Friday, July 12, 2024",19:30,USD,,254.8K,,241.5K
2024-07-12 19:30:00,CFTC Crude Oil speculative net positions,"Friday, July 12, 2024",19:30,USD,,283.9K,,279.9K
2024-07-12 19:30:00,CFTC Corn speculative net positions,"Friday, July 12, 2024",19:30,USD,,-239.9K,,-228.7K
2024-07-12 19:30:00,CFTC Copper speculative net positions,"Friday, July 12, 2024",19:30,USD,,56.0K,,49.2K
2024-07-12 19:30:00,CFTC Aluminium speculative net positions,"Friday, July 12, 2024",19:30,USD,,2.2K,,2.2K
2024-07-15 12:30:00,NY Empire State Manufacturing Index (Jul),"Monday, July 15, 2024",12:30,USD,,-6.6,-5.5,-6
2024-07-15 15:30:00,3-Month Bill Auction,"Monday, July 15, 2024",15:30,USD,,5.20%,,5.23%
2024-07-15 15:30:00,6-Month Bill Auction,"Monday, July 15, 2024",15:30,USD,,4.99%,,5.08%
2024-07-15 16:30:00,Fed Chair Powell Speaks,"Monday, July 15, 2024",16:30,USD,,,,
2024-07-15 20:35:00,FOMC Member Daly Speaks,"Monday, July 15, 2024",20:35,USD,,,,
2024-07-16 12:30:00,Retail Sales Ex Gas/Autos (MoM) (Jun),"Tuesday, July 16, 2024",12:30,USD,,0.80%,0.20%,0.30%
2024-07-16 12:30:00,Retail Sales (YoY) (Jun),"Tuesday, July 16, 2024",12:30,USD,,2.28%,,2.59%
2024-07-16 12:30:00,Retail Sales (MoM) (Jun),"Tuesday, July 16, 2024",12:30,USD,,0.00%,-0.30%,0.30%
2024-07-16 12:30:00,Retail Control (MoM) (Jun),"Tuesday, July 16, 2024",12:30,USD,,0.90%,0.20%,0.40%
2024-07-16 12:30:00,Core Retail Sales (MoM) (Jun),"Tuesday, July 16, 2024",12:30,USD,,0.40%,0.10%,0.10%
2024-07-16 12:30:00,Import Price Index (MoM) (Jun),"Tuesday, July 16, 2024",12:30,USD,,0.00%,0.20%,-0.20%
2024-07-16 12:30:00,Export Price Index (MoM) (Jun),"Tuesday, July 16, 2024",12:30,USD,,-0.50%,-0.10%,-0.70%
2024-07-16 12:30:00,Export Price Index (YoY) (Jun),"Tuesday, July 16, 2024",12:30,USD,,0.70%,1.00%,0.50%
2024-07-16 12:30:00,Import Price Index (YoY) (Jun),"Tuesday, July 16, 2024",12:30,USD,,1.60%,1.00%,1.40%
2024-07-16 12:55:00,Redbook (YoY),"Tuesday, July 16, 2024",12:55,USD,,4.80%,,6.30%
2024-07-16 14:00:00,Retail Inventories Ex Auto (May),"Tuesday, July 16, 2024",14:00,USD,,0.00%,0.00%,0.30%
2024-07-16 14:00:00,NAHB Housing Market Index (Jul),"Tuesday, July 16, 2024",14:00,USD,,42,43,43
2024-07-16 14:00:00,Business Inventories (MoM) (May),"Tuesday, July 16, 2024",14:00,USD,,0.50%,0.40%,0.30%
2024-07-16 16:00:00,Atlanta Fed GDPNow (Q2),"Tuesday, July 16, 2024",16:00,USD,,2.50%,2.00%,2.00%
2024-07-16 20:30:00,API Weekly Crude Oil Stock,"Tuesday, July 16, 2024",20:30,USD,,-4.440M,,-1.923M
2024-07-17 11:00:00,MBA 30-Year Mortgage Rate,"Wednesday, July 17, 2024",11:00,USD,,6.87%,,7.00%
2024-07-17 11:00:00,MBA Mortgage Applications (WoW),"Wednesday, July 17, 2024",11:00,USD,,3.90%,,-0.20%
2024-07-17 11:00:00,MBA Purchase Index,"Wednesday, July 17, 2024",11:00,USD,,140.4,,144.3
2024-07-17 11:00:00,Mortgage Market Index,"Wednesday, July 17, 2024",11:00,USD,,214.1,,206.1
2024-07-17 11:00:00,Mortgage Refinance Index,"Wednesday, July 17, 2024",11:00,USD,,613,,532.3
2024-07-17 12:30:00,Housing Starts (MoM) (Jun),"Wednesday, July 17, 2024",12:30,USD,,3.00%,,-4.60%
2024-07-17 12:30:00,Housing Starts (MoM) (Jun),"Wednesday, July 17, 2024",12:30,USD,,3.00%,,-4.60%
2024-07-17 12:30:00,Building Permits (Jun),"Wednesday, July 17, 2024",12:30,USD,,1.446M,1.400M,1.399M
2024-07-17 12:30:00,Building Permits (MoM) (Jun),"Wednesday, July 17, 2024",12:30,USD,,3.40%,,-2.80%
2024-07-17 13:00:00,FOMC Member Barkin Speaks,"Wednesday, July 17, 2024",13:00,USD,,,,
2024-07-17 13:15:00,Capacity Utilization Rate (Jun),"Wednesday, July 17, 2024",13:15,USD,,78.80%,78.50%,78.30%
2024-07-17 13:15:00,Industrial Production (YoY) (Jun),"Wednesday, July 17, 2024",13:15,USD,,1.58%,,0.34%
2024-07-17 13:15:00,Industrial Production (MoM) (Jun),"Wednesday, July 17, 2024",13:15,USD,,0.60%,0.30%,0.90%
2024-07-17 13:15:00,Manufacturing Production (MoM) (Jun),"Wednesday, July 17, 2024",13:15,USD,,0.40%,0.20%,1.00%
2024-07-17 13:35:00,Fed Waller Speaks,"Wednesday, July 17, 2024",13:35,USD,,,,
2024-07-17 14:30:00,Heating Oil Stockpiles,"Wednesday, July 17, 2024",14:30,USD,,0.252M,,0.356M
2024-07-17 14:30:00,Gasoline Inventories,"Wednesday, July 17, 2024",14:30,USD,,3.328M,-1.700M,-2.006M
2024-07-17 14:30:00,EIA Weekly Refinery Utilization Rates (WoW),"Wednesday, July 17, 2024",14:30,USD,,-1.70%,,1.90%
2024-07-17 14:30:00,EIA Weekly Distillates Stocks,"Wednesday, July 17, 2024",14:30,USD,,3.454M,-0.500M,4.884M
2024-07-17 14:30:00,Gasoline Production,"Wednesday, July 17, 2024",14:30,USD,,-0.751M,,0.239M
2024-07-17 14:30:00,Cushing Crude Oil Inventories,"Wednesday, July 17, 2024",14:30,USD,,-0.875M,,-0.702M
2024-07-17 14:30:00,Crude Oil Imports,"Wednesday, July 17, 2024",14:30,USD,,0.312M,,0.615M
2024-07-17 14:30:00,EIA Refinery Crude Runs (WoW),"Wednesday, July 17, 2024",14:30,USD,,-0.181M,,0.317M
2024-07-17 14:30:00,Crude Oil Inventories,"Wednesday, July 17, 2024",14:30,USD,,-4.870M,-0.900M,-3.443M
2024-07-17 14:30:00,Distillate Fuel Production,"Wednesday, July 17, 2024",14:30,USD,,0.101M,,0.022M
2024-07-17 15:00:00,Atlanta Fed GDPNow (Q2),"Wednesday, July 17, 2024",15:00,USD,,2.70%,2.50%,2.50%
2024-07-17 17:00:00,20-Year Bond Auction,"Wednesday, July 17, 2024",17:00,USD,,4.47%,,4.45%
2024-07-17 18:00:00,Beige Book,"Wednesday, July 17, 2024",18:00,USD,,,,
2024-07-18 12:30:00,Philly Fed Prices Paid (Jul),"Thursday, July 18, 2024",12:30,USD,,19.8,,22.5
2024-07-18 12:30:00,Philly Fed New Orders (Jul),"Thursday, July 18, 2024",12:30,USD,,20.7,,-2.2
2024-07-18 12:30:00,Philly Fed Employment (Jul),"Thursday, July 18, 2024",12:30,USD,,15.2,,-2.5
2024-07-18 12:30:00,Philly Fed CAPEX Index (Jul),"Thursday, July 18, 2024",12:30,USD,,7.4,,12.1
2024-07-18 12:30:00,Initial Jobless Claims,"Thursday, July 18, 2024",12:30,USD,,243K,229K,223K
2024-07-18 12:30:00,Philadelphia Fed Manufacturing Index (Jul),"Thursday, July 18, 2024",12:30,USD,,13.9,2.7,1.3
2024-07-18 12:30:00,Jobless Claims 4-Week Avg.,"Thursday, July 18, 2024",12:30,USD,,234.75K,,233.75K
2024-07-18 12:30:00,Continuing Jobless Claims,"Thursday, July 18, 2024",12:30,USD,,"1,867K","1,860K","1,847K"
2024-07-18 12:30:00,Philly Fed Business Conditions (Jul),"Thursday, July 18, 2024",12:30,USD,,38.7,,13.8
2024-07-18 14:00:00,US Leading Index (MoM) (Jun),"Thursday, July 18, 2024",14:00,USD,,-0.20%,-0.30%,-0.40%
2024-07-18 14:30:00,Natural Gas Storage,"Thursday, July 18, 2024",14:30,USD,,10B,27B,65B
2024-07-18 15:30:00,8-Week Bill Auction,"Thursday, July 18, 2024",15:30,USD,,5.26%,,5.26%
2024-07-18 15:30:00,4-Week Bill Auction,"Thursday, July 18, 2024",15:30,USD,,5.27%,,5.27%
2024-07-18 17:00:00,10-Year TIPS Auction,"Thursday, July 18, 2024",17:00,USD,,1.88%,,2.18%
2024-07-18 17:45:00,Fed Logan Speaks,"Thursday, July 18, 2024",17:45,USD,,,,
2024-07-18 20:00:00,"US Foreign Buying, T-bonds (May)","Thursday, July 18, 2024",20:00,USD,,45.90B,,76.50B
2024-07-18 20:00:00,Overall Net Capital Flow (May),"Thursday, July 18, 2024",20:00,USD,,15.80B,,64.20B
2024-07-18 20:00:00,TIC Net Long-Term Transactions (May),"Thursday, July 18, 2024",20:00,USD,,-54.6B,98.4B,123.3B
2024-07-18 20:00:00,TIC Net Long-Term Transactions including Swaps (May),"Thursday, July 18, 2024",20:00,USD,,-54.60B,,123.30B
2024-07-18 20:30:00,Fed's Balance Sheet,"Thursday, July 18, 2024",20:30,USD,,"7,208B",,"7,224B"
2024-07-18 20:30:00,Reserve Balances with Federal Reserve Banks,"Thursday, July 18, 2024",20:30,USD,,3.322T,,3.341T
2024-07-18 22:05:00,FOMC Member Daly Speaks,"Thursday, July 18, 2024",22:05,USD,,,,
2024-07-18 23:45:00,FOMC Member Bowman Speaks,"Thursday, July 18, 2024",23:45,USD,,,,
2024-07-19 14:40:00,FOMC Member Williams Speaks,"Friday, July 19, 2024",14:40,USD,,,,
2024-07-19 16:45:00,FOMC Member Bostic Speaks,"Friday, July 19, 2024",16:45,USD,,,,
2024-07-19 17:00:00,U.S. Baker Hughes Oil Rig Count,"Friday, July 19, 2024",17:00,USD,,477,,478
2024-07-19 17:00:00,U.S. Baker Hughes Total Rig Count,"Friday, July 19, 2024",17:00,USD,,586,,584
2024-07-19 19:30:00,CFTC Wheat speculative net positions,"Friday, July 19, 2024",19:30,USD,,-36.1K,,-34.8K
2024-07-19 19:30:00,CFTC Soybeans speculative net positions,"Friday, July 19, 2024",19:30,USD,,-161.5K,,-150.2K
2024-07-19 19:30:00,CFTC S&P 500 speculative net positions,"Friday, July 19, 2024",19:30,USD,,-55.0K,,-55.0K
2024-07-19 19:30:00,CFTC Natural Gas speculative net positions,"Friday, July 19, 2024",19:30,USD,,-93.5K,,-105.5K
2024-07-19 19:30:00,CFTC Nasdaq 100 speculative net positions,"Friday, July 19, 2024",19:30,USD,,5.2K,,5.2K
2024-07-19 19:30:00,CFTC Silver speculative net positions,"Friday, July 19, 2024",19:30,USD,,61.1K,,61.1K
2024-07-19 19:30:00,CFTC Crude Oil speculative net positions,"Friday, July 19, 2024",19:30,USD,,287.6K,,283.9K
2024-07-19 19:30:00,CFTC Corn speculative net positions,"Friday, July 19, 2024",19:30,USD,,-238.8K,,-239.9K
2024-07-19 19:30:00,CFTC Copper speculative net positions,"Friday, July 19, 2024",19:30,USD,,56.0K,,56.0K
2024-07-19 19:30:00,CFTC Aluminium speculative net positions,"Friday, July 19, 2024",19:30,USD,,2.2K,,2.2K
2024-07-19 19:30:00,CFTC Gold speculative net positions,"Friday, July 19, 2024",19:30,USD,,254.8K,,254.8K
2024-07-22 12:30:00,Chicago Fed National Activity (Jun),"Monday, July 22, 2024",12:30,USD,,0.05,-0.09,0.23
2024-07-22 15:30:00,3-Month Bill Auction,"Monday, July 22, 2024",15:30,USD,,5.19%,,5.20%
2024-07-22 15:30:00,6-Month Bill Auction,"Monday, July 22, 2024",15:30,USD,,4.99%,,4.99%
2024-07-23 12:55:00,Redbook (YoY),"Tuesday, July 23, 2024",12:55,USD,,4.90%,,4.80%
2024-07-23 14:00:00,Richmond Services Index (Jul),"Tuesday, July 23, 2024",14:00,USD,,5,,-7
2024-07-23 14:00:00,Richmond Manufacturing Index (Jul),"Tuesday, July 23, 2024",14:00,USD,,-17,-7,-10
2024-07-23 14:00:00,Richmond Manufacturing Shipments (Jul),"Tuesday, July 23, 2024",14:00,USD,,-21,,-9
2024-07-23 14:00:00,Existing Home Sales (Jun),"Tuesday, July 23, 2024",14:00,USD,,3.89M,3.99M,4.11M
2024-07-23 14:00:00,Existing Home Sales (MoM) (Jun),"Tuesday, July 23, 2024",14:00,USD,,-5.40%,,-0.70%
2024-07-23 17:00:00,2-Year Note Auction,"Tuesday, July 23, 2024",17:00,USD,,4.43%,,4.71%
2024-07-23 17:00:00,M2 Money Supply (MoM) (Jun),"Tuesday, July 23, 2024",17:00,USD,,21.03T,,20.96T
2024-07-23 20:30:00,API Weekly Crude Oil Stock,"Tuesday, July 23, 2024",20:30,USD,,-3.900M,-2.470M,-4.440M
2024-07-24 08:05:00,Fed Logan Speaks,"Wednesday, July 24, 2024",8:05,USD,,,,
2024-07-24 11:00:00,MBA 30-Year Mortgage Rate,"Wednesday, July 24, 2024",11:00,USD,,6.82%,,6.87%
2024-07-24 11:00:00,MBA Mortgage Applications (WoW),"Wednesday, July 24, 2024",11:00,USD,,-2.20%,,3.90%
2024-07-24 11:00:00,MBA Purchase Index,"Wednesday, July 24, 2024",11:00,USD,,134.8,,140.4
2024-07-24 11:00:00,Mortgage Market Index,"Wednesday, July 24, 2024",11:00,USD,,209.3,,214.1
2024-07-24 11:00:00,Mortgage Refinance Index,"Wednesday, July 24, 2024",11:00,USD,,614.9,,613
2024-07-24 12:30:00,Wholesale Inventories (MoM),"Wednesday, July 24, 2024",12:30,USD,,0.20%,0.50%,0.60%
2024-07-24 12:30:00,Retail Inventories Ex Auto (Jun),"Wednesday, July 24, 2024",12:30,USD,,0.20%,,-0.10%
2024-07-24 12:30:00,Building Permits (MoM),"Wednesday, July 24, 2024",12:30,USD,,3.90%,3.40%,-2.80%
2024-07-24 12:30:00,Building Permits,"Wednesday, July 24, 2024",12:30,USD,,1.454M,1.446M,1.399M
2024-07-24 12:30:00,Goods Trade Balance (Jun),"Wednesday, July 24, 2024",12:30,USD,,-96.84B,-98.80B,-99.40B
2024-07-24 13:45:00,S&P Global US Manufacturing PMI (Jul),"Wednesday, July 24, 2024",13:45,USD,,49.5,51.7,51.6
2024-07-24 13:45:00,S&P Global Composite PMI (Jul),"Wednesday, July 24, 2024",13:45,USD,,55,54.2,54.8
2024-07-24 13:45:00,S&P Global Services PMI (Jul),"Wednesday, July 24, 2024",13:45,USD,,56,54.7,55.3
2024-07-24 14:00:00,New Home Sales (MoM) (Jun),"Wednesday, July 24, 2024",14:00,USD,,-0.60%,,-14.90%
2024-07-24 14:00:00,New Home Sales (Jun),"Wednesday, July 24, 2024",14:00,USD,,617K,639K,621K
2024-07-24 14:30:00,Gasoline Inventories,"Wednesday, July 24, 2024",14:30,USD,,-5.572M,,3.328M
2024-07-24 14:30:00,EIA Weekly Refinery Utilization Rates (WoW),"Wednesday, July 24, 2024",14:30,USD,,-2.10%,,-1.70%
2024-07-24 14:30:00,Heating Oil Stockpiles,"Wednesday, July 24, 2024",14:30,USD,,-0.489M,,0.252M
2024-07-24 14:30:00,Gasoline Production,"Wednesday, July 24, 2024",14:30,USD,,0.664M,,-0.751M
2024-07-24 14:30:00,EIA Weekly Distillates Stocks,"Wednesday, July 24, 2024",14:30,USD,,-2.753M,,3.454M
2024-07-24 14:30:00,Cushing Crude Oil Inventories,"Wednesday, July 24, 2024",14:30,USD,,-1.708M,,-0.875M
2024-07-24 14:30:00,Crude Oil Imports,"Wednesday, July 24, 2024",14:30,USD,,-0.388M,,0.312M
2024-07-24 14:30:00,EIA Refinery Crude Runs (WoW),"Wednesday, July 24, 2024",14:30,USD,,-0.521M,,-0.181M
2024-07-24 14:30:00,Crude Oil Inventories,"Wednesday, July 24, 2024",14:30,USD,,-3.741M,-2.600M,-4.870M
2024-07-24 14:30:00,Distillate Fuel Production,"Wednesday, July 24, 2024",14:30,USD,,-0.292M,,0.101M
2024-07-24 16:00:00,Atlanta Fed GDPNow (Q2),"Wednesday, July 24, 2024",16:00,USD,,2.60%,2.70%,2.70%
2024-07-24 17:00:00,5-Year Note Auction,"Wednesday, July 24, 2024",17:00,USD,,4.12%,,4.33%
2024-07-24 20:05:00,Fed Logan Speaks,"Wednesday, July 24, 2024",20:05,USD,,,,
2024-07-24 20:05:00,FOMC Member Bowman Speaks,"Wednesday, July 24, 2024",20:05,USD,,,,
2024-07-25 00:00:00,U.S. President Biden Speaks,"Thursday, July 25, 2024",0:00,USD,,,,
2024-07-25 12:30:00,Continuing Jobless Claims,"Thursday, July 25, 2024",12:30,USD,,"1,851K","1,860K","1,860K"
2024-07-25 12:30:00,Real Consumer Spending (Q2),"Thursday, July 25, 2024",12:30,USD,,2.30%,,1.50%
2024-07-25 12:30:00,PCE Prices (Q2),"Thursday, July 25, 2024",12:30,USD,,2.60%,,3.40%
2024-07-25 12:30:00,Jobless Claims 4-Week Avg.,"Thursday, July 25, 2024",12:30,USD,,235.50K,,235.25K
2024-07-25 12:30:00,Goods Orders Non Defense Ex Air (MoM) (Jun),"Thursday, July 25, 2024",12:30,USD,,1.00%,0.20%,-0.90%
2024-07-25 12:30:00,GDP Sales (Q2),"Thursday, July 25, 2024",12:30,USD,,2.00%,,1.80%
2024-07-25 12:30:00,Initial Jobless Claims,"Thursday, July 25, 2024",12:30,USD,,235K,237K,245K
2024-07-25 12:30:00,GDP (QoQ) (Q2),"Thursday, July 25, 2024",12:30,USD,,2.80%,2.00%,1.40%
2024-07-25 12:30:00,Durables Excluding Defense (MoM) (Jun),"Thursday, July 25, 2024",12:30,USD,,-7.00%,,-0.20%
2024-07-25 12:30:00,Durable Goods Orders (MoM) (Jun),"Thursday, July 25, 2024",12:30,USD,,-6.60%,0.30%,0.10%
2024-07-25 12:30:00,Core PCE Prices (Q2),"Thursday, July 25, 2024",12:30,USD,,2.90%,2.70%,3.70%
2024-07-25 12:30:00,Core Durable Goods Orders (MoM) (Jun),"Thursday, July 25, 2024",12:30,USD,,0.50%,0.20%,-0.10%
2024-07-25 12:30:00,GDP Price Index (QoQ) (Q2),"Thursday, July 25, 2024",12:30,USD,,2.30%,2.60%,3.10%
2024-07-25 14:30:00,Natural Gas Storage,"Thursday, July 25, 2024",14:30,USD,,22B,13B,10B
2024-07-25 15:00:00,KC Fed Composite Index (Jul),"Thursday, July 25, 2024",15:00,USD,,-13,,-8
2024-07-25 15:00:00,KC Fed Manufacturing Index (Jul),"Thursday, July 25, 2024",15:00,USD,,-12,,-11
2024-07-25 15:30:00,8-Week Bill Auction,"Thursday, July 25, 2024",15:30,USD,,5.26%,,5.26%
2024-07-25 15:30:00,4-Week Bill Auction,"Thursday, July 25, 2024",15:30,USD,,5.29%,,5.27%
2024-07-25 17:00:00,7-Year Note Auction,"Thursday, July 25, 2024",17:00,USD,,4.16%,,4.28%
2024-07-25 20:30:00,Reserve Balances with Federal Reserve Banks,"Thursday, July 25, 2024",20:30,USD,,3.276T,,3.322T
2024-07-25 20:30:00,Fed's Balance Sheet,"Thursday, July 25, 2024",20:30,USD,,"7,205B",,"7,208B"
2024-07-26 12:30:00,Core PCE Price Index (MoM) (Jun),"Friday, July 26, 2024",12:30,USD,,0.20%,0.20%,0.10%
2024-07-26 12:30:00,Core PCE Price Index (YoY) (Jun),"Friday, July 26, 2024",12:30,USD,,2.60%,2.50%,2.60%
2024-07-26 12:30:00,PCE price index (MoM) (Jun),"Friday, July 26, 2024",12:30,USD,,0.10%,0.10%,0.00%
2024-07-26 12:30:00,PCE Price index (YoY) (Jun),"Friday, July 26, 2024",12:30,USD,,2.50%,2.50%,2.60%
2024-07-26 12:30:00,Personal Income (MoM) (Jun),"Friday, July 26, 2024",12:30,USD,,0.20%,0.40%,0.40%
2024-07-26 12:30:00,Personal Spending (MoM) (Jun),"Friday, July 26, 2024",12:30,USD,,0.30%,0.30%,0.40%
2024-07-26 12:30:00,Real Personal Consumption (MoM) (Jun),"Friday, July 26, 2024",12:30,USD,,0.20%,,0.40%
2024-07-26 13:00:00,Dallas Fed PCE (Jun),"Friday, July 26, 2024",13:00,USD,,1.70%,,2.60%
2024-07-26 14:00:00,Michigan Current Conditions (Jul),"Friday, July 26, 2024",14:00,USD,,62.7,64.1,65.9
2024-07-26 14:00:00,Michigan Consumer Sentiment (Jul),"Friday, July 26, 2024",14:00,USD,,66.4,66,68.2
2024-07-26 14:00:00,Michigan 5-Year Inflation Expectations (Jul),"Friday, July 26, 2024",14:00,USD,,3.00%,2.90%,3.00%
2024-07-26 14:00:00,Michigan 1-Year Inflation Expectations (Jul),"Friday, July 26, 2024",14:00,USD,,2.90%,2.90%,3.00%
2024-07-26 14:00:00,Michigan Consumer Expectations (Jul),"Friday, July 26, 2024",14:00,USD,,68.8,67.2,69.6
2024-07-26 14:30:00,Atlanta Fed GDPNow (Q3),"Friday, July 26, 2024",14:30,USD,,2.80%,,
2024-07-26 17:00:00,U.S. Baker Hughes Total Rig Count,"Friday, July 26, 2024",17:00,USD,,589,,586
2024-07-26 17:00:00,U.S. Baker Hughes Oil Rig Count,"Friday, July 26, 2024",17:00,USD,,482,,477
2024-07-26 19:30:00,CFTC Silver speculative net positions,"Friday, July 26, 2024",19:30,USD,,51.4K,,61.1K
2024-07-26 19:30:00,CFTC S&P 500 speculative net positions,"Friday, July 26, 2024",19:30,USD,,-13.2K,,-55.0K
2024-07-26 19:30:00,CFTC Wheat speculative net positions,"Friday, July 26, 2024",19:30,USD,,-34.6K,,-36.1K
2024-07-26 19:30:00,CFTC Soybeans speculative net positions,"Friday, July 26, 2024",19:30,USD,,-138.4K,,-161.5K
2024-07-26 19:30:00,CFTC Nasdaq 100 speculative net positions,"Friday, July 26, 2024",19:30,USD,,-0.6K,,5.2K
2024-07-26 19:30:00,CFTC Natural Gas speculative net positions,"Friday, July 26, 2024",19:30,USD,,-88.4K,,-93.5K
2024-07-26 19:30:00,CFTC Gold speculative net positions,"Friday, July 26, 2024",19:30,USD,,273.1K,,254.8K
2024-07-26 19:30:00,CFTC Crude Oil speculative net positions,"Friday, July 26, 2024",19:30,USD,,276.0K,,287.6K
2024-07-26 19:30:00,CFTC Corn speculative net positions,"Friday, July 26, 2024",19:30,USD,,-222.0K,,-238.8K
2024-07-26 19:30:00,CFTC Copper speculative net positions,"Friday, July 26, 2024",19:30,USD,,42.2K,,56.0K
2024-07-26 19:30:00,CFTC Aluminium speculative net positions,"Friday, July 26, 2024",19:30,USD,,2.8K,,2.2K
2024-07-29 14:30:00,Dallas Fed Mfg Business Index (Jul),"Monday, July 29, 2024",14:30,USD,,-17.5,,-15.1
2024-07-29 15:30:00,3-Month Bill Auction,"Monday, July 29, 2024",15:30,USD,,5.15%,,5.19%
2024-07-29 15:30:00,6-Month Bill Auction,"Monday, July 29, 2024",15:30,USD,,4.93%,,4.99%
2024-07-30 12:55:00,Redbook (YoY),"Tuesday, July 30, 2024",12:55,USD,,4.50%,,4.90%
2024-07-30 13:00:00,S&P/CS HPI Composite - 20 n.s.a. (YoY) (May),"Tuesday, July 30, 2024",13:00,USD,,6.80%,6.50%,7.30%
2024-07-30 13:00:00,S&P/CS HPI Composite - 20 n.s.a. (MoM) (May),"Tuesday, July 30, 2024",13:00,USD,,1.00%,,1.40%
2024-07-30 13:00:00,S&P/CS HPI Composite - 20 s.a. (MoM) (May),"Tuesday, July 30, 2024",13:00,USD,,0.30%,0.30%,0.40%
2024-07-30 13:00:00,House Price Index (May),"Tuesday, July 30, 2024",13:00,USD,,424.6,,424.7
2024-07-30 13:00:00,House Price Index (MoM) (May),"Tuesday, July 30, 2024",13:00,USD,,0.00%,0.20%,0.30%
2024-07-30 13:00:00,House Price Index (YoY) (May),"Tuesday, July 30, 2024",13:00,USD,,5.70%,,6.50%
2024-07-30 14:00:00,CB Consumer Confidence (Jul),"Tuesday, July 30, 2024",14:00,USD,,100.3,99.7,97.8
2024-07-30 14:00:00,JOLTs Job Openings (Jun),"Tuesday, July 30, 2024",14:00,USD,,8.184M,8.020M,8.230M
2024-07-30 14:30:00,Dallas Fed Services Revenues (Jul),"Tuesday, July 30, 2024",14:30,USD,,7.7,,1.9
2024-07-30 14:30:00,Texas Services Sector Outlook (Jul),"Tuesday, July 30, 2024",14:30,USD,,-0.1,,-4.1
2024-07-30 20:30:00,API Weekly Crude Oil Stock,"Tuesday, July 30, 2024",20:30,USD,,-4.495M,,-3.900M
2024-07-31 11:00:00,Mortgage Refinance Index,"Wednesday, July 31, 2024",11:00,USD,,570.7,,614.9
2024-07-31 11:00:00,Mortgage Market Index,"Wednesday, July 31, 2024",11:00,USD,,201.2,,209.3
2024-07-31 11:00:00,MBA Purchase Index,"Wednesday, July 31, 2024",11:00,USD,,132.8,,134.8
2024-07-31 11:00:00,MBA 30-Year Mortgage Rate,"Wednesday, July 31, 2024",11:00,USD,,6.82%,,6.82%
2024-07-31 11:00:00,MBA Mortgage Applications (WoW),"Wednesday, July 31, 2024",11:00,USD,,-3.90%,,-2.20%
2024-07-31 12:15:00,ADP Nonfarm Employment Change (Jul),"Wednesday, July 31, 2024",12:15,USD,,122K,147K,155K
2024-07-31 12:30:00,Employment Benefits (QoQ) (Q2),"Wednesday, July 31, 2024",12:30,USD,,1.00%,,1.10%
2024-07-31 12:30:00,Employment Cost Index (QoQ) (Q2),"Wednesday, July 31, 2024",12:30,USD,,0.90%,1.00%,1.20%
2024-07-31 12:30:00,Employment Wages (QoQ) (Q2),"Wednesday, July 31, 2024",12:30,USD,,0.90%,,1.10%
2024-07-31 13:45:00,Chicago PMI (Jul),"Wednesday, July 31, 2024",13:45,USD,,45.3,44.8,47.4
2024-07-31 14:00:00,Pending Home Sales (MoM) (Jun),"Wednesday, July 31, 2024",14:00,USD,,4.80%,1.40%,-1.90%
2024-07-31 14:00:00,Pending Home Sales Index (Jun),"Wednesday, July 31, 2024",14:00,USD,,74.3,,70.9
2024-07-31 14:30:00,EIA Weekly Refinery Utilization Rates (WoW),"Wednesday, July 31, 2024",14:30,USD,,-1.50%,,-2.10%
2024-07-31 14:30:00,Heating Oil Stockpiles,"Wednesday, July 31, 2024",14:30,USD,,0.158M,,-0.489M
2024-07-31 14:30:00,Gasoline Production,"Wednesday, July 31, 2024",14:30,USD,,-0.205M,,0.664M
2024-07-31 14:30:00,EIA Weekly Distillates Stocks,"Wednesday, July 31, 2024",14:30,USD,,1.534M,,-2.753M
2024-07-31 14:30:00,Crude Oil Inventories,"Wednesday, July 31, 2024",14:30,USD,,-3.436M,-1.600M,-3.741M
2024-07-31 14:30:00,Cushing Crude Oil Inventories,"Wednesday, July 31, 2024",14:30,USD,,-1.106M,,-1.708M
2024-07-31 14:30:00,Crude Oil Imports,"Wednesday, July 31, 2024",14:30,USD,,-0.651M,,-0.388M
2024-07-31 14:30:00,EIA Refinery Crude Runs (WoW),"Wednesday, July 31, 2024",14:30,USD,,-0.257M,,-0.521M
2024-07-31 14:30:00,Distillate Fuel Production,"Wednesday, July 31, 2024",14:30,USD,,0.043M,,-0.292M
2024-07-31 14:30:00,Gasoline Inventories,"Wednesday, July 31, 2024",14:30,USD,,-3.665M,,-5.572M
2024-07-31 18:00:00,Fed Interest Rate Decision,"Wednesday, July 31, 2024",18:00,USD,,5.50%,5.50%,5.50%
2024-07-31 18:00:00,FOMC Statement,"Wednesday, July 31, 2024",18:00,USD,,,,
2024-07-31 18:30:00,FOMC Press Conference,"Wednesday, July 31, 2024",18:30,USD,,,,
