Date,Start Date,End Date,Total Trades,Wins,Losses,WinRate,Final NAV,Daily Return,TP,SL,Entry Time Offset,Percentage Change
2023-07-02 06:00:00,2023-07-01,2023-08-01,31,17,14,0.5483870967741935,95129.23854311822,0.3708160471660667,0.009999999999999998,0.013999999999999995,90,0.0001
2023-07-02 07:00:00,2023-07-01,2023-08-01,31,17,14,0.5483870967741935,95129.23854311822,0.3708160471660667,0.009999999999999998,0.013999999999999995,90,0.0001
2023-07-02 16:00:00,2023-07-01,2023-08-01,31,17,14,0.5483870967741935,95129.23854311822,0.3708160471660667,0.009999999999999998,0.013999999999999995,90,0.0001
2023-07-02 17:00:00,2023-07-01,2023-08-01,31,17,14,0.5483870967741935,95129.23854311822,0.3708160471660667,0.009999999999999998,0.013999999999999995,90,0.0001
2023-07-02 21:00:00,2023-07-01,2023-08-01,31,17,14,0.5483870967741935,95129.23854311822,0.3708160471660667,0.009999999999999998,0.013999999999999995,90,0.0001
2023-07-03 08:00:00,2023-07-01,2023-08-01,31,17,14,0.5483870967741935,95129.23854311822,0.0,0.009999999999999998,0.013999999999999995,90,0.0001
2023-07-03 09:00:00,2023-07-01,2023-08-01,31,17,14,0.5483870967741935,95129.23854311822,0.0,0.009999999999999998,0.013999999999999995,90,0.0001
2023-07-03 10:00:00,2023-07-01,2023-08-01,31,17,14,0.5483870967741935,95129.23854311822,0.0,0.009999999999999998,0.013999999999999995,90,0.0001
2023-07-03 11:00:00,2023-07-01,2023-08-01,31,17,14,0.5483870967741935,95129.23854311822,0.0,0.009999999999999998,0.013999999999999995,90,0.0001
2023-07-03 12:00:00,2023-07-01,2023-08-01,31,17,14,0.5483870967741935,95129.23854311822,0.0,0.009999999999999998,0.013999999999999995,90,0.0001
2023-07-03 13:00:00,2023-07-01,2023-08-01,31,17,14,0.5483870967741935,95129.23854311822,0.0,0.009999999999999998,0.013999999999999995,90,0.0001
2023-07-03 14:00:00,2023-07-01,2023-08-01,31,17,14,0.5483870967741935,95129.23854311822,0.0,0.009999999999999998,0.013999999999999995,90,0.0001
2023-07-04 08:00:00,2023-07-01,2023-08-01,31,17,14,0.5483870967741935,95129.23854311822,-1.46901014,0.009999999999999998,0.013999999999999995,90,0.0001
2023-07-04 09:00:00,2023-07-01,2023-08-01,31,17,14,0.5483870967741935,95129.23854311822,-1.46901014,0.009999999999999998,0.013999999999999995,90,0.0001
2023-07-04 10:00:00,2023-07-01,2023-08-01,31,17,14,0.5483870967741935,95129.23854311822,-1.46901014,0.009999999999999998,0.013999999999999995,90,0.0001
2023-07-04 11:00:00,2023-07-01,2023-08-01,31,17,14,0.5483870967741935,95129.23854311822,-1.46901014,0.009999999999999998,0.013999999999999995,90,0.0001
2023-07-04 12:00:00,2023-07-01,2023-08-01,31,17,14,0.5483870967741935,95129.23854311822,-1.46901014,0.009999999999999998,0.013999999999999995,90,0.0001
2023-07-04 13:00:00,2023-07-01,2023-08-01,31,17,14,0.5483870967741935,95129.23854311822,-1.46901014,0.009999999999999998,0.013999999999999995,90,0.0001
2023-07-05 00:00:00,2023-07-01,2023-08-01,31,17,14,0.5483870967741935,95129.23854311822,0.0,0.009999999999999998,0.013999999999999995,90,0.0001
2023-07-05 04:00:00,2023-07-01,2023-08-01,31,17,14,0.5483870967741935,95129.23854311822,0.0,0.009999999999999998,0.013999999999999995,90,0.0001
2023-07-05 05:00:00,2023-07-01,2023-08-01,31,17,14,0.5483870967741935,95129.23854311822,0.0,0.009999999999999998,0.013999999999999995,90,0.0001
2023-07-06 09:00:00,2023-07-01,2023-08-01,31,17,14,0.5483870967741935,95129.23854311822,0.3708160471660629,0.009999999999999998,0.013999999999999995,90,0.0001
2023-07-06 10:00:00,2023-07-01,2023-08-01,31,17,14,0.5483870967741935,95129.23854311822,0.3708160471660629,0.009999999999999998,0.013999999999999995,90,0.0001
2023-07-06 11:00:00,2023-07-01,2023-08-01,31,17,14,0.5483870967741935,95129.23854311822,0.3708160471660629,0.009999999999999998,0.013999999999999995,90,0.0001
2023-07-06 12:00:00,2023-07-01,2023-08-01,31,17,14,0.5483870967741935,95129.23854311822,0.3708160471660629,0.009999999999999998,0.013999999999999995,90,0.0001
2023-07-06 16:00:00,2023-07-01,2023-08-01,31,17,14,0.5483870967741935,95129.23854311822,0.3708160471660629,0.009999999999999998,0.013999999999999995,90,0.0001
2023-07-06 17:00:00,2023-07-01,2023-08-01,31,17,14,0.5483870967741935,95129.23854311822,0.3708160471660629,0.009999999999999998,0.013999999999999995,90,0.0001
2023-07-06 18:00:00,2023-07-01,2023-08-01,31,17,14,0.5483870967741935,95129.23854311822,0.3708160471660629,0.009999999999999998,0.013999999999999995,90,0.0001
2023-07-06 19:00:00,2023-07-01,2023-08-01,31,17,14,0.5483870967741935,95129.23854311822,0.3708160471660629,0.009999999999999998,0.013999999999999995,90,0.0001
2023-07-06 20:00:00,2023-07-01,2023-08-01,31,17,14,0.5483870967741935,95129.23854311822,0.3708160471660629,0.009999999999999998,0.013999999999999995,90,0.0001
2023-07-06 21:00:00,2023-07-01,2023-08-01,31,17,14,0.5483870967741935,95129.23854311822,0.3708160471660629,0.009999999999999998,0.013999999999999995,90,0.0001
2023-07-06 22:00:00,2023-07-01,2023-08-01,31,17,14,0.5483870967741935,95129.23854311822,0.3708160471660629,0.009999999999999998,0.013999999999999995,90,0.0001
2023-07-06 23:00:00,2023-07-01,2023-08-01,31,17,14,0.5483870967741935,95129.23854311822,0.3708160471660629,0.009999999999999998,0.013999999999999995,90,0.0001
2023-07-07 00:00:00,2023-07-01,2023-08-01,31,17,14,0.5483870967741935,95129.23854311822,0.3708160471660815,0.009999999999999998,0.013999999999999995,90,0.0001
2023-07-07 01:00:00,2023-07-01,2023-08-01,31,17,14,0.5483870967741935,95129.23854311822,0.3708160471660815,0.009999999999999998,0.013999999999999995,90,0.0001
2023-07-07 02:00:00,2023-07-01,2023-08-01,31,17,14,0.5483870967741935,95129.23854311822,0.3708160471660815,0.009999999999999998,0.013999999999999995,90,0.0001
2023-07-07 15:00:00,2023-07-01,2023-08-01,31,17,14,0.5483870967741935,95129.23854311822,0.3708160471660815,0.009999999999999998,0.013999999999999995,90,0.0001
2023-07-07 18:00:00,2023-07-01,2023-08-01,31,17,14,0.5483870967741935,95129.23854311822,0.3708160471660815,0.009999999999999998,0.013999999999999995,90,0.0001
2023-07-07 19:00:00,2023-07-01,2023-08-01,31,17,14,0.5483870967741935,95129.23854311822,0.3708160471660815,0.009999999999999998,0.013999999999999995,90,0.0001
2023-07-08 08:00:00,2023-07-01,2023-08-01,31,17,14,0.5483870967741935,95129.23854311822,0.0,0.009999999999999998,0.013999999999999995,90,0.0001
2023-07-08 09:00:00,2023-07-01,2023-08-01,31,17,14,0.5483870967741935,95129.23854311822,0.0,0.009999999999999998,0.013999999999999995,90,0.0001
2023-07-08 10:00:00,2023-07-01,2023-08-01,31,17,14,0.5483870967741935,95129.23854311822,0.0,0.009999999999999998,0.013999999999999995,90,0.0001
2023-07-08 11:00:00,2023-07-01,2023-08-01,31,17,14,0.5483870967741935,95129.23854311822,0.0,0.009999999999999998,0.013999999999999995,90,0.0001
2023-07-08 12:00:00,2023-07-01,2023-08-01,31,17,14,0.5483870967741935,95129.23854311822,0.0,0.009999999999999998,0.013999999999999995,90,0.0001
2023-07-08 13:00:00,2023-07-01,2023-08-01,31,17,14,0.5483870967741935,95129.23854311822,0.0,0.009999999999999998,0.013999999999999995,90,0.0001
2023-07-08 14:00:00,2023-07-01,2023-08-01,31,17,14,0.5483870967741935,95129.23854311822,0.0,0.009999999999999998,0.013999999999999995,90,0.0001
2023-07-09 00:00:00,2023-07-01,2023-08-01,31,17,14,0.5483870967741935,95129.23854311822,0.0,0.009999999999999998,0.013999999999999995,90,0.0001
2023-07-09 01:00:00,2023-07-01,2023-08-01,31,17,14,0.5483870967741935,95129.23854311822,0.0,0.009999999999999998,0.013999999999999995,90,0.0001
2023-07-09 02:00:00,2023-07-01,2023-08-01,31,17,14,0.5483870967741935,95129.23854311822,0.0,0.009999999999999998,0.013999999999999995,90,0.0001
2023-07-09 03:00:00,2023-07-01,2023-08-01,31,17,14,0.5483870967741935,95129.23854311822,0.0,0.009999999999999998,0.013999999999999995,90,0.0001
2023-07-09 04:00:00,2023-07-01,2023-08-01,31,17,14,0.5483870967741935,95129.23854311822,0.0,0.009999999999999998,0.013999999999999995,90,0.0001
2023-07-10 15:00:00,2023-07-01,2023-08-01,31,17,14,0.5483870967741935,95129.23854311822,-0.5533516996010457,0.009999999999999998,0.013999999999999995,90,0.0001
2023-07-10 16:00:00,2023-07-01,2023-08-01,31,17,14,0.5483870967741935,95129.23854311822,-0.5533516996010457,0.009999999999999998,0.013999999999999995,90,0.0001
2023-07-10 17:00:00,2023-07-01,2023-08-01,31,17,14,0.5483870967741935,95129.23854311822,-0.5533516996010457,0.009999999999999998,0.013999999999999995,90,0.0001
2023-07-10 18:00:00,2023-07-01,2023-08-01,31,17,14,0.5483870967741935,95129.23854311822,-0.5533516996010457,0.009999999999999998,0.013999999999999995,90,0.0001
2023-07-10 19:00:00,2023-07-01,2023-08-01,31,17,14,0.5483870967741935,95129.23854311822,-0.5533516996010457,0.009999999999999998,0.013999999999999995,90,0.0001
2023-07-10 20:00:00,2023-07-01,2023-08-01,31,17,14,0.5483870967741935,95129.23854311822,-0.5533516996010457,0.009999999999999998,0.013999999999999995,90,0.0001
2023-07-10 21:00:00,2023-07-01,2023-08-01,31,17,14,0.5483870967741935,95129.23854311822,-0.5533516996010457,0.009999999999999998,0.013999999999999995,90,0.0001
2023-07-10 22:00:00,2023-07-01,2023-08-01,31,17,14,0.5483870967741935,95129.23854311822,-0.5533516996010457,0.009999999999999998,0.013999999999999995,90,0.0001
2023-07-10 23:00:00,2023-07-01,2023-08-01,31,17,14,0.5483870967741935,95129.23854311822,-0.5533516996010457,0.009999999999999998,0.013999999999999995,90,0.0001
2023-07-11 16:00:00,2023-07-01,2023-08-01,31,17,14,0.5483870967741935,95129.23854311822,0.929310100000002,0.009999999999999998,0.013999999999999995,90,0.0001
2023-07-11 17:00:00,2023-07-01,2023-08-01,31,17,14,0.5483870967741935,95129.23854311822,0.929310100000002,0.009999999999999998,0.013999999999999995,90,0.0001
2023-07-11 18:00:00,2023-07-01,2023-08-01,31,17,14,0.5483870967741935,95129.23854311822,0.929310100000002,0.009999999999999998,0.013999999999999995,90,0.0001
2023-07-11 19:00:00,2023-07-01,2023-08-01,31,17,14,0.5483870967741935,95129.23854311822,0.929310100000002,0.009999999999999998,0.013999999999999995,90,0.0001
2023-07-11 20:00:00,2023-07-01,2023-08-01,31,17,14,0.5483870967741935,95129.23854311822,0.929310100000002,0.009999999999999998,0.013999999999999995,90,0.0001
2023-07-11 21:00:00,2023-07-01,2023-08-01,31,17,14,0.5483870967741935,95129.23854311822,0.929310100000002,0.009999999999999998,0.013999999999999995,90,0.0001
2023-07-12 19:00:00,2023-07-01,2023-08-01,31,17,14,0.5483870967741935,95129.23854311822,0.92931010000001,0.009999999999999998,0.013999999999999995,90,0.0001
2023-07-12 20:00:00,2023-07-01,2023-08-01,31,17,14,0.5483870967741935,95129.23854311822,0.92931010000001,0.009999999999999998,0.013999999999999995,90,0.0001
2023-07-12 21:00:00,2023-07-01,2023-08-01,31,17,14,0.5483870967741935,95129.23854311822,0.92931010000001,0.009999999999999998,0.013999999999999995,90,0.0001
2023-07-12 22:00:00,2023-07-01,2023-08-01,31,17,14,0.5483870967741935,95129.23854311822,0.92931010000001,0.009999999999999998,0.013999999999999995,90,0.0001
2023-07-12 23:00:00,2023-07-01,2023-08-01,31,17,14,0.5483870967741935,95129.23854311822,0.92931010000001,0.009999999999999998,0.013999999999999995,90,0.0001
2023-07-13 00:00:00,2023-07-01,2023-08-01,31,17,14,0.5483870967741935,95129.23854311822,-2.916440372085756,0.009999999999999998,0.013999999999999995,90,0.0001
2023-07-13 16:00:00,2023-07-01,2023-08-01,31,17,14,0.5483870967741935,95129.23854311822,-2.916440372085756,0.009999999999999998,0.013999999999999995,90,0.0001
2023-07-13 17:00:00,2023-07-01,2023-08-01,31,17,14,0.5483870967741935,95129.23854311822,-2.916440372085756,0.009999999999999998,0.013999999999999995,90,0.0001
2023-07-13 18:00:00,2023-07-01,2023-08-01,31,17,14,0.5483870967741935,95129.23854311822,-2.916440372085756,0.009999999999999998,0.013999999999999995,90,0.0001
2023-07-13 19:00:00,2023-07-01,2023-08-01,31,17,14,0.5483870967741935,95129.23854311822,-2.916440372085756,0.009999999999999998,0.013999999999999995,90,0.0001
2023-07-13 20:00:00,2023-07-01,2023-08-01,31,17,14,0.5483870967741935,95129.23854311822,-2.916440372085756,0.009999999999999998,0.013999999999999995,90,0.0001
2023-07-13 21:00:00,2023-07-01,2023-08-01,31,17,14,0.5483870967741935,95129.23854311822,-2.916440372085756,0.009999999999999998,0.013999999999999995,90,0.0001
2023-07-13 22:00:00,2023-07-01,2023-08-01,31,17,14,0.5483870967741935,95129.23854311822,-2.916440372085756,0.009999999999999998,0.013999999999999995,90,0.0001
2023-07-13 23:00:00,2023-07-01,2023-08-01,31,17,14,0.5483870967741935,95129.23854311822,-2.916440372085756,0.009999999999999998,0.013999999999999995,90,0.0001
2023-07-14 00:00:00,2023-07-01,2023-08-01,31,17,14,0.5483870967741935,95129.23854311822,-1.469010139999994,0.009999999999999998,0.013999999999999995,90,0.0001
2023-07-14 01:00:00,2023-07-01,2023-08-01,31,17,14,0.5483870967741935,95129.23854311822,-1.469010139999994,0.009999999999999998,0.013999999999999995,90,0.0001
2023-07-14 02:00:00,2023-07-01,2023-08-01,31,17,14,0.5483870967741935,95129.23854311822,-1.469010139999994,0.009999999999999998,0.013999999999999995,90,0.0001
2023-07-14 20:00:00,2023-07-01,2023-08-01,31,17,14,0.5483870967741935,95129.23854311822,-1.469010139999994,0.009999999999999998,0.013999999999999995,90,0.0001
2023-07-14 21:00:00,2023-07-01,2023-08-01,31,17,14,0.5483870967741935,95129.23854311822,-1.469010139999994,0.009999999999999998,0.013999999999999995,90,0.0001
2023-07-14 22:00:00,2023-07-01,2023-08-01,31,17,14,0.5483870967741935,95129.23854311822,-1.469010139999994,0.009999999999999998,0.013999999999999995,90,0.0001
2023-07-14 23:00:00,2023-07-01,2023-08-01,31,17,14,0.5483870967741935,95129.23854311822,-1.469010139999994,0.009999999999999998,0.013999999999999995,90,0.0001
2023-07-15 00:00:00,2023-07-01,2023-08-01,31,17,14,0.5483870967741935,95129.23854311822,0.0,0.009999999999999998,0.013999999999999995,90,0.0001
2023-07-15 01:00:00,2023-07-01,2023-08-01,31,17,14,0.5483870967741935,95129.23854311822,0.0,0.009999999999999998,0.013999999999999995,90,0.0001
2023-07-15 02:00:00,2023-07-01,2023-08-01,31,17,14,0.5483870967741935,95129.23854311822,0.0,0.009999999999999998,0.013999999999999995,90,0.0001
2023-07-15 03:00:00,2023-07-01,2023-08-01,31,17,14,0.5483870967741935,95129.23854311822,0.0,0.009999999999999998,0.013999999999999995,90,0.0001
2023-07-15 04:00:00,2023-07-01,2023-08-01,31,17,14,0.5483870967741935,95129.23854311822,0.0,0.009999999999999998,0.013999999999999995,90,0.0001
2023-07-15 05:00:00,2023-07-01,2023-08-01,31,17,14,0.5483870967741935,95129.23854311822,0.0,0.009999999999999998,0.013999999999999995,90,0.0001
2023-07-15 06:00:00,2023-07-01,2023-08-01,31,17,14,0.5483870967741935,95129.23854311822,0.0,0.009999999999999998,0.013999999999999995,90,0.0001
2023-07-15 07:00:00,2023-07-01,2023-08-01,31,17,14,0.5483870967741935,95129.23854311822,0.0,0.009999999999999998,0.013999999999999995,90,0.0001
2023-07-16 00:00:00,2023-07-01,2023-08-01,31,17,14,0.5483870967741935,95129.23854311822,0.929310100000006,0.009999999999999998,0.013999999999999995,90,0.0001
2023-07-16 01:00:00,2023-07-01,2023-08-01,31,17,14,0.5483870967741935,95129.23854311822,0.929310100000006,0.009999999999999998,0.013999999999999995,90,0.0001
2023-07-16 20:00:00,2023-07-01,2023-08-01,31,17,14,0.5483870967741935,95129.23854311822,0.929310100000006,0.009999999999999998,0.013999999999999995,90,0.0001
2023-07-16 21:00:00,2023-07-01,2023-08-01,31,17,14,0.5483870967741935,95129.23854311822,0.929310100000006,0.009999999999999998,0.013999999999999995,90,0.0001
2023-07-16 22:00:00,2023-07-01,2023-08-01,31,17,14,0.5483870967741935,95129.23854311822,0.929310100000006,0.009999999999999998,0.013999999999999995,90,0.0001
2023-07-16 23:00:00,2023-07-01,2023-08-01,31,17,14,0.5483870967741935,95129.23854311822,0.929310100000006,0.009999999999999998,0.013999999999999995,90,0.0001
2023-07-17 16:00:00,2023-07-01,2023-08-01,31,17,14,0.5483870967741935,95129.23854311822,0.9293101000000085,0.009999999999999998,0.013999999999999995,90,0.0001
2023-07-18 09:00:00,2023-07-01,2023-08-01,31,17,14,0.5483870967741935,95129.23854311822,0.9293101000000047,0.009999999999999998,0.013999999999999995,90,0.0001
2023-07-18 12:00:00,2023-07-01,2023-08-01,31,17,14,0.5483870967741935,95129.23854311822,0.9293101000000047,0.009999999999999998,0.013999999999999995,90,0.0001
2023-07-18 13:00:00,2023-07-01,2023-08-01,31,17,14,0.5483870967741935,95129.23854311822,0.9293101000000047,0.009999999999999998,0.013999999999999995,90,0.0001
2023-07-18 14:00:00,2023-07-01,2023-08-01,31,17,14,0.5483870967741935,95129.23854311822,0.9293101000000047,0.009999999999999998,0.013999999999999995,90,0.0001
2023-07-19 13:00:00,2023-07-01,2023-08-01,31,17,14,0.5483870967741935,95129.23854311822,-0.5533516996010218,0.009999999999999998,0.013999999999999995,90,0.0001
2023-07-19 14:00:00,2023-07-01,2023-08-01,31,17,14,0.5483870967741935,95129.23854311822,-0.5533516996010218,0.009999999999999998,0.013999999999999995,90,0.0001
2023-07-19 15:00:00,2023-07-01,2023-08-01,31,17,14,0.5483870967741935,95129.23854311822,-0.5533516996010218,0.009999999999999998,0.013999999999999995,90,0.0001
2023-07-19 16:00:00,2023-07-01,2023-08-01,31,17,14,0.5483870967741935,95129.23854311822,-0.5533516996010218,0.009999999999999998,0.013999999999999995,90,0.0001
2023-07-20 00:00:00,2023-07-01,2023-08-01,31,17,14,0.5483870967741935,95129.23854311822,0.9293101000000094,0.009999999999999998,0.013999999999999995,90,0.0001
2023-07-20 01:00:00,2023-07-01,2023-08-01,31,17,14,0.5483870967741935,95129.23854311822,0.9293101000000094,0.009999999999999998,0.013999999999999995,90,0.0001
2023-07-20 10:00:00,2023-07-01,2023-08-01,31,17,14,0.5483870967741935,95129.23854311822,0.9293101000000094,0.009999999999999998,0.013999999999999995,90,0.0001
2023-07-20 11:00:00,2023-07-01,2023-08-01,31,17,14,0.5483870967741935,95129.23854311822,0.9293101000000094,0.009999999999999998,0.013999999999999995,90,0.0001
2023-07-20 12:00:00,2023-07-01,2023-08-01,31,17,14,0.5483870967741935,95129.23854311822,0.9293101000000094,0.009999999999999998,0.013999999999999995,90,0.0001
2023-07-20 13:00:00,2023-07-01,2023-08-01,31,17,14,0.5483870967741935,95129.23854311822,0.9293101000000094,0.009999999999999998,0.013999999999999995,90,0.0001
2023-07-21 00:00:00,2023-07-01,2023-08-01,31,17,14,0.5483870967741935,95129.23854311822,-0.5533516996010289,0.009999999999999998,0.013999999999999995,90,0.0001
2023-07-21 05:00:00,2023-07-01,2023-08-01,31,17,14,0.5483870967741935,95129.23854311822,-0.5533516996010289,0.009999999999999998,0.013999999999999995,90,0.0001
2023-07-21 06:00:00,2023-07-01,2023-08-01,31,17,14,0.5483870967741935,95129.23854311822,-0.5533516996010289,0.009999999999999998,0.013999999999999995,90,0.0001
2023-07-21 08:00:00,2023-07-01,2023-08-01,31,17,14,0.5483870967741935,95129.23854311822,-0.5533516996010289,0.009999999999999998,0.013999999999999995,90,0.0001
2023-07-21 09:00:00,2023-07-01,2023-08-01,31,17,14,0.5483870967741935,95129.23854311822,-0.5533516996010289,0.009999999999999998,0.013999999999999995,90,0.0001
2023-07-21 10:00:00,2023-07-01,2023-08-01,31,17,14,0.5483870967741935,95129.23854311822,-0.5533516996010289,0.009999999999999998,0.013999999999999995,90,0.0001
2023-07-21 11:00:00,2023-07-01,2023-08-01,31,17,14,0.5483870967741935,95129.23854311822,-0.5533516996010289,0.009999999999999998,0.013999999999999995,90,0.0001
2023-07-21 12:00:00,2023-07-01,2023-08-01,31,17,14,0.5483870967741935,95129.23854311822,-0.5533516996010289,0.009999999999999998,0.013999999999999995,90,0.0001
2023-07-21 13:00:00,2023-07-01,2023-08-01,31,17,14,0.5483870967741935,95129.23854311822,-0.5533516996010289,0.009999999999999998,0.013999999999999995,90,0.0001
2023-07-21 14:00:00,2023-07-01,2023-08-01,31,17,14,0.5483870967741935,95129.23854311822,-0.5533516996010289,0.009999999999999998,0.013999999999999995,90,0.0001
2023-07-21 15:00:00,2023-07-01,2023-08-01,31,17,14,0.5483870967741935,95129.23854311822,-0.5533516996010289,0.009999999999999998,0.013999999999999995,90,0.0001
2023-07-21 20:00:00,2023-07-01,2023-08-01,31,17,14,0.5483870967741935,95129.23854311822,-0.5533516996010289,0.009999999999999998,0.013999999999999995,90,0.0001
2023-07-21 21:00:00,2023-07-01,2023-08-01,31,17,14,0.5483870967741935,95129.23854311822,-0.5533516996010289,0.009999999999999998,0.013999999999999995,90,0.0001
2023-07-22 12:00:00,2023-07-01,2023-08-01,31,17,14,0.5483870967741935,95129.23854311822,0.0,0.009999999999999998,0.013999999999999995,90,0.0001
2023-07-22 15:00:00,2023-07-01,2023-08-01,31,17,14,0.5483870967741935,95129.23854311822,0.0,0.009999999999999998,0.013999999999999995,90,0.0001
2023-07-23 08:00:00,2023-07-01,2023-08-01,31,17,14,0.5483870967741935,95129.23854311822,0.9293101000000095,0.009999999999999998,0.013999999999999995,90,0.0001
2023-07-23 09:00:00,2023-07-01,2023-08-01,31,17,14,0.5483870967741935,95129.23854311822,0.9293101000000095,0.009999999999999998,0.013999999999999995,90,0.0001
2023-07-23 12:00:00,2023-07-01,2023-08-01,31,17,14,0.5483870967741935,95129.23854311822,0.9293101000000095,0.009999999999999998,0.013999999999999995,90,0.0001
2023-07-23 13:00:00,2023-07-01,2023-08-01,31,17,14,0.5483870967741935,95129.23854311822,0.9293101000000095,0.009999999999999998,0.013999999999999995,90,0.0001
2023-07-23 14:00:00,2023-07-01,2023-08-01,31,17,14,0.5483870967741935,95129.23854311822,0.9293101000000095,0.009999999999999998,0.013999999999999995,90,0.0001
2023-07-23 16:00:00,2023-07-01,2023-08-01,31,17,14,0.5483870967741935,95129.23854311822,0.9293101000000095,0.009999999999999998,0.013999999999999995,90,0.0001
2023-07-23 17:00:00,2023-07-01,2023-08-01,31,17,14,0.5483870967741935,95129.23854311822,0.9293101000000095,0.009999999999999998,0.013999999999999995,90,0.0001
2023-07-23 18:00:00,2023-07-01,2023-08-01,31,17,14,0.5483870967741935,95129.23854311822,0.9293101000000095,0.009999999999999998,0.013999999999999995,90,0.0001
2023-07-23 19:00:00,2023-07-01,2023-08-01,31,17,14,0.5483870967741935,95129.23854311822,0.9293101000000095,0.009999999999999998,0.013999999999999995,90,0.0001
2023-07-23 20:00:00,2023-07-01,2023-08-01,31,17,14,0.5483870967741935,95129.23854311822,0.9293101000000095,0.009999999999999998,0.013999999999999995,90,0.0001
2023-07-23 21:00:00,2023-07-01,2023-08-01,31,17,14,0.5483870967741935,95129.23854311822,0.9293101000000095,0.009999999999999998,0.013999999999999995,90,0.0001
2023-07-24 08:00:00,2023-07-01,2023-08-01,31,17,14,0.5483870967741935,95129.23854311822,-2.916440372085756,0.009999999999999998,0.013999999999999995,90,0.0001
2023-07-24 09:00:00,2023-07-01,2023-08-01,31,17,14,0.5483870967741935,95129.23854311822,-2.916440372085756,0.009999999999999998,0.013999999999999995,90,0.0001
2023-07-24 10:00:00,2023-07-01,2023-08-01,31,17,14,0.5483870967741935,95129.23854311822,-2.916440372085756,0.009999999999999998,0.013999999999999995,90,0.0001
2023-07-24 11:00:00,2023-07-01,2023-08-01,31,17,14,0.5483870967741935,95129.23854311822,-2.916440372085756,0.009999999999999998,0.013999999999999995,90,0.0001
2023-07-24 12:00:00,2023-07-01,2023-08-01,31,17,14,0.5483870967741935,95129.23854311822,-2.916440372085756,0.009999999999999998,0.013999999999999995,90,0.0001
2023-07-24 13:00:00,2023-07-01,2023-08-01,31,17,14,0.5483870967741935,95129.23854311822,-2.916440372085756,0.009999999999999998,0.013999999999999995,90,0.0001
2023-07-25 16:00:00,2023-07-01,2023-08-01,31,17,14,0.5483870967741935,95129.23854311822,-1.4690101399999929,0.009999999999999998,0.013999999999999995,90,0.0001
2023-07-27 00:00:00,2023-07-01,2023-08-01,31,17,14,0.5483870967741935,95129.23854311822,-1.4690101399999835,0.009999999999999998,0.013999999999999995,90,0.0001
2023-07-27 01:00:00,2023-07-01,2023-08-01,31,17,14,0.5483870967741935,95129.23854311822,-1.4690101399999835,0.009999999999999998,0.013999999999999995,90,0.0001
2023-07-27 02:00:00,2023-07-01,2023-08-01,31,17,14,0.5483870967741935,95129.23854311822,-1.4690101399999835,0.009999999999999998,0.013999999999999995,90,0.0001
2023-07-27 03:00:00,2023-07-01,2023-08-01,31,17,14,0.5483870967741935,95129.23854311822,-1.4690101399999835,0.009999999999999998,0.013999999999999995,90,0.0001
2023-07-27 04:00:00,2023-07-01,2023-08-01,31,17,14,0.5483870967741935,95129.23854311822,-1.4690101399999835,0.009999999999999998,0.013999999999999995,90,0.0001
2023-07-27 16:00:00,2023-07-01,2023-08-01,31,17,14,0.5483870967741935,95129.23854311822,-1.4690101399999835,0.009999999999999998,0.013999999999999995,90,0.0001
2023-07-29 04:00:00,2023-07-01,2023-08-01,31,17,14,0.5483870967741935,95129.23854311822,0.0,0.009999999999999998,0.013999999999999995,90,0.0001
2023-07-29 05:00:00,2023-07-01,2023-08-01,31,17,14,0.5483870967741935,95129.23854311822,0.0,0.009999999999999998,0.013999999999999995,90,0.0001
2023-07-29 06:00:00,2023-07-01,2023-08-01,31,17,14,0.5483870967741935,95129.23854311822,0.0,0.009999999999999998,0.013999999999999995,90,0.0001
2023-07-29 07:00:00,2023-07-01,2023-08-01,31,17,14,0.5483870967741935,95129.23854311822,0.0,0.009999999999999998,0.013999999999999995,90,0.0001
2023-07-30 04:00:00,2023-07-01,2023-08-01,31,17,14,0.5483870967741935,95129.23854311822,0.9293100999999961,0.009999999999999998,0.013999999999999995,90,0.0001
2023-07-30 05:00:00,2023-07-01,2023-08-01,31,17,14,0.5483870967741935,95129.23854311822,0.9293100999999961,0.009999999999999998,0.013999999999999995,90,0.0001
2023-07-30 06:00:00,2023-07-01,2023-08-01,31,17,14,0.5483870967741935,95129.23854311822,0.9293100999999961,0.009999999999999998,0.013999999999999995,90,0.0001
2023-07-30 08:00:00,2023-07-01,2023-08-01,31,17,14,0.5483870967741935,95129.23854311822,0.9293100999999961,0.009999999999999998,0.013999999999999995,90,0.0001
2023-07-30 09:00:00,2023-07-01,2023-08-01,31,17,14,0.5483870967741935,95129.23854311822,0.9293100999999961,0.009999999999999998,0.013999999999999995,90,0.0001
2023-07-30 10:00:00,2023-07-01,2023-08-01,31,17,14,0.5483870967741935,95129.23854311822,0.9293100999999961,0.009999999999999998,0.013999999999999995,90,0.0001
2023-07-30 11:00:00,2023-07-01,2023-08-01,31,17,14,0.5483870967741935,95129.23854311822,0.9293100999999961,0.009999999999999998,0.013999999999999995,90,0.0001
2023-07-30 16:00:00,2023-07-01,2023-08-01,31,17,14,0.5483870967741935,95129.23854311822,0.9293100999999961,0.009999999999999998,0.013999999999999995,90,0.0001
2023-07-30 17:00:00,2023-07-01,2023-08-01,31,17,14,0.5483870967741935,95129.23854311822,0.9293100999999961,0.009999999999999998,0.013999999999999995,90,0.0001
2023-07-30 18:00:00,2023-07-01,2023-08-01,31,17,14,0.5483870967741935,95129.23854311822,0.9293100999999961,0.009999999999999998,0.013999999999999995,90,0.0001
2023-07-30 19:00:00,2023-07-01,2023-08-01,31,17,14,0.5483870967741935,95129.23854311822,0.9293100999999961,0.009999999999999998,0.013999999999999995,90,0.0001
2023-07-30 20:00:00,2023-07-01,2023-08-01,31,17,14,0.5483870967741935,95129.23854311822,0.9293100999999961,0.009999999999999998,0.013999999999999995,90,0.0001
2023-07-30 21:00:00,2023-07-01,2023-08-01,31,17,14,0.5483870967741935,95129.23854311822,0.9293100999999961,0.009999999999999998,0.013999999999999995,90,0.0001
2023-07-31 08:00:00,2023-07-01,2023-08-01,31,17,14,0.5483870967741935,95129.23854311822,0.0,0.009999999999999998,0.013999999999999995,90,0.0001
2023-07-31 09:00:00,2023-07-01,2023-08-01,31,17,14,0.5483870967741935,95129.23854311822,0.0,0.009999999999999998,0.013999999999999995,90,0.0001
2023-07-31 10:00:00,2023-07-01,2023-08-01,31,17,14,0.5483870967741935,95129.23854311822,0.0,0.009999999999999998,0.013999999999999995,90,0.0001
2023-07-31 11:00:00,2023-07-01,2023-08-01,31,17,14,0.5483870967741935,95129.23854311822,0.0,0.009999999999999998,0.013999999999999995,90,0.0001
2023-07-31 12:00:00,2023-07-01,2023-08-01,31,17,14,0.5483870967741935,95129.23854311822,0.0,0.009999999999999998,0.013999999999999995,90,0.0001
2023-07-31 13:00:00,2023-07-01,2023-08-01,31,17,14,0.5483870967741935,95129.23854311822,0.0,0.009999999999999998,0.013999999999999995,90,0.0001
2023-07-31 14:00:00,2023-07-01,2023-08-01,31,17,14,0.5483870967741935,95129.23854311822,0.0,0.009999999999999998,0.013999999999999995,90,0.0001
2023-08-01 00:00:00,2023-08-01,2023-09-01,30,12,18,0.4,94292.59302953926,-3.1736911210936234,0.011999999999999997,0.009999999999999998,110,0.0002
2023-08-01 01:00:00,2023-08-01,2023-09-01,30,12,18,0.4,94292.59302953926,-3.1736911210936234,0.011999999999999997,0.009999999999999998,110,0.0002
2023-08-01 02:00:00,2023-08-01,2023-09-01,30,12,18,0.4,94292.59302953926,-3.1736911210936234,0.011999999999999997,0.009999999999999998,110,0.0002
2023-08-01 03:00:00,2023-08-01,2023-09-01,30,12,18,0.4,94292.59302953926,-3.1736911210936234,0.011999999999999997,0.009999999999999998,110,0.0002
2023-08-01 04:00:00,2023-08-01,2023-09-01,30,12,18,0.4,94292.59302953926,-3.1736911210936234,0.011999999999999997,0.009999999999999998,110,0.0002
2023-08-01 05:00:00,2023-08-01,2023-09-01,30,12,18,0.4,94292.59302953926,-3.1736911210936234,0.011999999999999997,0.009999999999999998,110,0.0002
2023-08-01 06:00:00,2023-08-01,2023-09-01,30,12,18,0.4,94292.59302953926,-3.1736911210936234,0.011999999999999997,0.009999999999999998,110,0.0002
2023-08-01 17:00:00,2023-08-01,2023-09-01,30,12,18,0.4,94292.59302953926,-3.1736911210936234,0.011999999999999997,0.009999999999999998,110,0.0002
2023-08-01 18:00:00,2023-08-01,2023-09-01,30,12,18,0.4,94292.59302953926,-3.1736911210936234,0.011999999999999997,0.009999999999999998,110,0.0002
2023-08-01 19:00:00,2023-08-01,2023-09-01,30,12,18,0.4,94292.59302953926,-3.1736911210936234,0.011999999999999997,0.009999999999999998,110,0.0002
2023-08-01 20:00:00,2023-08-01,2023-09-01,30,12,18,0.4,94292.59302953926,-3.1736911210936234,0.011999999999999997,0.009999999999999998,110,0.0002
2023-08-01 21:00:00,2023-08-01,2023-09-01,30,12,18,0.4,94292.59302953926,-3.1736911210936234,0.011999999999999997,0.009999999999999998,110,0.0002
2023-08-01 22:00:00,2023-08-01,2023-09-01,30,12,18,0.4,94292.59302953926,-3.1736911210936234,0.011999999999999997,0.009999999999999998,110,0.0002
2023-08-01 23:00:00,2023-08-01,2023-09-01,30,12,18,0.4,94292.59302953926,-3.1736911210936234,0.011999999999999997,0.009999999999999998,110,0.0002
2023-08-02 00:00:00,2023-08-01,2023-09-01,30,12,18,0.4,94292.59302953926,0.04780591569470561,0.011999999999999997,0.009999999999999998,110,0.0002
2023-08-02 01:00:00,2023-08-01,2023-09-01,30,12,18,0.4,94292.59302953926,0.04780591569470561,0.011999999999999997,0.009999999999999998,110,0.0002
2023-08-02 19:00:00,2023-08-01,2023-09-01,30,12,18,0.4,94292.59302953926,0.04780591569470561,0.011999999999999997,0.009999999999999998,110,0.0002
2023-08-02 20:00:00,2023-08-01,2023-09-01,30,12,18,0.4,94292.59302953926,0.04780591569470561,0.011999999999999997,0.009999999999999998,110,0.0002
2023-08-03 00:00:00,2023-08-01,2023-09-01,30,12,18,0.4,94292.59302953926,1.1291701200000033,0.011999999999999997,0.009999999999999998,110,0.0002
2023-08-03 01:00:00,2023-08-01,2023-09-01,30,12,18,0.4,94292.59302953926,1.1291701200000033,0.011999999999999997,0.009999999999999998,110,0.0002
2023-08-03 02:00:00,2023-08-01,2023-09-01,30,12,18,0.4,94292.59302953926,1.1291701200000033,0.011999999999999997,0.009999999999999998,110,0.0002
2023-08-03 13:00:00,2023-08-01,2023-09-01,30,12,18,0.4,94292.59302953926,1.1291701200000033,0.011999999999999997,0.009999999999999998,110,0.0002
2023-08-03 14:00:00,2023-08-01,2023-09-01,30,12,18,0.4,94292.59302953926,1.1291701200000033,0.011999999999999997,0.009999999999999998,110,0.0002
2023-08-03 15:00:00,2023-08-01,2023-09-01,30,12,18,0.4,94292.59302953926,1.1291701200000033,0.011999999999999997,0.009999999999999998,110,0.0002
2023-08-03 16:00:00,2023-08-01,2023-09-01,30,12,18,0.4,94292.59302953926,1.1291701200000033,0.011999999999999997,0.009999999999999998,110,0.0002
2023-08-03 17:00:00,2023-08-01,2023-09-01,30,12,18,0.4,94292.59302953926,1.1291701200000033,0.011999999999999997,0.009999999999999998,110,0.0002
2023-08-03 18:00:00,2023-08-01,2023-09-01,30,12,18,0.4,94292.59302953926,1.1291701200000033,0.011999999999999997,0.009999999999999998,110,0.0002
2023-08-03 19:00:00,2023-08-01,2023-09-01,30,12,18,0.4,94292.59302953926,1.1291701200000033,0.011999999999999997,0.009999999999999998,110,0.0002
2023-08-03 20:00:00,2023-08-01,2023-09-01,30,12,18,0.4,94292.59302953926,1.1291701200000033,0.011999999999999997,0.009999999999999998,110,0.0002
2023-08-04 18:00:00,2023-08-01,2023-09-01,30,12,18,0.4,94292.59302953926,-1.0692900999999873,0.011999999999999997,0.009999999999999998,110,0.0002
2023-08-04 19:00:00,2023-08-01,2023-09-01,30,12,18,0.4,94292.59302953926,-1.0692900999999873,0.011999999999999997,0.009999999999999998,110,0.0002
2023-08-04 20:00:00,2023-08-01,2023-09-01,30,12,18,0.4,94292.59302953926,-1.0692900999999873,0.011999999999999997,0.009999999999999998,110,0.0002
2023-08-04 21:00:00,2023-08-01,2023-09-01,30,12,18,0.4,94292.59302953926,-1.0692900999999873,0.011999999999999997,0.009999999999999998,110,0.0002
2023-08-04 22:00:00,2023-08-01,2023-09-01,30,12,18,0.4,94292.59302953926,-1.0692900999999873,0.011999999999999997,0.009999999999999998,110,0.0002
2023-08-04 23:00:00,2023-08-01,2023-09-01,30,12,18,0.4,94292.59302953926,-1.0692900999999873,0.011999999999999997,0.009999999999999998,110,0.0002
2023-08-05 08:00:00,2023-08-01,2023-09-01,30,12,18,0.4,94292.59302953926,1.1291701200000086,0.011999999999999997,0.009999999999999998,110,0.0002
2023-08-05 09:00:00,2023-08-01,2023-09-01,30,12,18,0.4,94292.59302953926,1.1291701200000086,0.011999999999999997,0.009999999999999998,110,0.0002
2023-08-05 10:00:00,2023-08-01,2023-09-01,30,12,18,0.4,94292.59302953926,1.1291701200000086,0.011999999999999997,0.009999999999999998,110,0.0002
2023-08-05 11:00:00,2023-08-01,2023-09-01,30,12,18,0.4,94292.59302953926,1.1291701200000086,0.011999999999999997,0.009999999999999998,110,0.0002
2023-08-05 12:00:00,2023-08-01,2023-09-01,30,12,18,0.4,94292.59302953926,1.1291701200000086,0.011999999999999997,0.009999999999999998,110,0.0002
2023-08-05 13:00:00,2023-08-01,2023-09-01,30,12,18,0.4,94292.59302953926,1.1291701200000086,0.011999999999999997,0.009999999999999998,110,0.0002
2023-08-05 14:00:00,2023-08-01,2023-09-01,30,12,18,0.4,94292.59302953926,1.1291701200000086,0.011999999999999997,0.009999999999999998,110,0.0002
2023-08-06 15:00:00,2023-08-01,2023-09-01,30,12,18,0.4,94292.59302953926,0.0,0.011999999999999997,0.009999999999999998,110,0.0002
2023-08-06 16:00:00,2023-08-01,2023-09-01,30,12,18,0.4,94292.59302953926,0.0,0.011999999999999997,0.009999999999999998,110,0.0002
2023-08-06 17:00:00,2023-08-01,2023-09-01,30,12,18,0.4,94292.59302953926,0.0,0.011999999999999997,0.009999999999999998,110,0.0002
2023-08-06 18:00:00,2023-08-01,2023-09-01,30,12,18,0.4,94292.59302953926,0.0,0.011999999999999997,0.009999999999999998,110,0.0002
2023-08-06 19:00:00,2023-08-01,2023-09-01,30,12,18,0.4,94292.59302953926,0.0,0.011999999999999997,0.009999999999999998,110,0.0002
2023-08-06 20:00:00,2023-08-01,2023-09-01,30,12,18,0.4,94292.59302953926,0.0,0.011999999999999997,0.009999999999999998,110,0.0002
2023-08-06 21:00:00,2023-08-01,2023-09-01,30,12,18,0.4,94292.59302953926,0.0,0.011999999999999997,0.009999999999999998,110,0.0002
2023-08-06 22:00:00,2023-08-01,2023-09-01,30,12,18,0.4,94292.59302953926,0.0,0.011999999999999997,0.009999999999999998,110,0.0002
2023-08-06 23:00:00,2023-08-01,2023-09-01,30,12,18,0.4,94292.59302953926,0.0,0.011999999999999997,0.009999999999999998,110,0.0002
2023-08-07 16:00:00,2023-08-01,2023-09-01,30,12,18,0.4,94292.59302953926,-1.0692900999999966,0.011999999999999997,0.009999999999999998,110,0.0002
2023-08-07 17:00:00,2023-08-01,2023-09-01,30,12,18,0.4,94292.59302953926,-1.0692900999999966,0.011999999999999997,0.009999999999999998,110,0.0002
2023-08-08 00:00:00,2023-08-01,2023-09-01,30,12,18,0.4,94292.59302953926,0.04780591569470012,0.011999999999999997,0.009999999999999998,110,0.0002
2023-08-08 01:00:00,2023-08-01,2023-09-01,30,12,18,0.4,94292.59302953926,0.04780591569470012,0.011999999999999997,0.009999999999999998,110,0.0002
2023-08-08 02:00:00,2023-08-01,2023-09-01,30,12,18,0.4,94292.59302953926,0.04780591569470012,0.011999999999999997,0.009999999999999998,110,0.0002
2023-08-08 03:00:00,2023-08-01,2023-09-01,30,12,18,0.4,94292.59302953926,0.04780591569470012,0.011999999999999997,0.009999999999999998,110,0.0002
2023-08-08 04:00:00,2023-08-01,2023-09-01,30,12,18,0.4,94292.59302953926,0.04780591569470012,0.011999999999999997,0.009999999999999998,110,0.0002
2023-08-08 16:00:00,2023-08-01,2023-09-01,30,12,18,0.4,94292.59302953926,0.04780591569470012,0.011999999999999997,0.009999999999999998,110,0.0002
2023-08-08 20:00:00,2023-08-01,2023-09-01,30,12,18,0.4,94292.59302953926,0.04780591569470012,0.011999999999999997,0.009999999999999998,110,0.0002
2023-08-08 21:00:00,2023-08-01,2023-09-01,30,12,18,0.4,94292.59302953926,0.04780591569470012,0.011999999999999997,0.009999999999999998,110,0.0002
2023-08-10 08:00:00,2023-08-01,2023-09-01,30,12,18,0.4,94292.59302953926,1.1291701200000102,0.011999999999999997,0.009999999999999998,110,0.0002
2023-08-10 09:00:00,2023-08-01,2023-09-01,30,12,18,0.4,94292.59302953926,1.1291701200000102,0.011999999999999997,0.009999999999999998,110,0.0002
2023-08-10 10:00:00,2023-08-01,2023-09-01,30,12,18,0.4,94292.59302953926,1.1291701200000102,0.011999999999999997,0.009999999999999998,110,0.0002
2023-08-10 11:00:00,2023-08-01,2023-09-01,30,12,18,0.4,94292.59302953926,1.1291701200000102,0.011999999999999997,0.009999999999999998,110,0.0002
2023-08-10 12:00:00,2023-08-01,2023-09-01,30,12,18,0.4,94292.59302953926,1.1291701200000102,0.011999999999999997,0.009999999999999998,110,0.0002
2023-08-10 13:00:00,2023-08-01,2023-09-01,30,12,18,0.4,94292.59302953926,1.1291701200000102,0.011999999999999997,0.009999999999999998,110,0.0002
2023-08-11 00:00:00,2023-08-01,2023-09-01,30,12,18,0.4,94292.59302953926,-1.0692901000000006,0.011999999999999997,0.009999999999999998,110,0.0002
2023-08-11 16:00:00,2023-08-01,2023-09-01,30,12,18,0.4,94292.59302953926,-1.0692901000000006,0.011999999999999997,0.009999999999999998,110,0.0002
2023-08-12 15:00:00,2023-08-01,2023-09-01,30,12,18,0.4,94292.59302953926,0.0,0.011999999999999997,0.009999999999999998,110,0.0002
2023-08-12 16:00:00,2023-08-01,2023-09-01,30,12,18,0.4,94292.59302953926,0.0,0.011999999999999997,0.009999999999999998,110,0.0002
2023-08-13 00:00:00,2023-08-01,2023-09-01,30,12,18,0.4,94292.59302953926,0.0,0.011999999999999997,0.009999999999999998,110,0.0002
2023-08-13 01:00:00,2023-08-01,2023-09-01,30,12,18,0.4,94292.59302953926,0.0,0.011999999999999997,0.009999999999999998,110,0.0002
2023-08-13 02:00:00,2023-08-01,2023-09-01,30,12,18,0.4,94292.59302953926,0.0,0.011999999999999997,0.009999999999999998,110,0.0002
2023-08-13 05:00:00,2023-08-01,2023-09-01,30,12,18,0.4,94292.59302953926,0.0,0.011999999999999997,0.009999999999999998,110,0.0002
2023-08-13 06:00:00,2023-08-01,2023-09-01,30,12,18,0.4,94292.59302953926,0.0,0.011999999999999997,0.009999999999999998,110,0.0002
2023-08-13 07:00:00,2023-08-01,2023-09-01,30,12,18,0.4,94292.59302953926,0.0,0.011999999999999997,0.009999999999999998,110,0.0002
2023-08-14 00:00:00,2023-08-01,2023-09-01,30,12,18,0.4,94292.59302953926,1.1291701200000022,0.011999999999999997,0.009999999999999998,110,0.0002
2023-08-14 01:00:00,2023-08-01,2023-09-01,30,12,18,0.4,94292.59302953926,1.1291701200000022,0.011999999999999997,0.009999999999999998,110,0.0002
2023-08-14 02:00:00,2023-08-01,2023-09-01,30,12,18,0.4,94292.59302953926,1.1291701200000022,0.011999999999999997,0.009999999999999998,110,0.0002
2023-08-14 03:00:00,2023-08-01,2023-09-01,30,12,18,0.4,94292.59302953926,1.1291701200000022,0.011999999999999997,0.009999999999999998,110,0.0002
2023-08-14 04:00:00,2023-08-01,2023-09-01,30,12,18,0.4,94292.59302953926,1.1291701200000022,0.011999999999999997,0.009999999999999998,110,0.0002
2023-08-14 05:00:00,2023-08-01,2023-09-01,30,12,18,0.4,94292.59302953926,1.1291701200000022,0.011999999999999997,0.009999999999999998,110,0.0002
2023-08-14 06:00:00,2023-08-01,2023-09-01,30,12,18,0.4,94292.59302953926,1.1291701200000022,0.011999999999999997,0.009999999999999998,110,0.0002
2023-08-14 07:00:00,2023-08-01,2023-09-01,30,12,18,0.4,94292.59302953926,1.1291701200000022,0.011999999999999997,0.009999999999999998,110,0.0002
2023-08-14 16:00:00,2023-08-01,2023-09-01,30,12,18,0.4,94292.59302953926,1.1291701200000022,0.011999999999999997,0.009999999999999998,110,0.0002
2023-08-14 17:00:00,2023-08-01,2023-09-01,30,12,18,0.4,94292.59302953926,1.1291701200000022,0.011999999999999997,0.009999999999999998,110,0.0002
2023-08-14 18:00:00,2023-08-01,2023-09-01,30,12,18,0.4,94292.59302953926,1.1291701200000022,0.011999999999999997,0.009999999999999998,110,0.0002
2023-08-14 19:00:00,2023-08-01,2023-09-01,30,12,18,0.4,94292.59302953926,1.1291701200000022,0.011999999999999997,0.009999999999999998,110,0.0002
2023-08-14 20:00:00,2023-08-01,2023-09-01,30,12,18,0.4,94292.59302953926,1.1291701200000022,0.011999999999999997,0.009999999999999998,110,0.0002
2023-08-14 21:00:00,2023-08-01,2023-09-01,30,12,18,0.4,94292.59302953926,1.1291701200000022,0.011999999999999997,0.009999999999999998,110,0.0002
2023-08-14 22:00:00,2023-08-01,2023-09-01,30,12,18,0.4,94292.59302953926,1.1291701200000022,0.011999999999999997,0.009999999999999998,110,0.0002
2023-08-15 08:00:00,2023-08-01,2023-09-01,30,12,18,0.4,94292.59302953926,0.0,0.011999999999999997,0.009999999999999998,110,0.0002
2023-08-15 09:00:00,2023-08-01,2023-09-01,30,12,18,0.4,94292.59302953926,0.0,0.011999999999999997,0.009999999999999998,110,0.0002
2023-08-15 10:00:00,2023-08-01,2023-09-01,30,12,18,0.4,94292.59302953926,0.0,0.011999999999999997,0.009999999999999998,110,0.0002
2023-08-17 04:00:00,2023-08-01,2023-09-01,30,12,18,0.4,94292.59302953926,-1.021995368229044,0.011999999999999997,0.009999999999999998,110,0.0002
2023-08-17 05:00:00,2023-08-01,2023-09-01,30,12,18,0.4,94292.59302953926,-1.021995368229044,0.011999999999999997,0.009999999999999998,110,0.0002
2023-08-17 06:00:00,2023-08-01,2023-09-01,30,12,18,0.4,94292.59302953926,-1.021995368229044,0.011999999999999997,0.009999999999999998,110,0.0002
2023-08-17 07:00:00,2023-08-01,2023-09-01,30,12,18,0.4,94292.59302953926,-1.021995368229044,0.011999999999999997,0.009999999999999998,110,0.0002
2023-08-17 08:00:00,2023-08-01,2023-09-01,30,12,18,0.4,94292.59302953926,-1.021995368229044,0.011999999999999997,0.009999999999999998,110,0.0002
2023-08-17 09:00:00,2023-08-01,2023-09-01,30,12,18,0.4,94292.59302953926,-1.021995368229044,0.011999999999999997,0.009999999999999998,110,0.0002
2023-08-17 10:00:00,2023-08-01,2023-09-01,30,12,18,0.4,94292.59302953926,-1.021995368229044,0.011999999999999997,0.009999999999999998,110,0.0002
2023-08-17 11:00:00,2023-08-01,2023-09-01,30,12,18,0.4,94292.59302953926,-1.021995368229044,0.011999999999999997,0.009999999999999998,110,0.0002
2023-08-17 21:00:00,2023-08-01,2023-09-01,30,12,18,0.4,94292.59302953926,-1.021995368229044,0.011999999999999997,0.009999999999999998,110,0.0002
2023-08-17 22:00:00,2023-08-01,2023-09-01,30,12,18,0.4,94292.59302953926,-1.021995368229044,0.011999999999999997,0.009999999999999998,110,0.0002
2023-08-17 23:00:00,2023-08-01,2023-09-01,30,12,18,0.4,94292.59302953926,-1.021995368229044,0.011999999999999997,0.009999999999999998,110,0.0002
2023-08-18 00:00:00,2023-08-01,2023-09-01,30,12,18,0.4,94292.59302953926,-1.069290099999987,0.011999999999999997,0.009999999999999998,110,0.0002
2023-08-18 04:00:00,2023-08-01,2023-09-01,30,12,18,0.4,94292.59302953926,-1.069290099999987,0.011999999999999997,0.009999999999999998,110,0.0002
2023-08-18 05:00:00,2023-08-01,2023-09-01,30,12,18,0.4,94292.59302953926,-1.069290099999987,0.011999999999999997,0.009999999999999998,110,0.0002
2023-08-20 08:00:00,2023-08-01,2023-09-01,30,12,18,0.4,94292.59302953926,-1.0692900999999808,0.011999999999999997,0.009999999999999998,110,0.0002
2023-08-20 09:00:00,2023-08-01,2023-09-01,30,12,18,0.4,94292.59302953926,-1.0692900999999808,0.011999999999999997,0.009999999999999998,110,0.0002
2023-08-20 10:00:00,2023-08-01,2023-09-01,30,12,18,0.4,94292.59302953926,-1.0692900999999808,0.011999999999999997,0.009999999999999998,110,0.0002
2023-08-20 11:00:00,2023-08-01,2023-09-01,30,12,18,0.4,94292.59302953926,-1.0692900999999808,0.011999999999999997,0.009999999999999998,110,0.0002
2023-08-20 12:00:00,2023-08-01,2023-09-01,30,12,18,0.4,94292.59302953926,-1.0692900999999808,0.011999999999999997,0.009999999999999998,110,0.0002
2023-08-20 13:00:00,2023-08-01,2023-09-01,30,12,18,0.4,94292.59302953926,-1.0692900999999808,0.011999999999999997,0.009999999999999998,110,0.0002
2023-08-20 14:00:00,2023-08-01,2023-09-01,30,12,18,0.4,94292.59302953926,-1.0692900999999808,0.011999999999999997,0.009999999999999998,110,0.0002
2023-08-21 00:00:00,2023-08-01,2023-09-01,30,12,18,0.4,94292.59302953926,1.1291701200000024,0.011999999999999997,0.009999999999999998,110,0.0002
2023-08-21 04:00:00,2023-08-01,2023-09-01,30,12,18,0.4,94292.59302953926,1.1291701200000024,0.011999999999999997,0.009999999999999998,110,0.0002
2023-08-21 05:00:00,2023-08-01,2023-09-01,30,12,18,0.4,94292.59302953926,1.1291701200000024,0.011999999999999997,0.009999999999999998,110,0.0002
2023-08-21 06:00:00,2023-08-01,2023-09-01,30,12,18,0.4,94292.59302953926,1.1291701200000024,0.011999999999999997,0.009999999999999998,110,0.0002
2023-08-21 07:00:00,2023-08-01,2023-09-01,30,12,18,0.4,94292.59302953926,1.1291701200000024,0.011999999999999997,0.009999999999999998,110,0.0002
2023-08-21 08:00:00,2023-08-01,2023-09-01,30,12,18,0.4,94292.59302953926,1.1291701200000024,0.011999999999999997,0.009999999999999998,110,0.0002
2023-08-21 09:00:00,2023-08-01,2023-09-01,30,12,18,0.4,94292.59302953926,1.1291701200000024,0.011999999999999997,0.009999999999999998,110,0.0002
2023-08-22 00:00:00,2023-08-01,2023-09-01,30,12,18,0.4,94292.59302953926,-1.0692901,0.011999999999999997,0.009999999999999998,110,0.0002
2023-08-22 01:00:00,2023-08-01,2023-09-01,30,12,18,0.4,94292.59302953926,-1.0692901,0.011999999999999997,0.009999999999999998,110,0.0002
2023-08-22 02:00:00,2023-08-01,2023-09-01,30,12,18,0.4,94292.59302953926,-1.0692901,0.011999999999999997,0.009999999999999998,110,0.0002
2023-08-22 08:00:00,2023-08-01,2023-09-01,30,12,18,0.4,94292.59302953926,-1.0692901,0.011999999999999997,0.009999999999999998,110,0.0002
2023-08-22 11:00:00,2023-08-01,2023-09-01,30,12,18,0.4,94292.59302953926,-1.0692901,0.011999999999999997,0.009999999999999998,110,0.0002
2023-08-23 02:00:00,2023-08-01,2023-09-01,30,12,18,0.4,94292.59302953926,0.04780591569472009,0.011999999999999997,0.009999999999999998,110,0.0002
2023-08-23 03:00:00,2023-08-01,2023-09-01,30,12,18,0.4,94292.59302953926,0.04780591569472009,0.011999999999999997,0.009999999999999998,110,0.0002
2023-08-23 04:00:00,2023-08-01,2023-09-01,30,12,18,0.4,94292.59302953926,0.04780591569472009,0.011999999999999997,0.009999999999999998,110,0.0002
2023-08-23 10:00:00,2023-08-01,2023-09-01,30,12,18,0.4,94292.59302953926,0.04780591569472009,0.011999999999999997,0.009999999999999998,110,0.0002
2023-08-24 08:00:00,2023-08-01,2023-09-01,30,12,18,0.4,94292.59302953926,-2.12714638682041,0.011999999999999997,0.009999999999999998,110,0.0002
2023-08-24 09:00:00,2023-08-01,2023-09-01,30,12,18,0.4,94292.59302953926,-2.12714638682041,0.011999999999999997,0.009999999999999998,110,0.0002
2023-08-24 12:00:00,2023-08-01,2023-09-01,30,12,18,0.4,94292.59302953926,-2.12714638682041,0.011999999999999997,0.009999999999999998,110,0.0002
2023-08-24 20:00:00,2023-08-01,2023-09-01,30,12,18,0.4,94292.59302953926,-2.12714638682041,0.011999999999999997,0.009999999999999998,110,0.0002
2023-08-24 21:00:00,2023-08-01,2023-09-01,30,12,18,0.4,94292.59302953926,-2.12714638682041,0.011999999999999997,0.009999999999999998,110,0.0002
2023-08-26 09:00:00,2023-08-01,2023-09-01,30,12,18,0.4,94292.59302953926,1.129170120000003,0.011999999999999997,0.009999999999999998,110,0.0002
2023-08-26 10:00:00,2023-08-01,2023-09-01,30,12,18,0.4,94292.59302953926,1.129170120000003,0.011999999999999997,0.009999999999999998,110,0.0002
2023-08-26 11:00:00,2023-08-01,2023-09-01,30,12,18,0.4,94292.59302953926,1.129170120000003,0.011999999999999997,0.009999999999999998,110,0.0002
2023-08-27 17:00:00,2023-08-01,2023-09-01,30,12,18,0.4,94292.59302953926,0.0,0.011999999999999997,0.009999999999999998,110,0.0002
2023-08-27 18:00:00,2023-08-01,2023-09-01,30,12,18,0.4,94292.59302953926,0.0,0.011999999999999997,0.009999999999999998,110,0.0002
2023-08-27 19:00:00,2023-08-01,2023-09-01,30,12,18,0.4,94292.59302953926,0.0,0.011999999999999997,0.009999999999999998,110,0.0002
2023-08-27 20:00:00,2023-08-01,2023-09-01,30,12,18,0.4,94292.59302953926,0.0,0.011999999999999997,0.009999999999999998,110,0.0002
2023-08-27 21:00:00,2023-08-01,2023-09-01,30,12,18,0.4,94292.59302953926,0.0,0.011999999999999997,0.009999999999999998,110,0.0002
2023-08-27 22:00:00,2023-08-01,2023-09-01,30,12,18,0.4,94292.59302953926,0.0,0.011999999999999997,0.009999999999999998,110,0.0002
2023-08-27 23:00:00,2023-08-01,2023-09-01,30,12,18,0.4,94292.59302953926,0.0,0.011999999999999997,0.009999999999999998,110,0.0002
2023-08-28 00:00:00,2023-08-01,2023-09-01,30,12,18,0.4,94292.59302953926,0.0,0.011999999999999997,0.009999999999999998,110,0.0002
2023-08-28 01:00:00,2023-08-01,2023-09-01,30,12,18,0.4,94292.59302953926,0.0,0.011999999999999997,0.009999999999999998,110,0.0002
2023-08-28 02:00:00,2023-08-01,2023-09-01,30,12,18,0.4,94292.59302953926,0.0,0.011999999999999997,0.009999999999999998,110,0.0002
2023-08-29 00:00:00,2023-08-01,2023-09-01,30,12,18,0.4,94292.59302953926,-1.0692900999999981,0.011999999999999997,0.009999999999999998,110,0.0002
2023-08-29 01:00:00,2023-08-01,2023-09-01,30,12,18,0.4,94292.59302953926,-1.0692900999999981,0.011999999999999997,0.009999999999999998,110,0.0002
2023-08-29 12:00:00,2023-08-01,2023-09-01,30,12,18,0.4,94292.59302953926,-1.0692900999999981,0.011999999999999997,0.009999999999999998,110,0.0002
2023-08-29 13:00:00,2023-08-01,2023-09-01,30,12,18,0.4,94292.59302953926,-1.0692900999999981,0.011999999999999997,0.009999999999999998,110,0.0002
2023-08-29 16:00:00,2023-08-01,2023-09-01,30,12,18,0.4,94292.59302953926,-1.0692900999999981,0.011999999999999997,0.009999999999999998,110,0.0002
2023-08-29 17:00:00,2023-08-01,2023-09-01,30,12,18,0.4,94292.59302953926,-1.0692900999999981,0.011999999999999997,0.009999999999999998,110,0.0002
2023-08-29 18:00:00,2023-08-01,2023-09-01,30,12,18,0.4,94292.59302953926,-1.0692900999999981,0.011999999999999997,0.009999999999999998,110,0.0002
2023-08-29 19:00:00,2023-08-01,2023-09-01,30,12,18,0.4,94292.59302953926,-1.0692900999999981,0.011999999999999997,0.009999999999999998,110,0.0002
2023-08-30 08:00:00,2023-08-01,2023-09-01,30,12,18,0.4,94292.59302953926,2.271090491599036,0.011999999999999997,0.009999999999999998,110,0.0002
2023-08-30 09:00:00,2023-08-01,2023-09-01,30,12,18,0.4,94292.59302953926,2.271090491599036,0.011999999999999997,0.009999999999999998,110,0.0002
2023-08-30 23:00:00,2023-08-01,2023-09-01,30,12,18,0.4,94292.59302953926,2.271090491599036,0.011999999999999997,0.009999999999999998,110,0.0002
2023-08-31 00:00:00,2023-08-01,2023-09-01,30,12,18,0.4,94292.59302953926,-1.0692901000000026,0.011999999999999997,0.009999999999999998,110,0.0002
2023-08-31 20:00:00,2023-08-01,2023-09-01,30,12,18,0.4,94292.59302953926,-1.0692901000000026,0.011999999999999997,0.009999999999999998,110,0.0002
2023-08-31 21:00:00,2023-08-01,2023-09-01,30,12,18,0.4,94292.59302953926,-1.0692901000000026,0.011999999999999997,0.009999999999999998,110,0.0002
2023-08-31 22:00:00,2023-08-01,2023-09-01,30,12,18,0.4,94292.59302953926,-1.0692901000000026,0.011999999999999997,0.009999999999999998,110,0.0002
2023-08-31 23:00:00,2023-08-01,2023-09-01,30,12,18,0.4,94292.59302953926,-1.0692901000000026,0.011999999999999997,0.009999999999999998,110,0.0002
2023-09-01 00:00:00,2023-09-01,2023-10-01,30,12,18,0.4,94292.59302953917,-1.0692900999999984,0.011999999999999997,0.009999999999999998,80,0.0011
2023-09-01 01:00:00,2023-09-01,2023-10-01,30,12,18,0.4,94292.59302953917,-1.0692900999999984,0.011999999999999997,0.009999999999999998,80,0.0011
2023-09-01 02:00:00,2023-09-01,2023-10-01,30,12,18,0.4,94292.59302953917,-1.0692900999999984,0.011999999999999997,0.009999999999999998,80,0.0011
2023-09-01 03:00:00,2023-09-01,2023-10-01,30,12,18,0.4,94292.59302953917,-1.0692900999999984,0.011999999999999997,0.009999999999999998,80,0.0011
2023-09-01 04:00:00,2023-09-01,2023-10-01,30,12,18,0.4,94292.59302953917,-1.0692900999999984,0.011999999999999997,0.009999999999999998,80,0.0011
2023-09-02 00:00:00,2023-09-01,2023-10-01,30,12,18,0.4,94292.59302953917,1.1291701200000002,0.011999999999999997,0.009999999999999998,80,0.0011
2023-09-02 08:00:00,2023-09-01,2023-10-01,30,12,18,0.4,94292.59302953917,1.1291701200000002,0.011999999999999997,0.009999999999999998,80,0.0011
2023-09-02 09:00:00,2023-09-01,2023-10-01,30,12,18,0.4,94292.59302953917,1.1291701200000002,0.011999999999999997,0.009999999999999998,80,0.0011
2023-09-02 10:00:00,2023-09-01,2023-10-01,30,12,18,0.4,94292.59302953917,1.1291701200000002,0.011999999999999997,0.009999999999999998,80,0.0011
2023-09-02 11:00:00,2023-09-01,2023-10-01,30,12,18,0.4,94292.59302953917,1.1291701200000002,0.011999999999999997,0.009999999999999998,80,0.0011
2023-09-02 12:00:00,2023-09-01,2023-10-01,30,12,18,0.4,94292.59302953917,1.1291701200000002,0.011999999999999997,0.009999999999999998,80,0.0011
2023-09-02 13:00:00,2023-09-01,2023-10-01,30,12,18,0.4,94292.59302953917,1.1291701200000002,0.011999999999999997,0.009999999999999998,80,0.0011
2023-09-02 14:00:00,2023-09-01,2023-10-01,30,12,18,0.4,94292.59302953917,1.1291701200000002,0.011999999999999997,0.009999999999999998,80,0.0011
2023-09-03 20:00:00,2023-09-01,2023-10-01,30,12,18,0.4,94292.59302953917,0.0,0.011999999999999997,0.009999999999999998,80,0.0011
2023-09-03 21:00:00,2023-09-01,2023-10-01,30,12,18,0.4,94292.59302953917,0.0,0.011999999999999997,0.009999999999999998,80,0.0011
2023-09-03 22:00:00,2023-09-01,2023-10-01,30,12,18,0.4,94292.59302953917,0.0,0.011999999999999997,0.009999999999999998,80,0.0011
2023-09-05 00:00:00,2023-09-01,2023-10-01,30,12,18,0.4,94292.59302953917,0.04780591569468794,0.011999999999999997,0.009999999999999998,80,0.0011
2023-09-05 01:00:00,2023-09-01,2023-10-01,30,12,18,0.4,94292.59302953917,0.04780591569468794,0.011999999999999997,0.009999999999999998,80,0.0011
2023-09-05 02:00:00,2023-09-01,2023-10-01,30,12,18,0.4,94292.59302953917,0.04780591569468794,0.011999999999999997,0.009999999999999998,80,0.0011
2023-09-05 03:00:00,2023-09-01,2023-10-01,30,12,18,0.4,94292.59302953917,0.04780591569468794,0.011999999999999997,0.009999999999999998,80,0.0011
2023-09-05 04:00:00,2023-09-01,2023-10-01,30,12,18,0.4,94292.59302953917,0.04780591569468794,0.011999999999999997,0.009999999999999998,80,0.0011
2023-09-05 05:00:00,2023-09-01,2023-10-01,30,12,18,0.4,94292.59302953917,0.04780591569468794,0.011999999999999997,0.009999999999999998,80,0.0011
2023-09-05 06:00:00,2023-09-01,2023-10-01,30,12,18,0.4,94292.59302953917,0.04780591569468794,0.011999999999999997,0.009999999999999998,80,0.0011
2023-09-05 07:00:00,2023-09-01,2023-10-01,30,12,18,0.4,94292.59302953917,0.04780591569468794,0.011999999999999997,0.009999999999999998,80,0.0011
2023-09-05 08:00:00,2023-09-01,2023-10-01,30,12,18,0.4,94292.59302953917,0.04780591569468794,0.011999999999999997,0.009999999999999998,80,0.0011
2023-09-05 09:00:00,2023-09-01,2023-10-01,30,12,18,0.4,94292.59302953917,0.04780591569468794,0.011999999999999997,0.009999999999999998,80,0.0011
2023-09-05 10:00:00,2023-09-01,2023-10-01,30,12,18,0.4,94292.59302953917,0.04780591569468794,0.011999999999999997,0.009999999999999998,80,0.0011
2023-09-05 11:00:00,2023-09-01,2023-10-01,30,12,18,0.4,94292.59302953917,0.04780591569468794,0.011999999999999997,0.009999999999999998,80,0.0011
2023-09-05 17:00:00,2023-09-01,2023-10-01,30,12,18,0.4,94292.59302953917,0.04780591569468794,0.011999999999999997,0.009999999999999998,80,0.0011
2023-09-05 18:00:00,2023-09-01,2023-10-01,30,12,18,0.4,94292.59302953917,0.04780591569468794,0.011999999999999997,0.009999999999999998,80,0.0011
2023-09-05 19:00:00,2023-09-01,2023-10-01,30,12,18,0.4,94292.59302953917,0.04780591569468794,0.011999999999999997,0.009999999999999998,80,0.0011
2023-09-05 20:00:00,2023-09-01,2023-10-01,30,12,18,0.4,94292.59302953917,0.04780591569468794,0.011999999999999997,0.009999999999999998,80,0.0011
2023-09-07 00:00:00,2023-09-01,2023-10-01,30,12,18,0.4,94292.59302953917,0.047805915694693946,0.011999999999999997,0.009999999999999998,80,0.0011
2023-09-07 01:00:00,2023-09-01,2023-10-01,30,12,18,0.4,94292.59302953917,0.047805915694693946,0.011999999999999997,0.009999999999999998,80,0.0011
2023-09-07 02:00:00,2023-09-01,2023-10-01,30,12,18,0.4,94292.59302953917,0.047805915694693946,0.011999999999999997,0.009999999999999998,80,0.0011
2023-09-07 08:00:00,2023-09-01,2023-10-01,30,12,18,0.4,94292.59302953917,0.047805915694693946,0.011999999999999997,0.009999999999999998,80,0.0011
2023-09-07 09:00:00,2023-09-01,2023-10-01,30,12,18,0.4,94292.59302953917,0.047805915694693946,0.011999999999999997,0.009999999999999998,80,0.0011
2023-09-07 10:00:00,2023-09-01,2023-10-01,30,12,18,0.4,94292.59302953917,0.047805915694693946,0.011999999999999997,0.009999999999999998,80,0.0011
2023-09-07 11:00:00,2023-09-01,2023-10-01,30,12,18,0.4,94292.59302953917,0.047805915694693946,0.011999999999999997,0.009999999999999998,80,0.0011
2023-09-07 16:00:00,2023-09-01,2023-10-01,30,12,18,0.4,94292.59302953917,0.047805915694693946,0.011999999999999997,0.009999999999999998,80,0.0011
2023-09-07 17:00:00,2023-09-01,2023-10-01,30,12,18,0.4,94292.59302953917,0.047805915694693946,0.011999999999999997,0.009999999999999998,80,0.0011
2023-09-08 00:00:00,2023-09-01,2023-10-01,30,12,18,0.4,94292.59302953917,-1.0692900999999957,0.011999999999999997,0.009999999999999998,80,0.0011
2023-09-08 01:00:00,2023-09-01,2023-10-01,30,12,18,0.4,94292.59302953917,-1.0692900999999957,0.011999999999999997,0.009999999999999998,80,0.0011
2023-09-08 02:00:00,2023-09-01,2023-10-01,30,12,18,0.4,94292.59302953917,-1.0692900999999957,0.011999999999999997,0.009999999999999998,80,0.0011
2023-09-10 01:00:00,2023-09-01,2023-10-01,30,12,18,0.4,94292.59302953917,-2.1271463868204186,0.011999999999999997,0.009999999999999998,80,0.0011
2023-09-10 02:00:00,2023-09-01,2023-10-01,30,12,18,0.4,94292.59302953917,-2.1271463868204186,0.011999999999999997,0.009999999999999998,80,0.0011
2023-09-10 03:00:00,2023-09-01,2023-10-01,30,12,18,0.4,94292.59302953917,-2.1271463868204186,0.011999999999999997,0.009999999999999998,80,0.0011
2023-09-10 04:00:00,2023-09-01,2023-10-01,30,12,18,0.4,94292.59302953917,-2.1271463868204186,0.011999999999999997,0.009999999999999998,80,0.0011
2023-09-10 08:00:00,2023-09-01,2023-10-01,30,12,18,0.4,94292.59302953917,-2.1271463868204186,0.011999999999999997,0.009999999999999998,80,0.0011
2023-09-10 09:00:00,2023-09-01,2023-10-01,30,12,18,0.4,94292.59302953917,-2.1271463868204186,0.011999999999999997,0.009999999999999998,80,0.0011
2023-09-10 17:00:00,2023-09-01,2023-10-01,30,12,18,0.4,94292.59302953917,-2.1271463868204186,0.011999999999999997,0.009999999999999998,80,0.0011
2023-09-10 18:00:00,2023-09-01,2023-10-01,30,12,18,0.4,94292.59302953917,-2.1271463868204186,0.011999999999999997,0.009999999999999998,80,0.0011
2023-09-10 19:00:00,2023-09-01,2023-10-01,30,12,18,0.4,94292.59302953917,-2.1271463868204186,0.011999999999999997,0.009999999999999998,80,0.0011
2023-09-12 12:00:00,2023-09-01,2023-10-01,30,12,18,0.4,94292.59302953917,-1.0692900999999924,0.011999999999999997,0.009999999999999998,80,0.0011
2023-09-12 13:00:00,2023-09-01,2023-10-01,30,12,18,0.4,94292.59302953917,-1.0692900999999924,0.011999999999999997,0.009999999999999998,80,0.0011
2023-09-12 14:00:00,2023-09-01,2023-10-01,30,12,18,0.4,94292.59302953917,-1.0692900999999924,0.011999999999999997,0.009999999999999998,80,0.0011
2023-09-13 00:00:00,2023-09-01,2023-10-01,30,12,18,0.4,94292.59302953917,2.2710904915990144,0.011999999999999997,0.009999999999999998,80,0.0011
2023-09-13 16:00:00,2023-09-01,2023-10-01,30,12,18,0.4,94292.59302953917,2.2710904915990144,0.011999999999999997,0.009999999999999998,80,0.0011
2023-09-13 17:00:00,2023-09-01,2023-10-01,30,12,18,0.4,94292.59302953917,2.2710904915990144,0.011999999999999997,0.009999999999999998,80,0.0011
2023-09-14 08:00:00,2023-09-01,2023-10-01,30,12,18,0.4,94292.59302953917,-2.127146386820415,0.011999999999999997,0.009999999999999998,80,0.0011
2023-09-14 09:00:00,2023-09-01,2023-10-01,30,12,18,0.4,94292.59302953917,-2.127146386820415,0.011999999999999997,0.009999999999999998,80,0.0011
2023-09-14 10:00:00,2023-09-01,2023-10-01,30,12,18,0.4,94292.59302953917,-2.127146386820415,0.011999999999999997,0.009999999999999998,80,0.0011
2023-09-14 11:00:00,2023-09-01,2023-10-01,30,12,18,0.4,94292.59302953917,-2.127146386820415,0.011999999999999997,0.009999999999999998,80,0.0011
2023-09-14 12:00:00,2023-09-01,2023-10-01,30,12,18,0.4,94292.59302953917,-2.127146386820415,0.011999999999999997,0.009999999999999998,80,0.0011
2023-09-14 13:00:00,2023-09-01,2023-10-01,30,12,18,0.4,94292.59302953917,-2.127146386820415,0.011999999999999997,0.009999999999999998,80,0.0011
2023-09-15 15:00:00,2023-09-01,2023-10-01,30,12,18,0.4,94292.59302953917,-1.069290100000008,0.011999999999999997,0.009999999999999998,80,0.0011
2023-09-15 16:00:00,2023-09-01,2023-10-01,30,12,18,0.4,94292.59302953917,-1.069290100000008,0.011999999999999997,0.009999999999999998,80,0.0011
2023-09-15 17:00:00,2023-09-01,2023-10-01,30,12,18,0.4,94292.59302953917,-1.069290100000008,0.011999999999999997,0.009999999999999998,80,0.0011
2023-09-15 18:00:00,2023-09-01,2023-10-01,30,12,18,0.4,94292.59302953917,-1.069290100000008,0.011999999999999997,0.009999999999999998,80,0.0011
2023-09-15 19:00:00,2023-09-01,2023-10-01,30,12,18,0.4,94292.59302953917,-1.069290100000008,0.011999999999999997,0.009999999999999998,80,0.0011
2023-09-17 04:00:00,2023-09-01,2023-10-01,30,12,18,0.4,94292.59302953917,1.129170120000004,0.011999999999999997,0.009999999999999998,80,0.0011
2023-09-17 05:00:00,2023-09-01,2023-10-01,30,12,18,0.4,94292.59302953917,1.129170120000004,0.011999999999999997,0.009999999999999998,80,0.0011
2023-09-17 06:00:00,2023-09-01,2023-10-01,30,12,18,0.4,94292.59302953917,1.129170120000004,0.011999999999999997,0.009999999999999998,80,0.0011
2023-09-17 07:00:00,2023-09-01,2023-10-01,30,12,18,0.4,94292.59302953917,1.129170120000004,0.011999999999999997,0.009999999999999998,80,0.0011
2023-09-17 08:00:00,2023-09-01,2023-10-01,30,12,18,0.4,94292.59302953917,1.129170120000004,0.011999999999999997,0.009999999999999998,80,0.0011
2023-09-18 12:00:00,2023-09-01,2023-10-01,30,12,18,0.4,94292.59302953917,0.047805915694691184,0.011999999999999997,0.009999999999999998,80,0.0011
2023-09-18 16:00:00,2023-09-01,2023-10-01,30,12,18,0.4,94292.59302953917,0.047805915694691184,0.011999999999999997,0.009999999999999998,80,0.0011
2023-09-18 17:00:00,2023-09-01,2023-10-01,30,12,18,0.4,94292.59302953917,0.047805915694691184,0.011999999999999997,0.009999999999999998,80,0.0011
2023-09-18 18:00:00,2023-09-01,2023-10-01,30,12,18,0.4,94292.59302953917,0.047805915694691184,0.011999999999999997,0.009999999999999998,80,0.0011
2023-09-18 20:00:00,2023-09-01,2023-10-01,30,12,18,0.4,94292.59302953917,0.047805915694691184,0.011999999999999997,0.009999999999999998,80,0.0011
2023-09-19 16:00:00,2023-09-01,2023-10-01,30,12,18,0.4,94292.59302953917,1.129170120000007,0.011999999999999997,0.009999999999999998,80,0.0011
2023-09-19 17:00:00,2023-09-01,2023-10-01,30,12,18,0.4,94292.59302953917,1.129170120000007,0.011999999999999997,0.009999999999999998,80,0.0011
2023-09-19 18:00:00,2023-09-01,2023-10-01,30,12,18,0.4,94292.59302953917,1.129170120000007,0.011999999999999997,0.009999999999999998,80,0.0011
2023-09-19 19:00:00,2023-09-01,2023-10-01,30,12,18,0.4,94292.59302953917,1.129170120000007,0.011999999999999997,0.009999999999999998,80,0.0011
2023-09-19 20:00:00,2023-09-01,2023-10-01,30,12,18,0.4,94292.59302953917,1.129170120000007,0.011999999999999997,0.009999999999999998,80,0.0011
2023-09-19 21:00:00,2023-09-01,2023-10-01,30,12,18,0.4,94292.59302953917,1.129170120000007,0.011999999999999997,0.009999999999999998,80,0.0011
2023-09-20 20:00:00,2023-09-01,2023-10-01,30,12,18,0.4,94292.59302953917,1.1291701200000146,0.011999999999999997,0.009999999999999998,80,0.0011
2023-09-20 21:00:00,2023-09-01,2023-10-01,30,12,18,0.4,94292.59302953917,1.1291701200000146,0.011999999999999997,0.009999999999999998,80,0.0011
2023-09-20 22:00:00,2023-09-01,2023-10-01,30,12,18,0.4,94292.59302953917,1.1291701200000146,0.011999999999999997,0.009999999999999998,80,0.0011
2023-09-20 23:00:00,2023-09-01,2023-10-01,30,12,18,0.4,94292.59302953917,1.1291701200000146,0.011999999999999997,0.009999999999999998,80,0.0011
2023-09-21 08:00:00,2023-09-01,2023-10-01,30,12,18,0.4,94292.59302953917,-1.069290099999995,0.011999999999999997,0.009999999999999998,80,0.0011
2023-09-21 19:00:00,2023-09-01,2023-10-01,30,12,18,0.4,94292.59302953917,-1.069290099999995,0.011999999999999997,0.009999999999999998,80,0.0011
2023-09-22 00:00:00,2023-09-01,2023-10-01,30,12,18,0.4,94292.59302953917,1.1291701200000055,0.011999999999999997,0.009999999999999998,80,0.0011
2023-09-22 01:00:00,2023-09-01,2023-10-01,30,12,18,0.4,94292.59302953917,1.1291701200000055,0.011999999999999997,0.009999999999999998,80,0.0011
2023-09-22 02:00:00,2023-09-01,2023-10-01,30,12,18,0.4,94292.59302953917,1.1291701200000055,0.011999999999999997,0.009999999999999998,80,0.0011
2023-09-22 03:00:00,2023-09-01,2023-10-01,30,12,18,0.4,94292.59302953917,1.1291701200000055,0.011999999999999997,0.009999999999999998,80,0.0011
2023-09-22 04:00:00,2023-09-01,2023-10-01,30,12,18,0.4,94292.59302953917,1.1291701200000055,0.011999999999999997,0.009999999999999998,80,0.0011
2023-09-22 05:00:00,2023-09-01,2023-10-01,30,12,18,0.4,94292.59302953917,1.1291701200000055,0.011999999999999997,0.009999999999999998,80,0.0011
2023-09-22 16:00:00,2023-09-01,2023-10-01,30,12,18,0.4,94292.59302953917,1.1291701200000055,0.011999999999999997,0.009999999999999998,80,0.0011
2023-09-22 17:00:00,2023-09-01,2023-10-01,30,12,18,0.4,94292.59302953917,1.1291701200000055,0.011999999999999997,0.009999999999999998,80,0.0011
2023-09-22 18:00:00,2023-09-01,2023-10-01,30,12,18,0.4,94292.59302953917,1.1291701200000055,0.011999999999999997,0.009999999999999998,80,0.0011
2023-09-22 19:00:00,2023-09-01,2023-10-01,30,12,18,0.4,94292.59302953917,1.1291701200000055,0.011999999999999997,0.009999999999999998,80,0.0011
2023-09-22 20:00:00,2023-09-01,2023-10-01,30,12,18,0.4,94292.59302953917,1.1291701200000055,0.011999999999999997,0.009999999999999998,80,0.0011
2023-09-22 21:00:00,2023-09-01,2023-10-01,30,12,18,0.4,94292.59302953917,1.1291701200000055,0.011999999999999997,0.009999999999999998,80,0.0011
2023-09-22 22:00:00,2023-09-01,2023-10-01,30,12,18,0.4,94292.59302953917,1.1291701200000055,0.011999999999999997,0.009999999999999998,80,0.0011
2023-09-22 23:00:00,2023-09-01,2023-10-01,30,12,18,0.4,94292.59302953917,1.1291701200000055,0.011999999999999997,0.009999999999999998,80,0.0011
2023-09-23 16:00:00,2023-09-01,2023-10-01,30,12,18,0.4,94292.59302953917,0.0,0.011999999999999997,0.009999999999999998,80,0.0011
2023-09-23 17:00:00,2023-09-01,2023-10-01,30,12,18,0.4,94292.59302953917,0.0,0.011999999999999997,0.009999999999999998,80,0.0011
2023-09-23 18:00:00,2023-09-01,2023-10-01,30,12,18,0.4,94292.59302953917,0.0,0.011999999999999997,0.009999999999999998,80,0.0011
2023-09-23 19:00:00,2023-09-01,2023-10-01,30,12,18,0.4,94292.59302953917,0.0,0.011999999999999997,0.009999999999999998,80,0.0011
2023-09-23 20:00:00,2023-09-01,2023-10-01,30,12,18,0.4,94292.59302953917,0.0,0.011999999999999997,0.009999999999999998,80,0.0011
2023-09-24 23:00:00,2023-09-01,2023-10-01,30,12,18,0.4,94292.59302953917,0.0,0.011999999999999997,0.009999999999999998,80,0.0011
2023-09-25 00:00:00,2023-09-01,2023-10-01,30,12,18,0.4,94292.59302953917,-1.0692900999999855,0.011999999999999997,0.009999999999999998,80,0.0011
2023-09-25 01:00:00,2023-09-01,2023-10-01,30,12,18,0.4,94292.59302953917,-1.0692900999999855,0.011999999999999997,0.009999999999999998,80,0.0011
2023-09-25 02:00:00,2023-09-01,2023-10-01,30,12,18,0.4,94292.59302953917,-1.0692900999999855,0.011999999999999997,0.009999999999999998,80,0.0011
2023-09-25 03:00:00,2023-09-01,2023-10-01,30,12,18,0.4,94292.59302953917,-1.0692900999999855,0.011999999999999997,0.009999999999999998,80,0.0011
2023-09-25 04:00:00,2023-09-01,2023-10-01,30,12,18,0.4,94292.59302953917,-1.0692900999999855,0.011999999999999997,0.009999999999999998,80,0.0011
2023-09-25 05:00:00,2023-09-01,2023-10-01,30,12,18,0.4,94292.59302953917,-1.0692900999999855,0.011999999999999997,0.009999999999999998,80,0.0011
2023-09-26 12:00:00,2023-09-01,2023-10-01,30,12,18,0.4,94292.59302953917,-1.0692900999999992,0.011999999999999997,0.009999999999999998,80,0.0011
2023-09-26 13:00:00,2023-09-01,2023-10-01,30,12,18,0.4,94292.59302953917,-1.0692900999999992,0.011999999999999997,0.009999999999999998,80,0.0011
2023-09-26 14:00:00,2023-09-01,2023-10-01,30,12,18,0.4,94292.59302953917,-1.0692900999999992,0.011999999999999997,0.009999999999999998,80,0.0011
2023-09-26 15:00:00,2023-09-01,2023-10-01,30,12,18,0.4,94292.59302953917,-1.0692900999999992,0.011999999999999997,0.009999999999999998,80,0.0011
2023-09-26 22:00:00,2023-09-01,2023-10-01,30,12,18,0.4,94292.59302953917,-1.0692900999999992,0.011999999999999997,0.009999999999999998,80,0.0011
2023-09-27 00:00:00,2023-09-01,2023-10-01,30,12,18,0.4,94292.59302953917,-1.069290099999982,0.011999999999999997,0.009999999999999998,80,0.0011
2023-09-27 01:00:00,2023-09-01,2023-10-01,30,12,18,0.4,94292.59302953917,-1.069290099999982,0.011999999999999997,0.009999999999999998,80,0.0011
2023-09-27 02:00:00,2023-09-01,2023-10-01,30,12,18,0.4,94292.59302953917,-1.069290099999982,0.011999999999999997,0.009999999999999998,80,0.0011
2023-09-27 09:00:00,2023-09-01,2023-10-01,30,12,18,0.4,94292.59302953917,-1.069290099999982,0.011999999999999997,0.009999999999999998,80,0.0011
2023-09-27 15:00:00,2023-09-01,2023-10-01,30,12,18,0.4,94292.59302953917,-1.069290099999982,0.011999999999999997,0.009999999999999998,80,0.0011
2023-09-27 16:00:00,2023-09-01,2023-10-01,30,12,18,0.4,94292.59302953917,-1.069290099999982,0.011999999999999997,0.009999999999999998,80,0.0011
2023-09-27 17:00:00,2023-09-01,2023-10-01,30,12,18,0.4,94292.59302953917,-1.069290099999982,0.011999999999999997,0.009999999999999998,80,0.0011
2023-09-27 18:00:00,2023-09-01,2023-10-01,30,12,18,0.4,94292.59302953917,-1.069290099999982,0.011999999999999997,0.009999999999999998,80,0.0011
2023-09-27 19:00:00,2023-09-01,2023-10-01,30,12,18,0.4,94292.59302953917,-1.069290099999982,0.011999999999999997,0.009999999999999998,80,0.0011
2023-09-27 20:00:00,2023-09-01,2023-10-01,30,12,18,0.4,94292.59302953917,-1.069290099999982,0.011999999999999997,0.009999999999999998,80,0.0011
2023-09-28 00:00:00,2023-09-01,2023-10-01,30,12,18,0.4,94292.59302953917,-1.0219953682290408,0.011999999999999997,0.009999999999999998,80,0.0011
2023-09-28 01:00:00,2023-09-01,2023-10-01,30,12,18,0.4,94292.59302953917,-1.0219953682290408,0.011999999999999997,0.009999999999999998,80,0.0011
2023-09-28 02:00:00,2023-09-01,2023-10-01,30,12,18,0.4,94292.59302953917,-1.0219953682290408,0.011999999999999997,0.009999999999999998,80,0.0011
2023-09-28 03:00:00,2023-09-01,2023-10-01,30,12,18,0.4,94292.59302953917,-1.0219953682290408,0.011999999999999997,0.009999999999999998,80,0.0011
2023-09-28 04:00:00,2023-09-01,2023-10-01,30,12,18,0.4,94292.59302953917,-1.0219953682290408,0.011999999999999997,0.009999999999999998,80,0.0011
2023-09-28 05:00:00,2023-09-01,2023-10-01,30,12,18,0.4,94292.59302953917,-1.0219953682290408,0.011999999999999997,0.009999999999999998,80,0.0011
2023-09-28 06:00:00,2023-09-01,2023-10-01,30,12,18,0.4,94292.59302953917,-1.0219953682290408,0.011999999999999997,0.009999999999999998,80,0.0011
2023-09-28 07:00:00,2023-09-01,2023-10-01,30,12,18,0.4,94292.59302953917,-1.0219953682290408,0.011999999999999997,0.009999999999999998,80,0.0011
2023-09-28 17:00:00,2023-09-01,2023-10-01,30,12,18,0.4,94292.59302953917,-1.0219953682290408,0.011999999999999997,0.009999999999999998,80,0.0011
2023-09-28 18:00:00,2023-09-01,2023-10-01,30,12,18,0.4,94292.59302953917,-1.0219953682290408,0.011999999999999997,0.009999999999999998,80,0.0011
2023-09-28 19:00:00,2023-09-01,2023-10-01,30,12,18,0.4,94292.59302953917,-1.0219953682290408,0.011999999999999997,0.009999999999999998,80,0.0011
2023-09-28 20:00:00,2023-09-01,2023-10-01,30,12,18,0.4,94292.59302953917,-1.0219953682290408,0.011999999999999997,0.009999999999999998,80,0.0011
2023-09-29 21:00:00,2023-09-01,2023-10-01,30,12,18,0.4,94292.59302953917,-1.0692900999999995,0.011999999999999997,0.009999999999999998,80,0.0011
2023-09-29 22:00:00,2023-09-01,2023-10-01,30,12,18,0.4,94292.59302953917,-1.0692900999999995,0.011999999999999997,0.009999999999999998,80,0.0011
2023-09-30 12:00:00,2023-09-01,2023-10-01,30,12,18,0.4,94292.59302953917,1.129170120000002,0.011999999999999997,0.009999999999999998,80,0.0011
2023-09-30 13:00:00,2023-09-01,2023-10-01,30,12,18,0.4,94292.59302953917,1.129170120000002,0.011999999999999997,0.009999999999999998,80,0.0011
2023-09-30 14:00:00,2023-09-01,2023-10-01,30,12,18,0.4,94292.59302953917,1.129170120000002,0.011999999999999997,0.009999999999999998,80,0.0011
2023-09-30 16:00:00,2023-09-01,2023-10-01,30,12,18,0.4,94292.59302953917,1.129170120000002,0.011999999999999997,0.009999999999999998,80,0.0011
2023-09-30 17:00:00,2023-09-01,2023-10-01,30,12,18,0.4,94292.59302953917,1.129170120000002,0.011999999999999997,0.009999999999999998,80,0.0011
2023-09-30 18:00:00,2023-09-01,2023-10-01,30,12,18,0.4,94292.59302953917,1.129170120000002,0.011999999999999997,0.009999999999999998,80,0.0011
2023-09-30 19:00:00,2023-09-01,2023-10-01,30,12,18,0.4,94292.59302953917,1.129170120000002,0.011999999999999997,0.009999999999999998,80,0.0011
2023-09-30 20:00:00,2023-09-01,2023-10-01,30,12,18,0.4,94292.59302953917,1.129170120000002,0.011999999999999997,0.009999999999999998,80,0.0011
2023-09-30 21:00:00,2023-09-01,2023-10-01,30,12,18,0.4,94292.59302953917,1.129170120000002,0.011999999999999997,0.009999999999999998,80,0.0011
2023-09-30 22:00:00,2023-09-01,2023-10-01,30,12,18,0.4,94292.59302953917,1.129170120000002,0.011999999999999997,0.009999999999999998,80,0.0011
2023-09-30 23:00:00,2023-09-01,2023-10-01,30,12,18,0.4,94292.59302953917,1.129170120000002,0.011999999999999997,0.009999999999999998,80,0.0011
2023-10-01 15:00:00,2023-10-01,2023-11-01,42,19,23,0.4523809523809524,102717.46545586233,-0.9693600900000019,0.013999999999999995,0.009,90,0.0014000000000000002
2023-10-01 16:00:00,2023-10-01,2023-11-01,42,19,23,0.4523809523809524,102717.46545586233,-0.9693600900000019,0.013999999999999995,0.009,90,0.0014000000000000002
2023-10-01 17:00:00,2023-10-01,2023-11-01,42,19,23,0.4523809523809524,102717.46545586233,-0.9693600900000019,0.013999999999999995,0.009,90,0.0014000000000000002
2023-10-01 18:00:00,2023-10-01,2023-11-01,42,19,23,0.4523809523809524,102717.46545586233,-0.9693600900000019,0.013999999999999995,0.009,90,0.0014000000000000002
2023-10-01 19:00:00,2023-10-01,2023-11-01,42,19,23,0.4523809523809524,102717.46545586233,-0.9693600900000019,0.013999999999999995,0.009,90,0.0014000000000000002
2023-10-01 20:00:00,2023-10-01,2023-11-01,42,19,23,0.4523809523809524,102717.46545586233,-0.9693600900000019,0.013999999999999995,0.009,90,0.0014000000000000002
2023-10-01 21:00:00,2023-10-01,2023-11-01,42,19,23,0.4523809523809524,102717.46545586233,-0.9693600900000019,0.013999999999999995,0.009,90,0.0014000000000000002
2023-10-01 22:00:00,2023-10-01,2023-11-01,42,19,23,0.4523809523809524,102717.46545586233,-0.9693600900000019,0.013999999999999995,0.009,90,0.0014000000000000002
2023-10-01 23:00:00,2023-10-01,2023-11-01,42,19,23,0.4523809523809524,102717.46545586233,-0.9693600900000019,0.013999999999999995,0.009,90,0.0014000000000000002
2023-10-02 00:00:00,2023-10-01,2023-11-01,42,19,23,0.4523809523809524,102717.46545586233,-1.9293235901591395,0.013999999999999995,0.009,90,0.0014000000000000002
2023-10-02 13:00:00,2023-10-01,2023-11-01,42,19,23,0.4523809523809524,102717.46545586233,-1.9293235901591395,0.013999999999999995,0.009,90,0.0014000000000000002
2023-10-02 14:00:00,2023-10-01,2023-11-01,42,19,23,0.4523809523809524,102717.46545586233,-1.9293235901591395,0.013999999999999995,0.009,90,0.0014000000000000002
2023-10-02 15:00:00,2023-10-01,2023-11-01,42,19,23,0.4523809523809524,102717.46545586233,-1.9293235901591395,0.013999999999999995,0.009,90,0.0014000000000000002
2023-10-04 04:00:00,2023-10-01,2023-11-01,42,19,23,0.4523809523809524,102717.46545586233,1.329030139999994,0.013999999999999995,0.009,90,0.0014000000000000002
2023-10-04 05:00:00,2023-10-01,2023-11-01,42,19,23,0.4523809523809524,102717.46545586233,1.329030139999994,0.013999999999999995,0.009,90,0.0014000000000000002
2023-10-04 06:00:00,2023-10-01,2023-11-01,42,19,23,0.4523809523809524,102717.46545586233,1.329030139999994,0.013999999999999995,0.009,90,0.0014000000000000002
2023-10-04 08:00:00,2023-10-01,2023-11-01,42,19,23,0.4523809523809524,102717.46545586233,1.329030139999994,0.013999999999999995,0.009,90,0.0014000000000000002
2023-10-04 09:00:00,2023-10-01,2023-11-01,42,19,23,0.4523809523809524,102717.46545586233,1.329030139999994,0.013999999999999995,0.009,90,0.0014000000000000002
2023-10-04 10:00:00,2023-10-01,2023-11-01,42,19,23,0.4523809523809524,102717.46545586233,1.329030139999994,0.013999999999999995,0.009,90,0.0014000000000000002
2023-10-04 11:00:00,2023-10-01,2023-11-01,42,19,23,0.4523809523809524,102717.46545586233,1.329030139999994,0.013999999999999995,0.009,90,0.0014000000000000002
2023-10-04 12:00:00,2023-10-01,2023-11-01,42,19,23,0.4523809523809524,102717.46545586233,1.329030139999994,0.013999999999999995,0.009,90,0.0014000000000000002
2023-10-04 13:00:00,2023-10-01,2023-11-01,42,19,23,0.4523809523809524,102717.46545586233,1.329030139999994,0.013999999999999995,0.009,90,0.0014000000000000002
2023-10-04 14:00:00,2023-10-01,2023-11-01,42,19,23,0.4523809523809524,102717.46545586233,1.329030139999994,0.013999999999999995,0.009,90,0.0014000000000000002
2023-10-05 14:00:00,2023-10-01,2023-11-01,42,19,23,0.4523809523809524,102717.46545586233,-1.929323590159147,0.013999999999999995,0.009,90,0.0014000000000000002
2023-10-05 15:00:00,2023-10-01,2023-11-01,42,19,23,0.4523809523809524,102717.46545586233,-1.929323590159147,0.013999999999999995,0.009,90,0.0014000000000000002
2023-10-05 16:00:00,2023-10-01,2023-11-01,42,19,23,0.4523809523809524,102717.46545586233,-1.929323590159147,0.013999999999999995,0.009,90,0.0014000000000000002
2023-10-05 17:00:00,2023-10-01,2023-11-01,42,19,23,0.4523809523809524,102717.46545586233,-1.929323590159147,0.013999999999999995,0.009,90,0.0014000000000000002
2023-10-05 18:00:00,2023-10-01,2023-11-01,42,19,23,0.4523809523809524,102717.46545586233,-1.929323590159147,0.013999999999999995,0.009,90,0.0014000000000000002
2023-10-05 19:00:00,2023-10-01,2023-11-01,42,19,23,0.4523809523809524,102717.46545586233,-1.929323590159147,0.013999999999999995,0.009,90,0.0014000000000000002
2023-10-05 20:00:00,2023-10-01,2023-11-01,42,19,23,0.4523809523809524,102717.46545586233,-1.929323590159147,0.013999999999999995,0.009,90,0.0014000000000000002
2023-10-05 21:00:00,2023-10-01,2023-11-01,42,19,23,0.4523809523809524,102717.46545586233,-1.929323590159147,0.013999999999999995,0.009,90,0.0014000000000000002
2023-10-05 22:00:00,2023-10-01,2023-11-01,42,19,23,0.4523809523809524,102717.46545586233,-1.929323590159147,0.013999999999999995,0.009,90,0.0014000000000000002
2023-10-06 12:00:00,2023-10-01,2023-11-01,42,19,23,0.4523809523809524,102717.46545586233,2.6757234911303005,0.013999999999999995,0.009,90,0.0014000000000000002
2023-10-06 13:00:00,2023-10-01,2023-11-01,42,19,23,0.4523809523809524,102717.46545586233,2.6757234911303005,0.013999999999999995,0.009,90,0.0014000000000000002
2023-10-06 14:00:00,2023-10-01,2023-11-01,42,19,23,0.4523809523809524,102717.46545586233,2.6757234911303005,0.013999999999999995,0.009,90,0.0014000000000000002
2023-10-06 15:00:00,2023-10-01,2023-11-01,42,19,23,0.4523809523809524,102717.46545586233,2.6757234911303005,0.013999999999999995,0.009,90,0.0014000000000000002
2023-10-06 16:00:00,2023-10-01,2023-11-01,42,19,23,0.4523809523809524,102717.46545586233,2.6757234911303005,0.013999999999999995,0.009,90,0.0014000000000000002
2023-10-06 17:00:00,2023-10-01,2023-11-01,42,19,23,0.4523809523809524,102717.46545586233,2.6757234911303005,0.013999999999999995,0.009,90,0.0014000000000000002
2023-10-06 18:00:00,2023-10-01,2023-11-01,42,19,23,0.4523809523809524,102717.46545586233,2.6757234911303005,0.013999999999999995,0.009,90,0.0014000000000000002
2023-10-07 00:00:00,2023-10-01,2023-11-01,42,19,23,0.4523809523809524,102717.46545586233,1.329030140000008,0.013999999999999995,0.009,90,0.0014000000000000002
2023-10-07 01:00:00,2023-10-01,2023-11-01,42,19,23,0.4523809523809524,102717.46545586233,1.329030140000008,0.013999999999999995,0.009,90,0.0014000000000000002
2023-10-07 02:00:00,2023-10-01,2023-11-01,42,19,23,0.4523809523809524,102717.46545586233,1.329030140000008,0.013999999999999995,0.009,90,0.0014000000000000002
2023-10-07 03:00:00,2023-10-01,2023-11-01,42,19,23,0.4523809523809524,102717.46545586233,1.329030140000008,0.013999999999999995,0.009,90,0.0014000000000000002
2023-10-07 04:00:00,2023-10-01,2023-11-01,42,19,23,0.4523809523809524,102717.46545586233,1.329030140000008,0.013999999999999995,0.009,90,0.0014000000000000002
2023-10-07 05:00:00,2023-10-01,2023-11-01,42,19,23,0.4523809523809524,102717.46545586233,1.329030140000008,0.013999999999999995,0.009,90,0.0014000000000000002
2023-10-07 06:00:00,2023-10-01,2023-11-01,42,19,23,0.4523809523809524,102717.46545586233,1.329030140000008,0.013999999999999995,0.009,90,0.0014000000000000002
2023-10-08 09:00:00,2023-10-01,2023-11-01,42,19,23,0.4523809523809524,102717.46545586233,0.0,0.013999999999999995,0.009,90,0.0014000000000000002
2023-10-08 10:00:00,2023-10-01,2023-11-01,42,19,23,0.4523809523809524,102717.46545586233,0.0,0.013999999999999995,0.009,90,0.0014000000000000002
2023-10-08 11:00:00,2023-10-01,2023-11-01,42,19,23,0.4523809523809524,102717.46545586233,0.0,0.013999999999999995,0.009,90,0.0014000000000000002
2023-10-09 07:00:00,2023-10-01,2023-11-01,42,19,23,0.4523809523809524,102717.46545586233,0.0,0.013999999999999995,0.009,90,0.0014000000000000002
2023-10-10 00:00:00,2023-10-01,2023-11-01,42,19,23,0.4523809523809524,102717.46545586233,1.3290301400000006,0.013999999999999995,0.009,90,0.0014000000000000002
2023-10-10 01:00:00,2023-10-01,2023-11-01,42,19,23,0.4523809523809524,102717.46545586233,1.3290301400000006,0.013999999999999995,0.009,90,0.0014000000000000002
2023-10-10 04:00:00,2023-10-01,2023-11-01,42,19,23,0.4523809523809524,102717.46545586233,1.3290301400000006,0.013999999999999995,0.009,90,0.0014000000000000002
2023-10-11 00:00:00,2023-10-01,2023-11-01,42,19,23,0.4523809523809524,102717.46545586233,-2.879981587269191,0.013999999999999995,0.009,90,0.0014000000000000002
2023-10-11 03:00:00,2023-10-01,2023-11-01,42,19,23,0.4523809523809524,102717.46545586233,-2.879981587269191,0.013999999999999995,0.009,90,0.0014000000000000002
2023-10-11 04:00:00,2023-10-01,2023-11-01,42,19,23,0.4523809523809524,102717.46545586233,-2.879981587269191,0.013999999999999995,0.009,90,0.0014000000000000002
2023-10-11 05:00:00,2023-10-01,2023-11-01,42,19,23,0.4523809523809524,102717.46545586233,-2.879981587269191,0.013999999999999995,0.009,90,0.0014000000000000002
2023-10-11 06:00:00,2023-10-01,2023-11-01,42,19,23,0.4523809523809524,102717.46545586233,-2.879981587269191,0.013999999999999995,0.009,90,0.0014000000000000002
2023-10-11 07:00:00,2023-10-01,2023-11-01,42,19,23,0.4523809523809524,102717.46545586233,-2.879981587269191,0.013999999999999995,0.009,90,0.0014000000000000002
2023-10-11 16:00:00,2023-10-01,2023-11-01,42,19,23,0.4523809523809524,102717.46545586233,-2.879981587269191,0.013999999999999995,0.009,90,0.0014000000000000002
2023-10-11 17:00:00,2023-10-01,2023-11-01,42,19,23,0.4523809523809524,102717.46545586233,-2.879981587269191,0.013999999999999995,0.009,90,0.0014000000000000002
2023-10-11 18:00:00,2023-10-01,2023-11-01,42,19,23,0.4523809523809524,102717.46545586233,-2.879981587269191,0.013999999999999995,0.009,90,0.0014000000000000002
2023-10-11 19:00:00,2023-10-01,2023-11-01,42,19,23,0.4523809523809524,102717.46545586233,-2.879981587269191,0.013999999999999995,0.009,90,0.0014000000000000002
2023-10-11 20:00:00,2023-10-01,2023-11-01,42,19,23,0.4523809523809524,102717.46545586233,-2.879981587269191,0.013999999999999995,0.009,90,0.0014000000000000002
2023-10-11 21:00:00,2023-10-01,2023-11-01,42,19,23,0.4523809523809524,102717.46545586233,-2.879981587269191,0.013999999999999995,0.009,90,0.0014000000000000002
2023-10-11 22:00:00,2023-10-01,2023-11-01,42,19,23,0.4523809523809524,102717.46545586233,-2.879981587269191,0.013999999999999995,0.009,90,0.0014000000000000002
2023-10-12 00:00:00,2023-10-01,2023-11-01,42,19,23,0.4523809523809524,102717.46545586233,0.0,0.013999999999999995,0.009,90,0.0014000000000000002
2023-10-12 01:00:00,2023-10-01,2023-11-01,42,19,23,0.4523809523809524,102717.46545586233,0.0,0.013999999999999995,0.009,90,0.0014000000000000002
2023-10-13 08:00:00,2023-10-01,2023-11-01,42,19,23,0.4523809523809524,102717.46545586233,0.0,0.013999999999999995,0.009,90,0.0014000000000000002
2023-10-13 09:00:00,2023-10-01,2023-11-01,42,19,23,0.4523809523809524,102717.46545586233,0.0,0.013999999999999995,0.009,90,0.0014000000000000002
2023-10-13 10:00:00,2023-10-01,2023-11-01,42,19,23,0.4523809523809524,102717.46545586233,0.0,0.013999999999999995,0.009,90,0.0014000000000000002
2023-10-14 01:00:00,2023-10-01,2023-11-01,42,19,23,0.4523809523809524,102717.46545586233,0.3467869622387984,0.013999999999999995,0.009,90,0.0014000000000000002
2023-10-14 02:00:00,2023-10-01,2023-11-01,42,19,23,0.4523809523809524,102717.46545586233,0.3467869622387984,0.013999999999999995,0.009,90,0.0014000000000000002
2023-10-14 03:00:00,2023-10-01,2023-11-01,42,19,23,0.4523809523809524,102717.46545586233,0.3467869622387984,0.013999999999999995,0.009,90,0.0014000000000000002
2023-10-14 04:00:00,2023-10-01,2023-11-01,42,19,23,0.4523809523809524,102717.46545586233,0.3467869622387984,0.013999999999999995,0.009,90,0.0014000000000000002
2023-10-14 05:00:00,2023-10-01,2023-11-01,42,19,23,0.4523809523809524,102717.46545586233,0.3467869622387984,0.013999999999999995,0.009,90,0.0014000000000000002
2023-10-14 08:00:00,2023-10-01,2023-11-01,42,19,23,0.4523809523809524,102717.46545586233,0.3467869622387984,0.013999999999999995,0.009,90,0.0014000000000000002
2023-10-14 09:00:00,2023-10-01,2023-11-01,42,19,23,0.4523809523809524,102717.46545586233,0.3467869622387984,0.013999999999999995,0.009,90,0.0014000000000000002
2023-10-14 10:00:00,2023-10-01,2023-11-01,42,19,23,0.4523809523809524,102717.46545586233,0.3467869622387984,0.013999999999999995,0.009,90,0.0014000000000000002
2023-10-14 11:00:00,2023-10-01,2023-11-01,42,19,23,0.4523809523809524,102717.46545586233,0.3467869622387984,0.013999999999999995,0.009,90,0.0014000000000000002
2023-10-14 12:00:00,2023-10-01,2023-11-01,42,19,23,0.4523809523809524,102717.46545586233,0.3467869622387984,0.013999999999999995,0.009,90,0.0014000000000000002
2023-10-14 16:00:00,2023-10-01,2023-11-01,42,19,23,0.4523809523809524,102717.46545586233,0.3467869622387984,0.013999999999999995,0.009,90,0.0014000000000000002
2023-10-14 17:00:00,2023-10-01,2023-11-01,42,19,23,0.4523809523809524,102717.46545586233,0.3467869622387984,0.013999999999999995,0.009,90,0.0014000000000000002
2023-10-14 20:00:00,2023-10-01,2023-11-01,42,19,23,0.4523809523809524,102717.46545586233,0.3467869622387984,0.013999999999999995,0.009,90,0.0014000000000000002
2023-10-15 00:00:00,2023-10-01,2023-11-01,42,19,23,0.4523809523809524,102717.46545586233,0.0,0.013999999999999995,0.009,90,0.0014000000000000002
2023-10-16 04:00:00,2023-10-01,2023-11-01,42,19,23,0.4523809523809524,102717.46545586233,-0.6259347421704687,0.013999999999999995,0.009,90,0.0014000000000000002
2023-10-16 05:00:00,2023-10-01,2023-11-01,42,19,23,0.4523809523809524,102717.46545586233,-0.6259347421704687,0.013999999999999995,0.009,90,0.0014000000000000002
2023-10-16 08:00:00,2023-10-01,2023-11-01,42,19,23,0.4523809523809524,102717.46545586233,-0.6259347421704687,0.013999999999999995,0.009,90,0.0014000000000000002
2023-10-16 14:00:00,2023-10-01,2023-11-01,42,19,23,0.4523809523809524,102717.46545586233,-0.6259347421704687,0.013999999999999995,0.009,90,0.0014000000000000002
2023-10-16 15:00:00,2023-10-01,2023-11-01,42,19,23,0.4523809523809524,102717.46545586233,-0.6259347421704687,0.013999999999999995,0.009,90,0.0014000000000000002
2023-10-16 16:00:00,2023-10-01,2023-11-01,42,19,23,0.4523809523809524,102717.46545586233,-0.6259347421704687,0.013999999999999995,0.009,90,0.0014000000000000002
2023-10-16 17:00:00,2023-10-01,2023-11-01,42,19,23,0.4523809523809524,102717.46545586233,-0.6259347421704687,0.013999999999999995,0.009,90,0.0014000000000000002
2023-10-16 18:00:00,2023-10-01,2023-11-01,42,19,23,0.4523809523809524,102717.46545586233,-0.6259347421704687,0.013999999999999995,0.009,90,0.0014000000000000002
2023-10-16 20:00:00,2023-10-01,2023-11-01,42,19,23,0.4523809523809524,102717.46545586233,-0.6259347421704687,0.013999999999999995,0.009,90,0.0014000000000000002
2023-10-16 21:00:00,2023-10-01,2023-11-01,42,19,23,0.4523809523809524,102717.46545586233,-0.6259347421704687,0.013999999999999995,0.009,90,0.0014000000000000002
2023-10-17 16:00:00,2023-10-01,2023-11-01,42,19,23,0.4523809523809524,102717.46545586233,1.3290301400000144,0.013999999999999995,0.009,90,0.0014000000000000002
2023-10-17 17:00:00,2023-10-01,2023-11-01,42,19,23,0.4523809523809524,102717.46545586233,1.3290301400000144,0.013999999999999995,0.009,90,0.0014000000000000002
2023-10-18 15:00:00,2023-10-01,2023-11-01,42,19,23,0.4523809523809524,102717.46545586233,0.34678696223878497,0.013999999999999995,0.009,90,0.0014000000000000002
2023-10-18 20:00:00,2023-10-01,2023-11-01,42,19,23,0.4523809523809524,102717.46545586233,0.34678696223878497,0.013999999999999995,0.009,90,0.0014000000000000002
2023-10-18 21:00:00,2023-10-01,2023-11-01,42,19,23,0.4523809523809524,102717.46545586233,0.34678696223878497,0.013999999999999995,0.009,90,0.0014000000000000002
2023-10-18 22:00:00,2023-10-01,2023-11-01,42,19,23,0.4523809523809524,102717.46545586233,0.34678696223878497,0.013999999999999995,0.009,90,0.0014000000000000002
2023-10-18 23:00:00,2023-10-01,2023-11-01,42,19,23,0.4523809523809524,102717.46545586233,0.34678696223878497,0.013999999999999995,0.009,90,0.0014000000000000002
2023-10-19 00:00:00,2023-10-01,2023-11-01,42,19,23,0.4523809523809524,102717.46545586233,1.3290301400000135,0.013999999999999995,0.009,90,0.0014000000000000002
2023-10-19 01:00:00,2023-10-01,2023-11-01,42,19,23,0.4523809523809524,102717.46545586233,1.3290301400000135,0.013999999999999995,0.009,90,0.0014000000000000002
2023-10-19 02:00:00,2023-10-01,2023-11-01,42,19,23,0.4523809523809524,102717.46545586233,1.3290301400000135,0.013999999999999995,0.009,90,0.0014000000000000002
2023-10-19 03:00:00,2023-10-01,2023-11-01,42,19,23,0.4523809523809524,102717.46545586233,1.3290301400000135,0.013999999999999995,0.009,90,0.0014000000000000002
2023-10-19 04:00:00,2023-10-01,2023-11-01,42,19,23,0.4523809523809524,102717.46545586233,1.3290301400000135,0.013999999999999995,0.009,90,0.0014000000000000002
2023-10-19 05:00:00,2023-10-01,2023-11-01,42,19,23,0.4523809523809524,102717.46545586233,1.3290301400000135,0.013999999999999995,0.009,90,0.0014000000000000002
2023-10-19 16:00:00,2023-10-01,2023-11-01,42,19,23,0.4523809523809524,102717.46545586233,1.3290301400000135,0.013999999999999995,0.009,90,0.0014000000000000002
2023-10-19 17:00:00,2023-10-01,2023-11-01,42,19,23,0.4523809523809524,102717.46545586233,1.3290301400000135,0.013999999999999995,0.009,90,0.0014000000000000002
2023-10-19 18:00:00,2023-10-01,2023-11-01,42,19,23,0.4523809523809524,102717.46545586233,1.3290301400000135,0.013999999999999995,0.009,90,0.0014000000000000002
2023-10-19 19:00:00,2023-10-01,2023-11-01,42,19,23,0.4523809523809524,102717.46545586233,1.3290301400000135,0.013999999999999995,0.009,90,0.0014000000000000002
2023-10-20 11:00:00,2023-10-01,2023-11-01,42,19,23,0.4523809523809524,102717.46545586233,-0.969360090000004,0.013999999999999995,0.009,90,0.0014000000000000002
2023-10-20 12:00:00,2023-10-01,2023-11-01,42,19,23,0.4523809523809524,102717.46545586233,-0.969360090000004,0.013999999999999995,0.009,90,0.0014000000000000002
2023-10-20 13:00:00,2023-10-01,2023-11-01,42,19,23,0.4523809523809524,102717.46545586233,-0.969360090000004,0.013999999999999995,0.009,90,0.0014000000000000002
2023-10-20 14:00:00,2023-10-01,2023-11-01,42,19,23,0.4523809523809524,102717.46545586233,-0.969360090000004,0.013999999999999995,0.009,90,0.0014000000000000002
2023-10-20 15:00:00,2023-10-01,2023-11-01,42,19,23,0.4523809523809524,102717.46545586233,-0.969360090000004,0.013999999999999995,0.009,90,0.0014000000000000002
2023-10-20 16:00:00,2023-10-01,2023-11-01,42,19,23,0.4523809523809524,102717.46545586233,-0.969360090000004,0.013999999999999995,0.009,90,0.0014000000000000002
2023-10-20 17:00:00,2023-10-01,2023-11-01,42,19,23,0.4523809523809524,102717.46545586233,-0.969360090000004,0.013999999999999995,0.009,90,0.0014000000000000002
2023-10-20 18:00:00,2023-10-01,2023-11-01,42,19,23,0.4523809523809524,102717.46545586233,-0.969360090000004,0.013999999999999995,0.009,90,0.0014000000000000002
2023-10-20 19:00:00,2023-10-01,2023-11-01,42,19,23,0.4523809523809524,102717.46545586233,-0.969360090000004,0.013999999999999995,0.009,90,0.0014000000000000002
2023-10-20 20:00:00,2023-10-01,2023-11-01,42,19,23,0.4523809523809524,102717.46545586233,-0.969360090000004,0.013999999999999995,0.009,90,0.0014000000000000002
2023-10-21 16:00:00,2023-10-01,2023-11-01,42,19,23,0.4523809523809524,102717.46545586233,-0.9693600900000028,0.013999999999999995,0.009,90,0.0014000000000000002
2023-10-21 17:00:00,2023-10-01,2023-11-01,42,19,23,0.4523809523809524,102717.46545586233,-0.9693600900000028,0.013999999999999995,0.009,90,0.0014000000000000002
2023-10-22 04:00:00,2023-10-01,2023-11-01,42,19,23,0.4523809523809524,102717.46545586233,0.3467869622387923,0.013999999999999995,0.009,90,0.0014000000000000002
2023-10-22 05:00:00,2023-10-01,2023-11-01,42,19,23,0.4523809523809524,102717.46545586233,0.3467869622387923,0.013999999999999995,0.009,90,0.0014000000000000002
2023-10-22 06:00:00,2023-10-01,2023-11-01,42,19,23,0.4523809523809524,102717.46545586233,0.3467869622387923,0.013999999999999995,0.009,90,0.0014000000000000002
2023-10-22 08:00:00,2023-10-01,2023-11-01,42,19,23,0.4523809523809524,102717.46545586233,0.3467869622387923,0.013999999999999995,0.009,90,0.0014000000000000002
2023-10-22 09:00:00,2023-10-01,2023-11-01,42,19,23,0.4523809523809524,102717.46545586233,0.3467869622387923,0.013999999999999995,0.009,90,0.0014000000000000002
2023-10-22 10:00:00,2023-10-01,2023-11-01,42,19,23,0.4523809523809524,102717.46545586233,0.3467869622387923,0.013999999999999995,0.009,90,0.0014000000000000002
2023-10-22 16:00:00,2023-10-01,2023-11-01,42,19,23,0.4523809523809524,102717.46545586233,0.3467869622387923,0.013999999999999995,0.009,90,0.0014000000000000002
2023-10-22 17:00:00,2023-10-01,2023-11-01,42,19,23,0.4523809523809524,102717.46545586233,0.3467869622387923,0.013999999999999995,0.009,90,0.0014000000000000002
2023-10-22 18:00:00,2023-10-01,2023-11-01,42,19,23,0.4523809523809524,102717.46545586233,0.3467869622387923,0.013999999999999995,0.009,90,0.0014000000000000002
2023-10-22 19:00:00,2023-10-01,2023-11-01,42,19,23,0.4523809523809524,102717.46545586233,0.3467869622387923,0.013999999999999995,0.009,90,0.0014000000000000002
2023-10-23 00:00:00,2023-10-01,2023-11-01,42,19,23,0.4523809523809524,102717.46545586233,-0.2813184400096281,0.013999999999999995,0.009,90,0.0014000000000000002
2023-10-23 01:00:00,2023-10-01,2023-11-01,42,19,23,0.4523809523809524,102717.46545586233,-0.2813184400096281,0.013999999999999995,0.009,90,0.0014000000000000002
2023-10-23 02:00:00,2023-10-01,2023-11-01,42,19,23,0.4523809523809524,102717.46545586233,-0.2813184400096281,0.013999999999999995,0.009,90,0.0014000000000000002
2023-10-23 03:00:00,2023-10-01,2023-11-01,42,19,23,0.4523809523809524,102717.46545586233,-0.2813184400096281,0.013999999999999995,0.009,90,0.0014000000000000002
2023-10-23 04:00:00,2023-10-01,2023-11-01,42,19,23,0.4523809523809524,102717.46545586233,-0.2813184400096281,0.013999999999999995,0.009,90,0.0014000000000000002
2023-10-23 05:00:00,2023-10-01,2023-11-01,42,19,23,0.4523809523809524,102717.46545586233,-0.2813184400096281,0.013999999999999995,0.009,90,0.0014000000000000002
2023-10-23 06:00:00,2023-10-01,2023-11-01,42,19,23,0.4523809523809524,102717.46545586233,-0.2813184400096281,0.013999999999999995,0.009,90,0.0014000000000000002
2023-10-23 07:00:00,2023-10-01,2023-11-01,42,19,23,0.4523809523809524,102717.46545586233,-0.2813184400096281,0.013999999999999995,0.009,90,0.0014000000000000002
2023-10-23 08:00:00,2023-10-01,2023-11-01,42,19,23,0.4523809523809524,102717.46545586233,-0.2813184400096281,0.013999999999999995,0.009,90,0.0014000000000000002
2023-10-23 15:00:00,2023-10-01,2023-11-01,42,19,23,0.4523809523809524,102717.46545586233,-0.2813184400096281,0.013999999999999995,0.009,90,0.0014000000000000002
2023-10-23 16:00:00,2023-10-01,2023-11-01,42,19,23,0.4523809523809524,102717.46545586233,-0.2813184400096281,0.013999999999999995,0.009,90,0.0014000000000000002
2023-10-23 17:00:00,2023-10-01,2023-11-01,42,19,23,0.4523809523809524,102717.46545586233,-0.2813184400096281,0.013999999999999995,0.009,90,0.0014000000000000002
2023-10-23 18:00:00,2023-10-01,2023-11-01,42,19,23,0.4523809523809524,102717.46545586233,-0.2813184400096281,0.013999999999999995,0.009,90,0.0014000000000000002
2023-10-23 19:00:00,2023-10-01,2023-11-01,42,19,23,0.4523809523809524,102717.46545586233,-0.2813184400096281,0.013999999999999995,0.009,90,0.0014000000000000002
2023-10-23 20:00:00,2023-10-01,2023-11-01,42,19,23,0.4523809523809524,102717.46545586233,-0.2813184400096281,0.013999999999999995,0.009,90,0.0014000000000000002
2023-10-24 02:00:00,2023-10-01,2023-11-01,42,19,23,0.4523809523809524,102717.46545586233,0.3467869622388072,0.013999999999999995,0.009,90,0.0014000000000000002
2023-10-24 03:00:00,2023-10-01,2023-11-01,42,19,23,0.4523809523809524,102717.46545586233,0.3467869622388072,0.013999999999999995,0.009,90,0.0014000000000000002
2023-10-24 04:00:00,2023-10-01,2023-11-01,42,19,23,0.4523809523809524,102717.46545586233,0.3467869622388072,0.013999999999999995,0.009,90,0.0014000000000000002
2023-10-24 05:00:00,2023-10-01,2023-11-01,42,19,23,0.4523809523809524,102717.46545586233,0.3467869622388072,0.013999999999999995,0.009,90,0.0014000000000000002
2023-10-25 11:00:00,2023-10-01,2023-11-01,42,19,23,0.4523809523809524,102717.46545586233,0.3467869622387923,0.013999999999999995,0.009,90,0.0014000000000000002
2023-10-25 12:00:00,2023-10-01,2023-11-01,42,19,23,0.4523809523809524,102717.46545586233,0.3467869622387923,0.013999999999999995,0.009,90,0.0014000000000000002
2023-10-25 13:00:00,2023-10-01,2023-11-01,42,19,23,0.4523809523809524,102717.46545586233,0.3467869622387923,0.013999999999999995,0.009,90,0.0014000000000000002
2023-10-25 14:00:00,2023-10-01,2023-11-01,42,19,23,0.4523809523809524,102717.46545586233,0.3467869622387923,0.013999999999999995,0.009,90,0.0014000000000000002
2023-10-25 15:00:00,2023-10-01,2023-11-01,42,19,23,0.4523809523809524,102717.46545586233,0.3467869622387923,0.013999999999999995,0.009,90,0.0014000000000000002
2023-10-26 04:00:00,2023-10-01,2023-11-01,42,19,23,0.4523809523809524,102717.46545586233,0.34678696223878436,0.013999999999999995,0.009,90,0.0014000000000000002
2023-10-26 05:00:00,2023-10-01,2023-11-01,42,19,23,0.4523809523809524,102717.46545586233,0.34678696223878436,0.013999999999999995,0.009,90,0.0014000000000000002
2023-10-26 06:00:00,2023-10-01,2023-11-01,42,19,23,0.4523809523809524,102717.46545586233,0.34678696223878436,0.013999999999999995,0.009,90,0.0014000000000000002
2023-10-26 07:00:00,2023-10-01,2023-11-01,42,19,23,0.4523809523809524,102717.46545586233,0.34678696223878436,0.013999999999999995,0.009,90,0.0014000000000000002
2023-10-26 08:00:00,2023-10-01,2023-11-01,42,19,23,0.4523809523809524,102717.46545586233,0.34678696223878436,0.013999999999999995,0.009,90,0.0014000000000000002
2023-10-26 09:00:00,2023-10-01,2023-11-01,42,19,23,0.4523809523809524,102717.46545586233,0.34678696223878436,0.013999999999999995,0.009,90,0.0014000000000000002
2023-10-26 10:00:00,2023-10-01,2023-11-01,42,19,23,0.4523809523809524,102717.46545586233,0.34678696223878436,0.013999999999999995,0.009,90,0.0014000000000000002
2023-10-26 11:00:00,2023-10-01,2023-11-01,42,19,23,0.4523809523809524,102717.46545586233,0.34678696223878436,0.013999999999999995,0.009,90,0.0014000000000000002
2023-10-26 16:00:00,2023-10-01,2023-11-01,42,19,23,0.4523809523809524,102717.46545586233,0.34678696223878436,0.013999999999999995,0.009,90,0.0014000000000000002
2023-10-26 19:00:00,2023-10-01,2023-11-01,42,19,23,0.4523809523809524,102717.46545586233,0.34678696223878436,0.013999999999999995,0.009,90,0.0014000000000000002
2023-10-26 20:00:00,2023-10-01,2023-11-01,42,19,23,0.4523809523809524,102717.46545586233,0.34678696223878436,0.013999999999999995,0.009,90,0.0014000000000000002
2023-10-27 13:00:00,2023-10-01,2023-11-01,42,19,23,0.4523809523809524,102717.46545586233,1.3290301400000049,0.013999999999999995,0.009,90,0.0014000000000000002
2023-10-27 14:00:00,2023-10-01,2023-11-01,42,19,23,0.4523809523809524,102717.46545586233,1.3290301400000049,0.013999999999999995,0.009,90,0.0014000000000000002
2023-10-27 15:00:00,2023-10-01,2023-11-01,42,19,23,0.4523809523809524,102717.46545586233,1.3290301400000049,0.013999999999999995,0.009,90,0.0014000000000000002
2023-10-27 23:00:00,2023-10-01,2023-11-01,42,19,23,0.4523809523809524,102717.46545586233,1.3290301400000049,0.013999999999999995,0.009,90,0.0014000000000000002
2023-10-28 00:00:00,2023-10-01,2023-11-01,42,19,23,0.4523809523809524,102717.46545586233,-0.9693600899999953,0.013999999999999995,0.009,90,0.0014000000000000002
2023-10-28 01:00:00,2023-10-01,2023-11-01,42,19,23,0.4523809523809524,102717.46545586233,-0.9693600899999953,0.013999999999999995,0.009,90,0.0014000000000000002
2023-10-28 02:00:00,2023-10-01,2023-11-01,42,19,23,0.4523809523809524,102717.46545586233,-0.9693600899999953,0.013999999999999995,0.009,90,0.0014000000000000002
2023-10-28 03:00:00,2023-10-01,2023-11-01,42,19,23,0.4523809523809524,102717.46545586233,-0.9693600899999953,0.013999999999999995,0.009,90,0.0014000000000000002
2023-10-28 08:00:00,2023-10-01,2023-11-01,42,19,23,0.4523809523809524,102717.46545586233,-0.9693600899999953,0.013999999999999995,0.009,90,0.0014000000000000002
2023-10-28 09:00:00,2023-10-01,2023-11-01,42,19,23,0.4523809523809524,102717.46545586233,-0.9693600899999953,0.013999999999999995,0.009,90,0.0014000000000000002
2023-10-28 10:00:00,2023-10-01,2023-11-01,42,19,23,0.4523809523809524,102717.46545586233,-0.9693600899999953,0.013999999999999995,0.009,90,0.0014000000000000002
2023-10-29 00:00:00,2023-10-01,2023-11-01,42,19,23,0.4523809523809524,102717.46545586233,-0.9693600899999923,0.013999999999999995,0.009,90,0.0014000000000000002
2023-10-29 01:00:00,2023-10-01,2023-11-01,42,19,23,0.4523809523809524,102717.46545586233,-0.9693600899999923,0.013999999999999995,0.009,90,0.0014000000000000002
2023-10-29 16:00:00,2023-10-01,2023-11-01,42,19,23,0.4523809523809524,102717.46545586233,-0.9693600899999923,0.013999999999999995,0.009,90,0.0014000000000000002
2023-10-29 17:00:00,2023-10-01,2023-11-01,42,19,23,0.4523809523809524,102717.46545586233,-0.9693600899999923,0.013999999999999995,0.009,90,0.0014000000000000002
2023-10-29 18:00:00,2023-10-01,2023-11-01,42,19,23,0.4523809523809524,102717.46545586233,-0.9693600899999923,0.013999999999999995,0.009,90,0.0014000000000000002
2023-10-29 19:00:00,2023-10-01,2023-11-01,42,19,23,0.4523809523809524,102717.46545586233,-0.9693600899999923,0.013999999999999995,0.009,90,0.0014000000000000002
2023-10-29 20:00:00,2023-10-01,2023-11-01,42,19,23,0.4523809523809524,102717.46545586233,-0.9693600899999923,0.013999999999999995,0.009,90,0.0014000000000000002
2023-10-29 21:00:00,2023-10-01,2023-11-01,42,19,23,0.4523809523809524,102717.46545586233,-0.9693600899999923,0.013999999999999995,0.009,90,0.0014000000000000002
2023-10-29 22:00:00,2023-10-01,2023-11-01,42,19,23,0.4523809523809524,102717.46545586233,-0.9693600899999923,0.013999999999999995,0.009,90,0.0014000000000000002
2023-10-29 23:00:00,2023-10-01,2023-11-01,42,19,23,0.4523809523809524,102717.46545586233,-0.9693600899999923,0.013999999999999995,0.009,90,0.0014000000000000002
2023-10-30 04:00:00,2023-10-01,2023-11-01,42,19,23,0.4523809523809524,102717.46545586233,1.3290301399999946,0.013999999999999995,0.009,90,0.0014000000000000002
2023-10-30 05:00:00,2023-10-01,2023-11-01,42,19,23,0.4523809523809524,102717.46545586233,1.3290301399999946,0.013999999999999995,0.009,90,0.0014000000000000002
2023-10-30 06:00:00,2023-10-01,2023-11-01,42,19,23,0.4523809523809524,102717.46545586233,1.3290301399999946,0.013999999999999995,0.009,90,0.0014000000000000002
2023-10-30 07:00:00,2023-10-01,2023-11-01,42,19,23,0.4523809523809524,102717.46545586233,1.3290301399999946,0.013999999999999995,0.009,90,0.0014000000000000002
2023-10-31 04:00:00,2023-10-01,2023-11-01,42,19,23,0.4523809523809524,102717.46545586233,1.3290301400000042,0.013999999999999995,0.009,90,0.0014000000000000002
2023-10-31 05:00:00,2023-10-01,2023-11-01,42,19,23,0.4523809523809524,102717.46545586233,1.3290301400000042,0.013999999999999995,0.009,90,0.0014000000000000002
2023-10-31 06:00:00,2023-10-01,2023-11-01,42,19,23,0.4523809523809524,102717.46545586233,1.3290301400000042,0.013999999999999995,0.009,90,0.0014000000000000002
2023-10-31 07:00:00,2023-10-01,2023-11-01,42,19,23,0.4523809523809524,102717.46545586233,1.3290301400000042,0.013999999999999995,0.009,90,0.0014000000000000002
2023-10-31 08:00:00,2023-10-01,2023-11-01,42,19,23,0.4523809523809524,102717.46545586233,1.3290301400000042,0.013999999999999995,0.009,90,0.0014000000000000002
2023-10-31 09:00:00,2023-10-01,2023-11-01,42,19,23,0.4523809523809524,102717.46545586233,1.3290301400000042,0.013999999999999995,0.009,90,0.0014000000000000002
2023-11-01 00:00:00,2023-11-01,2023-12-01,38,14,24,0.3684210526315789,95223.56807934599,-2.8799815872691834,0.013999999999999995,0.009,80,0.0001
2023-11-01 01:00:00,2023-11-01,2023-12-01,38,14,24,0.3684210526315789,95223.56807934599,-2.8799815872691834,0.013999999999999995,0.009,80,0.0001
2023-11-01 02:00:00,2023-11-01,2023-12-01,38,14,24,0.3684210526315789,95223.56807934599,-2.8799815872691834,0.013999999999999995,0.009,80,0.0001
2023-11-01 03:00:00,2023-11-01,2023-12-01,38,14,24,0.3684210526315789,95223.56807934599,-2.8799815872691834,0.013999999999999995,0.009,80,0.0001
2023-11-01 04:00:00,2023-11-01,2023-12-01,38,14,24,0.3684210526315789,95223.56807934599,-2.8799815872691834,0.013999999999999995,0.009,80,0.0001
2023-11-01 05:00:00,2023-11-01,2023-12-01,38,14,24,0.3684210526315789,95223.56807934599,-2.8799815872691834,0.013999999999999995,0.009,80,0.0001
2023-11-01 06:00:00,2023-11-01,2023-12-01,38,14,24,0.3684210526315789,95223.56807934599,-2.8799815872691834,0.013999999999999995,0.009,80,0.0001
2023-11-01 18:00:00,2023-11-01,2023-12-01,38,14,24,0.3684210526315789,95223.56807934599,-2.8799815872691834,0.013999999999999995,0.009,80,0.0001
2023-11-01 19:00:00,2023-11-01,2023-12-01,38,14,24,0.3684210526315789,95223.56807934599,-2.8799815872691834,0.013999999999999995,0.009,80,0.0001
2023-11-01 20:00:00,2023-11-01,2023-12-01,38,14,24,0.3684210526315789,95223.56807934599,-2.8799815872691834,0.013999999999999995,0.009,80,0.0001
2023-11-01 21:00:00,2023-11-01,2023-12-01,38,14,24,0.3684210526315789,95223.56807934599,-2.8799815872691834,0.013999999999999995,0.009,80,0.0001
2023-11-01 22:00:00,2023-11-01,2023-12-01,38,14,24,0.3684210526315789,95223.56807934599,-2.8799815872691834,0.013999999999999995,0.009,80,0.0001
2023-11-01 23:00:00,2023-11-01,2023-12-01,38,14,24,0.3684210526315789,95223.56807934599,-2.8799815872691834,0.013999999999999995,0.009,80,0.0001
2023-11-02 00:00:00,2023-11-01,2023-12-01,38,14,24,0.3684210526315789,95223.56807934599,1.6804260054885196,0.013999999999999995,0.009,80,0.0001
2023-11-02 01:00:00,2023-11-01,2023-12-01,38,14,24,0.3684210526315789,95223.56807934599,1.6804260054885196,0.013999999999999995,0.009,80,0.0001
2023-11-02 02:00:00,2023-11-01,2023-12-01,38,14,24,0.3684210526315789,95223.56807934599,1.6804260054885196,0.013999999999999995,0.009,80,0.0001
2023-11-02 03:00:00,2023-11-01,2023-12-01,38,14,24,0.3684210526315789,95223.56807934599,1.6804260054885196,0.013999999999999995,0.009,80,0.0001
2023-11-02 04:00:00,2023-11-01,2023-12-01,38,14,24,0.3684210526315789,95223.56807934599,1.6804260054885196,0.013999999999999995,0.009,80,0.0001
2023-11-02 05:00:00,2023-11-01,2023-12-01,38,14,24,0.3684210526315789,95223.56807934599,1.6804260054885196,0.013999999999999995,0.009,80,0.0001
2023-11-02 06:00:00,2023-11-01,2023-12-01,38,14,24,0.3684210526315789,95223.56807934599,1.6804260054885196,0.013999999999999995,0.009,80,0.0001
2023-11-02 07:00:00,2023-11-01,2023-12-01,38,14,24,0.3684210526315789,95223.56807934599,1.6804260054885196,0.013999999999999995,0.009,80,0.0001
2023-11-02 16:00:00,2023-11-01,2023-12-01,38,14,24,0.3684210526315789,95223.56807934599,1.6804260054885196,0.013999999999999995,0.009,80,0.0001
2023-11-02 17:00:00,2023-11-01,2023-12-01,38,14,24,0.3684210526315789,95223.56807934599,1.6804260054885196,0.013999999999999995,0.009,80,0.0001
2023-11-02 18:00:00,2023-11-01,2023-12-01,38,14,24,0.3684210526315789,95223.56807934599,1.6804260054885196,0.013999999999999995,0.009,80,0.0001
2023-11-02 19:00:00,2023-11-01,2023-12-01,38,14,24,0.3684210526315789,95223.56807934599,1.6804260054885196,0.013999999999999995,0.009,80,0.0001
2023-11-02 20:00:00,2023-11-01,2023-12-01,38,14,24,0.3684210526315789,95223.56807934599,1.6804260054885196,0.013999999999999995,0.009,80,0.0001
2023-11-02 21:00:00,2023-11-01,2023-12-01,38,14,24,0.3684210526315789,95223.56807934599,1.6804260054885196,0.013999999999999995,0.009,80,0.0001
2023-11-04 00:00:00,2023-11-01,2023-12-01,38,14,24,0.3684210526315789,95223.56807934599,1.329030140000023,0.013999999999999995,0.009,80,0.0001
2023-11-04 01:00:00,2023-11-01,2023-12-01,38,14,24,0.3684210526315789,95223.56807934599,1.329030140000023,0.013999999999999995,0.009,80,0.0001
2023-11-04 02:00:00,2023-11-01,2023-12-01,38,14,24,0.3684210526315789,95223.56807934599,1.329030140000023,0.013999999999999995,0.009,80,0.0001
2023-11-04 03:00:00,2023-11-01,2023-12-01,38,14,24,0.3684210526315789,95223.56807934599,1.329030140000023,0.013999999999999995,0.009,80,0.0001
2023-11-05 08:00:00,2023-11-01,2023-12-01,38,14,24,0.3684210526315789,95223.56807934599,1.3290301400000026,0.013999999999999995,0.009,80,0.0001
2023-11-05 09:00:00,2023-11-01,2023-12-01,38,14,24,0.3684210526315789,95223.56807934599,1.3290301400000026,0.013999999999999995,0.009,80,0.0001
2023-11-05 10:00:00,2023-11-01,2023-12-01,38,14,24,0.3684210526315789,95223.56807934599,1.3290301400000026,0.013999999999999995,0.009,80,0.0001
2023-11-05 11:00:00,2023-11-01,2023-12-01,38,14,24,0.3684210526315789,95223.56807934599,1.3290301400000026,0.013999999999999995,0.009,80,0.0001
2023-11-05 12:00:00,2023-11-01,2023-12-01,38,14,24,0.3684210526315789,95223.56807934599,1.3290301400000026,0.013999999999999995,0.009,80,0.0001
2023-11-06 00:00:00,2023-11-01,2023-12-01,38,14,24,0.3684210526315789,95223.56807934599,0.3467869622387891,0.013999999999999995,0.009,80,0.0001
2023-11-06 01:00:00,2023-11-01,2023-12-01,38,14,24,0.3684210526315789,95223.56807934599,0.3467869622387891,0.013999999999999995,0.009,80,0.0001
2023-11-06 08:00:00,2023-11-01,2023-12-01,38,14,24,0.3684210526315789,95223.56807934599,0.3467869622387891,0.013999999999999995,0.009,80,0.0001
2023-11-06 09:00:00,2023-11-01,2023-12-01,38,14,24,0.3684210526315789,95223.56807934599,0.3467869622387891,0.013999999999999995,0.009,80,0.0001
2023-11-07 00:00:00,2023-11-01,2023-12-01,38,14,24,0.3684210526315789,95223.56807934599,0.0,0.013999999999999995,0.009,80,0.0001
2023-11-07 01:00:00,2023-11-01,2023-12-01,38,14,24,0.3684210526315789,95223.56807934599,0.0,0.013999999999999995,0.009,80,0.0001
2023-11-07 02:00:00,2023-11-01,2023-12-01,38,14,24,0.3684210526315789,95223.56807934599,0.0,0.013999999999999995,0.009,80,0.0001
2023-11-07 03:00:00,2023-11-01,2023-12-01,38,14,24,0.3684210526315789,95223.56807934599,0.0,0.013999999999999995,0.009,80,0.0001
2023-11-08 00:00:00,2023-11-01,2023-12-01,38,14,24,0.3684210526315789,95223.56807934599,-1.9293235901591514,0.013999999999999995,0.009,80,0.0001
2023-11-08 01:00:00,2023-11-01,2023-12-01,38,14,24,0.3684210526315789,95223.56807934599,-1.9293235901591514,0.013999999999999995,0.009,80,0.0001
2023-11-08 02:00:00,2023-11-01,2023-12-01,38,14,24,0.3684210526315789,95223.56807934599,-1.9293235901591514,0.013999999999999995,0.009,80,0.0001
2023-11-08 03:00:00,2023-11-01,2023-12-01,38,14,24,0.3684210526315789,95223.56807934599,-1.9293235901591514,0.013999999999999995,0.009,80,0.0001
2023-11-08 20:00:00,2023-11-01,2023-12-01,38,14,24,0.3684210526315789,95223.56807934599,-1.9293235901591514,0.013999999999999995,0.009,80,0.0001
2023-11-08 21:00:00,2023-11-01,2023-12-01,38,14,24,0.3684210526315789,95223.56807934599,-1.9293235901591514,0.013999999999999995,0.009,80,0.0001
2023-11-09 08:00:00,2023-11-01,2023-12-01,38,14,24,0.3684210526315789,95223.56807934599,-1.589227270590438,0.013999999999999995,0.009,80,0.0001
2023-11-09 09:00:00,2023-11-01,2023-12-01,38,14,24,0.3684210526315789,95223.56807934599,-1.589227270590438,0.013999999999999995,0.009,80,0.0001
2023-11-09 10:00:00,2023-11-01,2023-12-01,38,14,24,0.3684210526315789,95223.56807934599,-1.589227270590438,0.013999999999999995,0.009,80,0.0001
2023-11-09 12:00:00,2023-11-01,2023-12-01,38,14,24,0.3684210526315789,95223.56807934599,-1.589227270590438,0.013999999999999995,0.009,80,0.0001
2023-11-09 13:00:00,2023-11-01,2023-12-01,38,14,24,0.3684210526315789,95223.56807934599,-1.589227270590438,0.013999999999999995,0.009,80,0.0001
2023-11-09 14:00:00,2023-11-01,2023-12-01,38,14,24,0.3684210526315789,95223.56807934599,-1.589227270590438,0.013999999999999995,0.009,80,0.0001
2023-11-09 15:00:00,2023-11-01,2023-12-01,38,14,24,0.3684210526315789,95223.56807934599,-1.589227270590438,0.013999999999999995,0.009,80,0.0001
2023-11-09 16:00:00,2023-11-01,2023-12-01,38,14,24,0.3684210526315789,95223.56807934599,-1.589227270590438,0.013999999999999995,0.009,80,0.0001
2023-11-09 17:00:00,2023-11-01,2023-12-01,38,14,24,0.3684210526315789,95223.56807934599,-1.589227270590438,0.013999999999999995,0.009,80,0.0001
2023-11-09 18:00:00,2023-11-01,2023-12-01,38,14,24,0.3684210526315789,95223.56807934599,-1.589227270590438,0.013999999999999995,0.009,80,0.0001
2023-11-09 19:00:00,2023-11-01,2023-12-01,38,14,24,0.3684210526315789,95223.56807934599,-1.589227270590438,0.013999999999999995,0.009,80,0.0001
2023-11-09 21:00:00,2023-11-01,2023-12-01,38,14,24,0.3684210526315789,95223.56807934599,-1.589227270590438,0.013999999999999995,0.009,80,0.0001
2023-11-09 22:00:00,2023-11-01,2023-12-01,38,14,24,0.3684210526315789,95223.56807934599,-1.589227270590438,0.013999999999999995,0.009,80,0.0001
2023-11-10 00:00:00,2023-11-01,2023-12-01,38,14,24,0.3684210526315789,95223.56807934599,-0.9693600899999935,0.013999999999999995,0.009,80,0.0001
2023-11-10 01:00:00,2023-11-01,2023-12-01,38,14,24,0.3684210526315789,95223.56807934599,-0.9693600899999935,0.013999999999999995,0.009,80,0.0001
2023-11-10 02:00:00,2023-11-01,2023-12-01,38,14,24,0.3684210526315789,95223.56807934599,-0.9693600899999935,0.013999999999999995,0.009,80,0.0001
2023-11-10 03:00:00,2023-11-01,2023-12-01,38,14,24,0.3684210526315789,95223.56807934599,-0.9693600899999935,0.013999999999999995,0.009,80,0.0001
2023-11-10 04:00:00,2023-11-01,2023-12-01,38,14,24,0.3684210526315789,95223.56807934599,-0.9693600899999935,0.013999999999999995,0.009,80,0.0001
2023-11-10 05:00:00,2023-11-01,2023-12-01,38,14,24,0.3684210526315789,95223.56807934599,-0.9693600899999935,0.013999999999999995,0.009,80,0.0001
2023-11-12 00:00:00,2023-11-01,2023-12-01,38,14,24,0.3684210526315789,95223.56807934599,-0.9693600899999922,0.013999999999999995,0.009,80,0.0001
2023-11-12 19:00:00,2023-11-01,2023-12-01,38,14,24,0.3684210526315789,95223.56807934599,-0.9693600899999922,0.013999999999999995,0.009,80,0.0001
2023-11-12 20:00:00,2023-11-01,2023-12-01,38,14,24,0.3684210526315789,95223.56807934599,-0.9693600899999922,0.013999999999999995,0.009,80,0.0001
2023-11-12 21:00:00,2023-11-01,2023-12-01,38,14,24,0.3684210526315789,95223.56807934599,-0.9693600899999922,0.013999999999999995,0.009,80,0.0001
2023-11-12 22:00:00,2023-11-01,2023-12-01,38,14,24,0.3684210526315789,95223.56807934599,-0.9693600899999922,0.013999999999999995,0.009,80,0.0001
2023-11-12 23:00:00,2023-11-01,2023-12-01,38,14,24,0.3684210526315789,95223.56807934599,-0.9693600899999922,0.013999999999999995,0.009,80,0.0001
2023-11-13 00:00:00,2023-11-01,2023-12-01,38,14,24,0.3684210526315789,95223.56807934599,-1.9293235901591266,0.013999999999999995,0.009,80,0.0001
2023-11-13 08:00:00,2023-11-01,2023-12-01,38,14,24,0.3684210526315789,95223.56807934599,-1.9293235901591266,0.013999999999999995,0.009,80,0.0001
2023-11-13 09:00:00,2023-11-01,2023-12-01,38,14,24,0.3684210526315789,95223.56807934599,-1.9293235901591266,0.013999999999999995,0.009,80,0.0001
2023-11-13 10:00:00,2023-11-01,2023-12-01,38,14,24,0.3684210526315789,95223.56807934599,-1.9293235901591266,0.013999999999999995,0.009,80,0.0001
2023-11-13 11:00:00,2023-11-01,2023-12-01,38,14,24,0.3684210526315789,95223.56807934599,-1.9293235901591266,0.013999999999999995,0.009,80,0.0001
2023-11-13 12:00:00,2023-11-01,2023-12-01,38,14,24,0.3684210526315789,95223.56807934599,-1.9293235901591266,0.013999999999999995,0.009,80,0.0001
2023-11-13 13:00:00,2023-11-01,2023-12-01,38,14,24,0.3684210526315789,95223.56807934599,-1.9293235901591266,0.013999999999999995,0.009,80,0.0001
2023-11-13 14:00:00,2023-11-01,2023-12-01,38,14,24,0.3684210526315789,95223.56807934599,-1.9293235901591266,0.013999999999999995,0.009,80,0.0001
2023-11-14 00:00:00,2023-11-01,2023-12-01,38,14,24,0.3684210526315789,95223.56807934599,0.34678696223878497,0.013999999999999995,0.009,80,0.0001
2023-11-14 16:00:00,2023-11-01,2023-12-01,38,14,24,0.3684210526315789,95223.56807934599,0.34678696223878497,0.013999999999999995,0.009,80,0.0001
2023-11-14 17:00:00,2023-11-01,2023-12-01,38,14,24,0.3684210526315789,95223.56807934599,0.34678696223878497,0.013999999999999995,0.009,80,0.0001
2023-11-14 18:00:00,2023-11-01,2023-12-01,38,14,24,0.3684210526315789,95223.56807934599,0.34678696223878497,0.013999999999999995,0.009,80,0.0001
2023-11-17 00:00:00,2023-11-01,2023-12-01,38,14,24,0.3684210526315789,95223.56807934599,-0.9693600900000043,0.013999999999999995,0.009,80,0.0001
2023-11-17 01:00:00,2023-11-01,2023-12-01,38,14,24,0.3684210526315789,95223.56807934599,-0.9693600900000043,0.013999999999999995,0.009,80,0.0001
2023-11-17 02:00:00,2023-11-01,2023-12-01,38,14,24,0.3684210526315789,95223.56807934599,-0.9693600900000043,0.013999999999999995,0.009,80,0.0001
2023-11-18 08:00:00,2023-11-01,2023-12-01,38,14,24,0.3684210526315789,95223.56807934599,-0.9693600899999835,0.013999999999999995,0.009,80,0.0001
2023-11-18 09:00:00,2023-11-01,2023-12-01,38,14,24,0.3684210526315789,95223.56807934599,-0.9693600899999835,0.013999999999999995,0.009,80,0.0001
2023-11-18 10:00:00,2023-11-01,2023-12-01,38,14,24,0.3684210526315789,95223.56807934599,-0.9693600899999835,0.013999999999999995,0.009,80,0.0001
2023-11-20 00:00:00,2023-11-01,2023-12-01,38,14,24,0.3684210526315789,95223.56807934599,1.329030140000027,0.013999999999999995,0.009,80,0.0001
2023-11-20 01:00:00,2023-11-01,2023-12-01,38,14,24,0.3684210526315789,95223.56807934599,1.329030140000027,0.013999999999999995,0.009,80,0.0001
2023-11-20 02:00:00,2023-11-01,2023-12-01,38,14,24,0.3684210526315789,95223.56807934599,1.329030140000027,0.013999999999999995,0.009,80,0.0001
2023-11-20 03:00:00,2023-11-01,2023-12-01,38,14,24,0.3684210526315789,95223.56807934599,1.329030140000027,0.013999999999999995,0.009,80,0.0001
2023-11-20 04:00:00,2023-11-01,2023-12-01,38,14,24,0.3684210526315789,95223.56807934599,1.329030140000027,0.013999999999999995,0.009,80,0.0001
2023-11-20 05:00:00,2023-11-01,2023-12-01,38,14,24,0.3684210526315789,95223.56807934599,1.329030140000027,0.013999999999999995,0.009,80,0.0001
2023-11-20 06:00:00,2023-11-01,2023-12-01,38,14,24,0.3684210526315789,95223.56807934599,1.329030140000027,0.013999999999999995,0.009,80,0.0001
2023-11-20 07:00:00,2023-11-01,2023-12-01,38,14,24,0.3684210526315789,95223.56807934599,1.329030140000027,0.013999999999999995,0.009,80,0.0001
2023-11-20 08:00:00,2023-11-01,2023-12-01,38,14,24,0.3684210526315789,95223.56807934599,1.329030140000027,0.013999999999999995,0.009,80,0.0001
2023-11-20 09:00:00,2023-11-01,2023-12-01,38,14,24,0.3684210526315789,95223.56807934599,1.329030140000027,0.013999999999999995,0.009,80,0.0001
2023-11-21 00:00:00,2023-11-01,2023-12-01,38,14,24,0.3684210526315789,95223.56807934599,-0.9693600900000124,0.013999999999999995,0.009,80,0.0001
2023-11-21 01:00:00,2023-11-01,2023-12-01,38,14,24,0.3684210526315789,95223.56807934599,-0.9693600900000124,0.013999999999999995,0.009,80,0.0001
2023-11-21 02:00:00,2023-11-01,2023-12-01,38,14,24,0.3684210526315789,95223.56807934599,-0.9693600900000124,0.013999999999999995,0.009,80,0.0001
2023-11-21 03:00:00,2023-11-01,2023-12-01,38,14,24,0.3684210526315789,95223.56807934599,-0.9693600900000124,0.013999999999999995,0.009,80,0.0001
2023-11-22 00:00:00,2023-11-01,2023-12-01,38,14,24,0.3684210526315789,95223.56807934599,0.3467869622387819,0.013999999999999995,0.009,80,0.0001
2023-11-22 01:00:00,2023-11-01,2023-12-01,38,14,24,0.3684210526315789,95223.56807934599,0.3467869622387819,0.013999999999999995,0.009,80,0.0001
2023-11-22 02:00:00,2023-11-01,2023-12-01,38,14,24,0.3684210526315789,95223.56807934599,0.3467869622387819,0.013999999999999995,0.009,80,0.0001
2023-11-22 03:00:00,2023-11-01,2023-12-01,38,14,24,0.3684210526315789,95223.56807934599,0.3467869622387819,0.013999999999999995,0.009,80,0.0001
2023-11-22 08:00:00,2023-11-01,2023-12-01,38,14,24,0.3684210526315789,95223.56807934599,0.3467869622387819,0.013999999999999995,0.009,80,0.0001
2023-11-22 09:00:00,2023-11-01,2023-12-01,38,14,24,0.3684210526315789,95223.56807934599,0.3467869622387819,0.013999999999999995,0.009,80,0.0001
2023-11-22 10:00:00,2023-11-01,2023-12-01,38,14,24,0.3684210526315789,95223.56807934599,0.3467869622387819,0.013999999999999995,0.009,80,0.0001
2023-11-22 11:00:00,2023-11-01,2023-12-01,38,14,24,0.3684210526315789,95223.56807934599,0.3467869622387819,0.013999999999999995,0.009,80,0.0001
2023-11-23 08:00:00,2023-11-01,2023-12-01,38,14,24,0.3684210526315789,95223.56807934599,2.6757234911303103,0.013999999999999995,0.009,80,0.0001
2023-11-23 09:00:00,2023-11-01,2023-12-01,38,14,24,0.3684210526315789,95223.56807934599,2.6757234911303103,0.013999999999999995,0.009,80,0.0001
2023-11-23 10:00:00,2023-11-01,2023-12-01,38,14,24,0.3684210526315789,95223.56807934599,2.6757234911303103,0.013999999999999995,0.009,80,0.0001
2023-11-23 11:00:00,2023-11-01,2023-12-01,38,14,24,0.3684210526315789,95223.56807934599,2.6757234911303103,0.013999999999999995,0.009,80,0.0001
2023-11-23 12:00:00,2023-11-01,2023-12-01,38,14,24,0.3684210526315789,95223.56807934599,2.6757234911303103,0.013999999999999995,0.009,80,0.0001
2023-11-23 21:00:00,2023-11-01,2023-12-01,38,14,24,0.3684210526315789,95223.56807934599,2.6757234911303103,0.013999999999999995,0.009,80,0.0001
2023-11-24 12:00:00,2023-11-01,2023-12-01,38,14,24,0.3684210526315789,95223.56807934599,0.3467869622387894,0.013999999999999995,0.009,80,0.0001
2023-11-24 13:00:00,2023-11-01,2023-12-01,38,14,24,0.3684210526315789,95223.56807934599,0.3467869622387894,0.013999999999999995,0.009,80,0.0001
2023-11-24 14:00:00,2023-11-01,2023-12-01,38,14,24,0.3684210526315789,95223.56807934599,0.3467869622387894,0.013999999999999995,0.009,80,0.0001
2023-11-24 15:00:00,2023-11-01,2023-12-01,38,14,24,0.3684210526315789,95223.56807934599,0.3467869622387894,0.013999999999999995,0.009,80,0.0001
2023-11-24 16:00:00,2023-11-01,2023-12-01,38,14,24,0.3684210526315789,95223.56807934599,0.3467869622387894,0.013999999999999995,0.009,80,0.0001
2023-11-24 17:00:00,2023-11-01,2023-12-01,38,14,24,0.3684210526315789,95223.56807934599,0.3467869622387894,0.013999999999999995,0.009,80,0.0001
2023-11-24 18:00:00,2023-11-01,2023-12-01,38,14,24,0.3684210526315789,95223.56807934599,0.3467869622387894,0.013999999999999995,0.009,80,0.0001
2023-11-24 19:00:00,2023-11-01,2023-12-01,38,14,24,0.3684210526315789,95223.56807934599,0.3467869622387894,0.013999999999999995,0.009,80,0.0001
2023-11-25 00:00:00,2023-11-01,2023-12-01,38,14,24,0.3684210526315789,95223.56807934599,-0.969360089999987,0.013999999999999995,0.009,80,0.0001
2023-11-25 01:00:00,2023-11-01,2023-12-01,38,14,24,0.3684210526315789,95223.56807934599,-0.969360089999987,0.013999999999999995,0.009,80,0.0001
2023-11-25 02:00:00,2023-11-01,2023-12-01,38,14,24,0.3684210526315789,95223.56807934599,-0.969360089999987,0.013999999999999995,0.009,80,0.0001
2023-11-25 03:00:00,2023-11-01,2023-12-01,38,14,24,0.3684210526315789,95223.56807934599,-0.969360089999987,0.013999999999999995,0.009,80,0.0001
2023-11-25 04:00:00,2023-11-01,2023-12-01,38,14,24,0.3684210526315789,95223.56807934599,-0.969360089999987,0.013999999999999995,0.009,80,0.0001
2023-11-25 05:00:00,2023-11-01,2023-12-01,38,14,24,0.3684210526315789,95223.56807934599,-0.969360089999987,0.013999999999999995,0.009,80,0.0001
2023-11-26 15:00:00,2023-11-01,2023-12-01,38,14,24,0.3684210526315789,95223.56807934599,0.34678696223877015,0.013999999999999995,0.009,80,0.0001
2023-11-26 23:00:00,2023-11-01,2023-12-01,38,14,24,0.3684210526315789,95223.56807934599,0.34678696223877015,0.013999999999999995,0.009,80,0.0001
2023-11-27 08:00:00,2023-11-01,2023-12-01,38,14,24,0.3684210526315789,95223.56807934599,0.3467869622387901,0.013999999999999995,0.009,80,0.0001
2023-11-27 12:00:00,2023-11-01,2023-12-01,38,14,24,0.3684210526315789,95223.56807934599,0.3467869622387901,0.013999999999999995,0.009,80,0.0001
2023-11-27 13:00:00,2023-11-01,2023-12-01,38,14,24,0.3684210526315789,95223.56807934599,0.3467869622387901,0.013999999999999995,0.009,80,0.0001
2023-11-27 16:00:00,2023-11-01,2023-12-01,38,14,24,0.3684210526315789,95223.56807934599,0.3467869622387901,0.013999999999999995,0.009,80,0.0001
2023-11-27 17:00:00,2023-11-01,2023-12-01,38,14,24,0.3684210526315789,95223.56807934599,0.3467869622387901,0.013999999999999995,0.009,80,0.0001
2023-11-27 18:00:00,2023-11-01,2023-12-01,38,14,24,0.3684210526315789,95223.56807934599,0.3467869622387901,0.013999999999999995,0.009,80,0.0001
2023-11-29 00:00:00,2023-11-01,2023-12-01,38,14,24,0.3684210526315789,95223.56807934599,-0.9693600899999913,0.013999999999999995,0.009,80,0.0001
2023-11-29 01:00:00,2023-11-01,2023-12-01,38,14,24,0.3684210526315789,95223.56807934599,-0.9693600899999913,0.013999999999999995,0.009,80,0.0001
2023-11-29 02:00:00,2023-11-01,2023-12-01,38,14,24,0.3684210526315789,95223.56807934599,-0.9693600899999913,0.013999999999999995,0.009,80,0.0001
2023-11-29 03:00:00,2023-11-01,2023-12-01,38,14,24,0.3684210526315789,95223.56807934599,-0.9693600899999913,0.013999999999999995,0.009,80,0.0001
2023-11-29 04:00:00,2023-11-01,2023-12-01,38,14,24,0.3684210526315789,95223.56807934599,-0.9693600899999913,0.013999999999999995,0.009,80,0.0001
2023-11-29 05:00:00,2023-11-01,2023-12-01,38,14,24,0.3684210526315789,95223.56807934599,-0.9693600899999913,0.013999999999999995,0.009,80,0.0001
2023-11-29 06:00:00,2023-11-01,2023-12-01,38,14,24,0.3684210526315789,95223.56807934599,-0.9693600899999913,0.013999999999999995,0.009,80,0.0001
2023-11-29 07:00:00,2023-11-01,2023-12-01,38,14,24,0.3684210526315789,95223.56807934599,-0.9693600899999913,0.013999999999999995,0.009,80,0.0001
2023-12-01 07:00:00,2023-12-01,2024-01-01,38,21,17,0.5526315789473685,100496.57933465282,-2.9164403720857663,0.012999999999999996,0.013999999999999995,60,0.0005
2023-12-01 08:00:00,2023-12-01,2024-01-01,38,21,17,0.5526315789473685,100496.57933465282,-2.9164403720857663,0.012999999999999996,0.013999999999999995,60,0.0005
2023-12-01 09:00:00,2023-12-01,2024-01-01,38,21,17,0.5526315789473685,100496.57933465282,-2.9164403720857663,0.012999999999999996,0.013999999999999995,60,0.0005
2023-12-01 10:00:00,2023-12-01,2024-01-01,38,21,17,0.5526315789473685,100496.57933465282,-2.9164403720857663,0.012999999999999996,0.013999999999999995,60,0.0005
2023-12-01 11:00:00,2023-12-01,2024-01-01,38,21,17,0.5526315789473685,100496.57933465282,-2.9164403720857663,0.012999999999999996,0.013999999999999995,60,0.0005
2023-12-01 12:00:00,2023-12-01,2024-01-01,38,21,17,0.5526315789473685,100496.57933465282,-2.9164403720857663,0.012999999999999996,0.013999999999999995,60,0.0005
2023-12-01 13:00:00,2023-12-01,2024-01-01,38,21,17,0.5526315789473685,100496.57933465282,-2.9164403720857663,0.012999999999999996,0.013999999999999995,60,0.0005
2023-12-01 14:00:00,2023-12-01,2024-01-01,38,21,17,0.5526315789473685,100496.57933465282,-2.9164403720857663,0.012999999999999996,0.013999999999999995,60,0.0005
2023-12-01 15:00:00,2023-12-01,2024-01-01,38,21,17,0.5526315789473685,100496.57933465282,-2.9164403720857663,0.012999999999999996,0.013999999999999995,60,0.0005
2023-12-01 16:00:00,2023-12-01,2024-01-01,38,21,17,0.5526315789473685,100496.57933465282,-2.9164403720857663,0.012999999999999996,0.013999999999999995,60,0.0005
2023-12-01 17:00:00,2023-12-01,2024-01-01,38,21,17,0.5526315789473685,100496.57933465282,-2.9164403720857663,0.012999999999999996,0.013999999999999995,60,0.0005
2023-12-02 03:00:00,2023-12-01,2024-01-01,38,21,17,0.5526315789473685,100496.57933465282,1.2291001299999855,0.012999999999999996,0.013999999999999995,60,0.0005
2023-12-02 04:00:00,2023-12-01,2024-01-01,38,21,17,0.5526315789473685,100496.57933465282,1.2291001299999855,0.012999999999999996,0.013999999999999995,60,0.0005
2023-12-03 00:00:00,2023-12-01,2024-01-01,38,21,17,0.5526315789473685,100496.57933465282,-2.916440372085751,0.012999999999999996,0.013999999999999995,60,0.0005
2023-12-03 01:00:00,2023-12-01,2024-01-01,38,21,17,0.5526315789473685,100496.57933465282,-2.916440372085751,0.012999999999999996,0.013999999999999995,60,0.0005
2023-12-03 02:00:00,2023-12-01,2024-01-01,38,21,17,0.5526315789473685,100496.57933465282,-2.916440372085751,0.012999999999999996,0.013999999999999995,60,0.0005
2023-12-03 23:00:00,2023-12-01,2024-01-01,38,21,17,0.5526315789473685,100496.57933465282,-2.916440372085751,0.012999999999999996,0.013999999999999995,60,0.0005
2023-12-04 00:00:00,2023-12-01,2024-01-01,38,21,17,0.5526315789473685,100496.57933465282,-1.7231862144904484,0.012999999999999996,0.013999999999999995,60,0.0005
2023-12-04 01:00:00,2023-12-01,2024-01-01,38,21,17,0.5526315789473685,100496.57933465282,-1.7231862144904484,0.012999999999999996,0.013999999999999995,60,0.0005
2023-12-04 02:00:00,2023-12-01,2024-01-01,38,21,17,0.5526315789473685,100496.57933465282,-1.7231862144904484,0.012999999999999996,0.013999999999999995,60,0.0005
2023-12-04 03:00:00,2023-12-01,2024-01-01,38,21,17,0.5526315789473685,100496.57933465282,-1.7231862144904484,0.012999999999999996,0.013999999999999995,60,0.0005
2023-12-04 04:00:00,2023-12-01,2024-01-01,38,21,17,0.5526315789473685,100496.57933465282,-1.7231862144904484,0.012999999999999996,0.013999999999999995,60,0.0005
2023-12-04 05:00:00,2023-12-01,2024-01-01,38,21,17,0.5526315789473685,100496.57933465282,-1.7231862144904484,0.012999999999999996,0.013999999999999995,60,0.0005
2023-12-04 06:00:00,2023-12-01,2024-01-01,38,21,17,0.5526315789473685,100496.57933465282,-1.7231862144904484,0.012999999999999996,0.013999999999999995,60,0.0005
2023-12-04 07:00:00,2023-12-01,2024-01-01,38,21,17,0.5526315789473685,100496.57933465282,-1.7231862144904484,0.012999999999999996,0.013999999999999995,60,0.0005
2023-12-04 08:00:00,2023-12-01,2024-01-01,38,21,17,0.5526315789473685,100496.57933465282,-1.7231862144904484,0.012999999999999996,0.013999999999999995,60,0.0005
2023-12-04 09:00:00,2023-12-01,2024-01-01,38,21,17,0.5526315789473685,100496.57933465282,-1.7231862144904484,0.012999999999999996,0.013999999999999995,60,0.0005
2023-12-04 10:00:00,2023-12-01,2024-01-01,38,21,17,0.5526315789473685,100496.57933465282,-1.7231862144904484,0.012999999999999996,0.013999999999999995,60,0.0005
2023-12-04 20:00:00,2023-12-01,2024-01-01,38,21,17,0.5526315789473685,100496.57933465282,-1.7231862144904484,0.012999999999999996,0.013999999999999995,60,0.0005
2023-12-04 21:00:00,2023-12-01,2024-01-01,38,21,17,0.5526315789473685,100496.57933465282,-1.7231862144904484,0.012999999999999996,0.013999999999999995,60,0.0005
2023-12-04 22:00:00,2023-12-01,2024-01-01,38,21,17,0.5526315789473685,100496.57933465282,-1.7231862144904484,0.012999999999999996,0.013999999999999995,60,0.0005
2023-12-05 15:00:00,2023-12-01,2024-01-01,38,21,17,0.5526315789473685,100496.57933465282,3.7328066824616846,0.012999999999999996,0.013999999999999995,60,0.0005
2023-12-05 16:00:00,2023-12-01,2024-01-01,38,21,17,0.5526315789473685,100496.57933465282,3.7328066824616846,0.012999999999999996,0.013999999999999995,60,0.0005
2023-12-05 17:00:00,2023-12-01,2024-01-01,38,21,17,0.5526315789473685,100496.57933465282,3.7328066824616846,0.012999999999999996,0.013999999999999995,60,0.0005
2023-12-05 18:00:00,2023-12-01,2024-01-01,38,21,17,0.5526315789473685,100496.57933465282,3.7328066824616846,0.012999999999999996,0.013999999999999995,60,0.0005
2023-12-05 19:00:00,2023-12-01,2024-01-01,38,21,17,0.5526315789473685,100496.57933465282,3.7328066824616846,0.012999999999999996,0.013999999999999995,60,0.0005
2023-12-06 08:00:00,2023-12-01,2024-01-01,38,21,17,0.5526315789473685,100496.57933465282,-1.4690101399999984,0.012999999999999996,0.013999999999999995,60,0.0005
2023-12-06 09:00:00,2023-12-01,2024-01-01,38,21,17,0.5526315789473685,100496.57933465282,-1.4690101399999984,0.012999999999999996,0.013999999999999995,60,0.0005
2023-12-06 10:00:00,2023-12-01,2024-01-01,38,21,17,0.5526315789473685,100496.57933465282,-1.4690101399999984,0.012999999999999996,0.013999999999999995,60,0.0005
2023-12-07 00:00:00,2023-12-01,2024-01-01,38,21,17,0.5526315789473685,100496.57933465282,0.0,0.012999999999999996,0.013999999999999995,60,0.0005
2023-12-07 01:00:00,2023-12-01,2024-01-01,38,21,17,0.5526315789473685,100496.57933465282,0.0,0.012999999999999996,0.013999999999999995,60,0.0005
2023-12-07 02:00:00,2023-12-01,2024-01-01,38,21,17,0.5526315789473685,100496.57933465282,0.0,0.012999999999999996,0.013999999999999995,60,0.0005
2023-12-07 03:00:00,2023-12-01,2024-01-01,38,21,17,0.5526315789473685,100496.57933465282,0.0,0.012999999999999996,0.013999999999999995,60,0.0005
2023-12-08 00:00:00,2023-12-01,2024-01-01,38,21,17,0.5526315789473685,100496.57933465282,-1.469010139999996,0.012999999999999996,0.013999999999999995,60,0.0005
2023-12-08 01:00:00,2023-12-01,2024-01-01,38,21,17,0.5526315789473685,100496.57933465282,-1.469010139999996,0.012999999999999996,0.013999999999999995,60,0.0005
2023-12-08 02:00:00,2023-12-01,2024-01-01,38,21,17,0.5526315789473685,100496.57933465282,-1.469010139999996,0.012999999999999996,0.013999999999999995,60,0.0005
2023-12-08 03:00:00,2023-12-01,2024-01-01,38,21,17,0.5526315789473685,100496.57933465282,-1.469010139999996,0.012999999999999996,0.013999999999999995,60,0.0005
2023-12-08 04:00:00,2023-12-01,2024-01-01,38,21,17,0.5526315789473685,100496.57933465282,-1.469010139999996,0.012999999999999996,0.013999999999999995,60,0.0005
2023-12-08 05:00:00,2023-12-01,2024-01-01,38,21,17,0.5526315789473685,100496.57933465282,-1.469010139999996,0.012999999999999996,0.013999999999999995,60,0.0005
2023-12-08 06:00:00,2023-12-01,2024-01-01,38,21,17,0.5526315789473685,100496.57933465282,-1.469010139999996,0.012999999999999996,0.013999999999999995,60,0.0005
2023-12-08 07:00:00,2023-12-01,2024-01-01,38,21,17,0.5526315789473685,100496.57933465282,-1.469010139999996,0.012999999999999996,0.013999999999999995,60,0.0005
2023-12-08 08:00:00,2023-12-01,2024-01-01,38,21,17,0.5526315789473685,100496.57933465282,-1.469010139999996,0.012999999999999996,0.013999999999999995,60,0.0005
2023-12-08 09:00:00,2023-12-01,2024-01-01,38,21,17,0.5526315789473685,100496.57933465282,-1.469010139999996,0.012999999999999996,0.013999999999999995,60,0.0005
2023-12-08 10:00:00,2023-12-01,2024-01-01,38,21,17,0.5526315789473685,100496.57933465282,-1.469010139999996,0.012999999999999996,0.013999999999999995,60,0.0005
2023-12-08 11:00:00,2023-12-01,2024-01-01,38,21,17,0.5526315789473685,100496.57933465282,-1.469010139999996,0.012999999999999996,0.013999999999999995,60,0.0005
2023-12-08 12:00:00,2023-12-01,2024-01-01,38,21,17,0.5526315789473685,100496.57933465282,-1.469010139999996,0.012999999999999996,0.013999999999999995,60,0.0005
2023-12-09 00:00:00,2023-12-01,2024-01-01,38,21,17,0.5526315789473685,100496.57933465282,-1.4690101399999902,0.012999999999999996,0.013999999999999995,60,0.0005
2023-12-09 01:00:00,2023-12-01,2024-01-01,38,21,17,0.5526315789473685,100496.57933465282,-1.4690101399999902,0.012999999999999996,0.013999999999999995,60,0.0005
2023-12-09 02:00:00,2023-12-01,2024-01-01,38,21,17,0.5526315789473685,100496.57933465282,-1.4690101399999902,0.012999999999999996,0.013999999999999995,60,0.0005
2023-12-09 03:00:00,2023-12-01,2024-01-01,38,21,17,0.5526315789473685,100496.57933465282,-1.4690101399999902,0.012999999999999996,0.013999999999999995,60,0.0005
2023-12-09 04:00:00,2023-12-01,2024-01-01,38,21,17,0.5526315789473685,100496.57933465282,-1.4690101399999902,0.012999999999999996,0.013999999999999995,60,0.0005
2023-12-10 14:00:00,2023-12-01,2024-01-01,38,21,17,0.5526315789473685,100496.57933465282,1.2291001300000004,0.012999999999999996,0.013999999999999995,60,0.0005
2023-12-10 15:00:00,2023-12-01,2024-01-01,38,21,17,0.5526315789473685,100496.57933465282,1.2291001300000004,0.012999999999999996,0.013999999999999995,60,0.0005
2023-12-10 16:00:00,2023-12-01,2024-01-01,38,21,17,0.5526315789473685,100496.57933465282,1.2291001300000004,0.012999999999999996,0.013999999999999995,60,0.0005
2023-12-10 17:00:00,2023-12-01,2024-01-01,38,21,17,0.5526315789473685,100496.57933465282,1.2291001300000004,0.012999999999999996,0.013999999999999995,60,0.0005
2023-12-10 18:00:00,2023-12-01,2024-01-01,38,21,17,0.5526315789473685,100496.57933465282,1.2291001300000004,0.012999999999999996,0.013999999999999995,60,0.0005
2023-12-11 08:00:00,2023-12-01,2024-01-01,38,21,17,0.5526315789473685,100496.57933465282,-1.4690101399999926,0.012999999999999996,0.013999999999999995,60,0.0005
2023-12-11 09:00:00,2023-12-01,2024-01-01,38,21,17,0.5526315789473685,100496.57933465282,-1.4690101399999926,0.012999999999999996,0.013999999999999995,60,0.0005
2023-12-11 10:00:00,2023-12-01,2024-01-01,38,21,17,0.5526315789473685,100496.57933465282,-1.4690101399999926,0.012999999999999996,0.013999999999999995,60,0.0005
2023-12-11 11:00:00,2023-12-01,2024-01-01,38,21,17,0.5526315789473685,100496.57933465282,-1.4690101399999926,0.012999999999999996,0.013999999999999995,60,0.0005
2023-12-11 12:00:00,2023-12-01,2024-01-01,38,21,17,0.5526315789473685,100496.57933465282,-1.4690101399999926,0.012999999999999996,0.013999999999999995,60,0.0005
2023-12-11 13:00:00,2023-12-01,2024-01-01,38,21,17,0.5526315789473685,100496.57933465282,-1.4690101399999926,0.012999999999999996,0.013999999999999995,60,0.0005
2023-12-11 14:00:00,2023-12-01,2024-01-01,38,21,17,0.5526315789473685,100496.57933465282,-1.4690101399999926,0.012999999999999996,0.013999999999999995,60,0.0005
2023-12-12 19:00:00,2023-12-01,2024-01-01,38,21,17,0.5526315789473685,100496.57933465282,1.2291001299999955,0.012999999999999996,0.013999999999999995,60,0.0005
2023-12-13 00:00:00,2023-12-01,2024-01-01,38,21,17,0.5526315789473685,100496.57933465282,-0.2579656155404362,0.012999999999999996,0.013999999999999995,60,0.0005
2023-12-13 01:00:00,2023-12-01,2024-01-01,38,21,17,0.5526315789473685,100496.57933465282,-0.2579656155404362,0.012999999999999996,0.013999999999999995,60,0.0005
2023-12-13 02:00:00,2023-12-01,2024-01-01,38,21,17,0.5526315789473685,100496.57933465282,-0.2579656155404362,0.012999999999999996,0.013999999999999995,60,0.0005
2023-12-13 03:00:00,2023-12-01,2024-01-01,38,21,17,0.5526315789473685,100496.57933465282,-0.2579656155404362,0.012999999999999996,0.013999999999999995,60,0.0005
2023-12-13 08:00:00,2023-12-01,2024-01-01,38,21,17,0.5526315789473685,100496.57933465282,-0.2579656155404362,0.012999999999999996,0.013999999999999995,60,0.0005
2023-12-13 09:00:00,2023-12-01,2024-01-01,38,21,17,0.5526315789473685,100496.57933465282,-0.2579656155404362,0.012999999999999996,0.013999999999999995,60,0.0005
2023-12-14 00:00:00,2023-12-01,2024-01-01,38,21,17,0.5526315789473685,100496.57933465282,1.2291001299999853,0.012999999999999996,0.013999999999999995,60,0.0005
2023-12-14 01:00:00,2023-12-01,2024-01-01,38,21,17,0.5526315789473685,100496.57933465282,1.2291001299999853,0.012999999999999996,0.013999999999999995,60,0.0005
2023-12-14 02:00:00,2023-12-01,2024-01-01,38,21,17,0.5526315789473685,100496.57933465282,1.2291001299999853,0.012999999999999996,0.013999999999999995,60,0.0005
2023-12-15 00:00:00,2023-12-01,2024-01-01,38,21,17,0.5526315789473685,100496.57933465282,1.2291001299999982,0.012999999999999996,0.013999999999999995,60,0.0005
2023-12-15 01:00:00,2023-12-01,2024-01-01,38,21,17,0.5526315789473685,100496.57933465282,1.2291001299999982,0.012999999999999996,0.013999999999999995,60,0.0005
2023-12-15 02:00:00,2023-12-01,2024-01-01,38,21,17,0.5526315789473685,100496.57933465282,1.2291001299999982,0.012999999999999996,0.013999999999999995,60,0.0005
2023-12-15 03:00:00,2023-12-01,2024-01-01,38,21,17,0.5526315789473685,100496.57933465282,1.2291001299999982,0.012999999999999996,0.013999999999999995,60,0.0005
2023-12-15 04:00:00,2023-12-01,2024-01-01,38,21,17,0.5526315789473685,100496.57933465282,1.2291001299999982,0.012999999999999996,0.013999999999999995,60,0.0005
2023-12-15 05:00:00,2023-12-01,2024-01-01,38,21,17,0.5526315789473685,100496.57933465282,1.2291001299999982,0.012999999999999996,0.013999999999999995,60,0.0005
2023-12-15 06:00:00,2023-12-01,2024-01-01,38,21,17,0.5526315789473685,100496.57933465282,1.2291001299999982,0.012999999999999996,0.013999999999999995,60,0.0005
2023-12-15 07:00:00,2023-12-01,2024-01-01,38,21,17,0.5526315789473685,100496.57933465282,1.2291001299999982,0.012999999999999996,0.013999999999999995,60,0.0005
2023-12-15 08:00:00,2023-12-01,2024-01-01,38,21,17,0.5526315789473685,100496.57933465282,1.2291001299999982,0.012999999999999996,0.013999999999999995,60,0.0005
2023-12-15 09:00:00,2023-12-01,2024-01-01,38,21,17,0.5526315789473685,100496.57933465282,1.2291001299999982,0.012999999999999996,0.013999999999999995,60,0.0005
2023-12-15 10:00:00,2023-12-01,2024-01-01,38,21,17,0.5526315789473685,100496.57933465282,1.2291001299999982,0.012999999999999996,0.013999999999999995,60,0.0005
2023-12-15 11:00:00,2023-12-01,2024-01-01,38,21,17,0.5526315789473685,100496.57933465282,1.2291001299999982,0.012999999999999996,0.013999999999999995,60,0.0005
2023-12-15 12:00:00,2023-12-01,2024-01-01,38,21,17,0.5526315789473685,100496.57933465282,1.2291001299999982,0.012999999999999996,0.013999999999999995,60,0.0005
2023-12-15 13:00:00,2023-12-01,2024-01-01,38,21,17,0.5526315789473685,100496.57933465282,1.2291001299999982,0.012999999999999996,0.013999999999999995,60,0.0005
2023-12-16 00:00:00,2023-12-01,2024-01-01,38,21,17,0.5526315789473685,100496.57933465282,2.4733071312956443,0.012999999999999996,0.013999999999999995,60,0.0005
2023-12-16 01:00:00,2023-12-01,2024-01-01,38,21,17,0.5526315789473685,100496.57933465282,2.4733071312956443,0.012999999999999996,0.013999999999999995,60,0.0005
2023-12-16 08:00:00,2023-12-01,2024-01-01,38,21,17,0.5526315789473685,100496.57933465282,2.4733071312956443,0.012999999999999996,0.013999999999999995,60,0.0005
2023-12-16 09:00:00,2023-12-01,2024-01-01,38,21,17,0.5526315789473685,100496.57933465282,2.4733071312956443,0.012999999999999996,0.013999999999999995,60,0.0005
2023-12-16 10:00:00,2023-12-01,2024-01-01,38,21,17,0.5526315789473685,100496.57933465282,2.4733071312956443,0.012999999999999996,0.013999999999999995,60,0.0005
2023-12-16 11:00:00,2023-12-01,2024-01-01,38,21,17,0.5526315789473685,100496.57933465282,2.4733071312956443,0.012999999999999996,0.013999999999999995,60,0.0005
2023-12-16 12:00:00,2023-12-01,2024-01-01,38,21,17,0.5526315789473685,100496.57933465282,2.4733071312956443,0.012999999999999996,0.013999999999999995,60,0.0005
2023-12-16 16:00:00,2023-12-01,2024-01-01,38,21,17,0.5526315789473685,100496.57933465282,2.4733071312956443,0.012999999999999996,0.013999999999999995,60,0.0005
2023-12-16 17:00:00,2023-12-01,2024-01-01,38,21,17,0.5526315789473685,100496.57933465282,2.4733071312956443,0.012999999999999996,0.013999999999999995,60,0.0005
2023-12-17 08:00:00,2023-12-01,2024-01-01,38,21,17,0.5526315789473685,100496.57933465282,-1.469010140000007,0.012999999999999996,0.013999999999999995,60,0.0005
2023-12-17 09:00:00,2023-12-01,2024-01-01,38,21,17,0.5526315789473685,100496.57933465282,-1.469010140000007,0.012999999999999996,0.013999999999999995,60,0.0005
2023-12-17 10:00:00,2023-12-01,2024-01-01,38,21,17,0.5526315789473685,100496.57933465282,-1.469010140000007,0.012999999999999996,0.013999999999999995,60,0.0005
2023-12-17 16:00:00,2023-12-01,2024-01-01,38,21,17,0.5526315789473685,100496.57933465282,-1.469010140000007,0.012999999999999996,0.013999999999999995,60,0.0005
2023-12-18 08:00:00,2023-12-01,2024-01-01,38,21,17,0.5526315789473685,100496.57933465282,-0.25796561554043584,0.012999999999999996,0.013999999999999995,60,0.0005
2023-12-18 09:00:00,2023-12-01,2024-01-01,38,21,17,0.5526315789473685,100496.57933465282,-0.25796561554043584,0.012999999999999996,0.013999999999999995,60,0.0005
2023-12-18 10:00:00,2023-12-01,2024-01-01,38,21,17,0.5526315789473685,100496.57933465282,-0.25796561554043584,0.012999999999999996,0.013999999999999995,60,0.0005
2023-12-18 11:00:00,2023-12-01,2024-01-01,38,21,17,0.5526315789473685,100496.57933465282,-0.25796561554043584,0.012999999999999996,0.013999999999999995,60,0.0005
2023-12-18 12:00:00,2023-12-01,2024-01-01,38,21,17,0.5526315789473685,100496.57933465282,-0.25796561554043584,0.012999999999999996,0.013999999999999995,60,0.0005
2023-12-19 08:00:00,2023-12-01,2024-01-01,38,21,17,0.5526315789473685,100496.57933465282,1.2291001300000024,0.012999999999999996,0.013999999999999995,60,0.0005
2023-12-19 09:00:00,2023-12-01,2024-01-01,38,21,17,0.5526315789473685,100496.57933465282,1.2291001300000024,0.012999999999999996,0.013999999999999995,60,0.0005
2023-12-19 10:00:00,2023-12-01,2024-01-01,38,21,17,0.5526315789473685,100496.57933465282,1.2291001300000024,0.012999999999999996,0.013999999999999995,60,0.0005
2023-12-19 11:00:00,2023-12-01,2024-01-01,38,21,17,0.5526315789473685,100496.57933465282,1.2291001300000024,0.012999999999999996,0.013999999999999995,60,0.0005
2023-12-19 12:00:00,2023-12-01,2024-01-01,38,21,17,0.5526315789473685,100496.57933465282,1.2291001300000024,0.012999999999999996,0.013999999999999995,60,0.0005
2023-12-19 13:00:00,2023-12-01,2024-01-01,38,21,17,0.5526315789473685,100496.57933465282,1.2291001300000024,0.012999999999999996,0.013999999999999995,60,0.0005
2023-12-20 08:00:00,2023-12-01,2024-01-01,38,21,17,0.5526315789473685,100496.57933465282,1.229100129999988,0.012999999999999996,0.013999999999999995,60,0.0005
2023-12-20 09:00:00,2023-12-01,2024-01-01,38,21,17,0.5526315789473685,100496.57933465282,1.229100129999988,0.012999999999999996,0.013999999999999995,60,0.0005
2023-12-20 10:00:00,2023-12-01,2024-01-01,38,21,17,0.5526315789473685,100496.57933465282,1.229100129999988,0.012999999999999996,0.013999999999999995,60,0.0005
2023-12-20 11:00:00,2023-12-01,2024-01-01,38,21,17,0.5526315789473685,100496.57933465282,1.229100129999988,0.012999999999999996,0.013999999999999995,60,0.0005
2023-12-20 12:00:00,2023-12-01,2024-01-01,38,21,17,0.5526315789473685,100496.57933465282,1.229100129999988,0.012999999999999996,0.013999999999999995,60,0.0005
2023-12-21 08:00:00,2023-12-01,2024-01-01,38,21,17,0.5526315789473685,100496.57933465282,-1.4690101399999955,0.012999999999999996,0.013999999999999995,60,0.0005
2023-12-21 10:00:00,2023-12-01,2024-01-01,38,21,17,0.5526315789473685,100496.57933465282,-1.4690101399999955,0.012999999999999996,0.013999999999999995,60,0.0005
2023-12-21 11:00:00,2023-12-01,2024-01-01,38,21,17,0.5526315789473685,100496.57933465282,-1.4690101399999955,0.012999999999999996,0.013999999999999995,60,0.0005
2023-12-21 12:00:00,2023-12-01,2024-01-01,38,21,17,0.5526315789473685,100496.57933465282,-1.4690101399999955,0.012999999999999996,0.013999999999999995,60,0.0005
2023-12-22 00:00:00,2023-12-01,2024-01-01,38,21,17,0.5526315789473685,100496.57933465282,-0.2579656155404562,0.012999999999999996,0.013999999999999995,60,0.0005
2023-12-22 01:00:00,2023-12-01,2024-01-01,38,21,17,0.5526315789473685,100496.57933465282,-0.2579656155404562,0.012999999999999996,0.013999999999999995,60,0.0005
2023-12-22 02:00:00,2023-12-01,2024-01-01,38,21,17,0.5526315789473685,100496.57933465282,-0.2579656155404562,0.012999999999999996,0.013999999999999995,60,0.0005
2023-12-22 03:00:00,2023-12-01,2024-01-01,38,21,17,0.5526315789473685,100496.57933465282,-0.2579656155404562,0.012999999999999996,0.013999999999999995,60,0.0005
2023-12-22 08:00:00,2023-12-01,2024-01-01,38,21,17,0.5526315789473685,100496.57933465282,-0.2579656155404562,0.012999999999999996,0.013999999999999995,60,0.0005
2023-12-22 09:00:00,2023-12-01,2024-01-01,38,21,17,0.5526315789473685,100496.57933465282,-0.2579656155404562,0.012999999999999996,0.013999999999999995,60,0.0005
2023-12-22 10:00:00,2023-12-01,2024-01-01,38,21,17,0.5526315789473685,100496.57933465282,-0.2579656155404562,0.012999999999999996,0.013999999999999995,60,0.0005
2023-12-22 11:00:00,2023-12-01,2024-01-01,38,21,17,0.5526315789473685,100496.57933465282,-0.2579656155404562,0.012999999999999996,0.013999999999999995,60,0.0005
2023-12-22 12:00:00,2023-12-01,2024-01-01,38,21,17,0.5526315789473685,100496.57933465282,-0.2579656155404562,0.012999999999999996,0.013999999999999995,60,0.0005
2023-12-22 13:00:00,2023-12-01,2024-01-01,38,21,17,0.5526315789473685,100496.57933465282,-0.2579656155404562,0.012999999999999996,0.013999999999999995,60,0.0005
2023-12-24 00:00:00,2023-12-01,2024-01-01,38,21,17,0.5526315789473685,100496.57933465282,0.0,0.012999999999999996,0.013999999999999995,60,0.0005
2023-12-24 05:00:00,2023-12-01,2024-01-01,38,21,17,0.5526315789473685,100496.57933465282,0.0,0.012999999999999996,0.013999999999999995,60,0.0005
2023-12-24 06:00:00,2023-12-01,2024-01-01,38,21,17,0.5526315789473685,100496.57933465282,0.0,0.012999999999999996,0.013999999999999995,60,0.0005
2023-12-24 07:00:00,2023-12-01,2024-01-01,38,21,17,0.5526315789473685,100496.57933465282,0.0,0.012999999999999996,0.013999999999999995,60,0.0005
2023-12-24 08:00:00,2023-12-01,2024-01-01,38,21,17,0.5526315789473685,100496.57933465282,0.0,0.012999999999999996,0.013999999999999995,60,0.0005
2023-12-24 09:00:00,2023-12-01,2024-01-01,38,21,17,0.5526315789473685,100496.57933465282,0.0,0.012999999999999996,0.013999999999999995,60,0.0005
2023-12-24 10:00:00,2023-12-01,2024-01-01,38,21,17,0.5526315789473685,100496.57933465282,0.0,0.012999999999999996,0.013999999999999995,60,0.0005
2023-12-24 11:00:00,2023-12-01,2024-01-01,38,21,17,0.5526315789473685,100496.57933465282,0.0,0.012999999999999996,0.013999999999999995,60,0.0005
2023-12-24 12:00:00,2023-12-01,2024-01-01,38,21,17,0.5526315789473685,100496.57933465282,0.0,0.012999999999999996,0.013999999999999995,60,0.0005
2023-12-24 13:00:00,2023-12-01,2024-01-01,38,21,17,0.5526315789473685,100496.57933465282,0.0,0.012999999999999996,0.013999999999999995,60,0.0005
2023-12-25 08:00:00,2023-12-01,2024-01-01,38,21,17,0.5526315789473685,100496.57933465282,-0.25796561554046116,0.012999999999999996,0.013999999999999995,60,0.0005
2023-12-25 09:00:00,2023-12-01,2024-01-01,38,21,17,0.5526315789473685,100496.57933465282,-0.25796561554046116,0.012999999999999996,0.013999999999999995,60,0.0005
2023-12-25 10:00:00,2023-12-01,2024-01-01,38,21,17,0.5526315789473685,100496.57933465282,-0.25796561554046116,0.012999999999999996,0.013999999999999995,60,0.0005
2023-12-25 11:00:00,2023-12-01,2024-01-01,38,21,17,0.5526315789473685,100496.57933465282,-0.25796561554046116,0.012999999999999996,0.013999999999999995,60,0.0005
2023-12-25 12:00:00,2023-12-01,2024-01-01,38,21,17,0.5526315789473685,100496.57933465282,-0.25796561554046116,0.012999999999999996,0.013999999999999995,60,0.0005
2023-12-25 13:00:00,2023-12-01,2024-01-01,38,21,17,0.5526315789473685,100496.57933465282,-0.25796561554046116,0.012999999999999996,0.013999999999999995,60,0.0005
2023-12-25 14:00:00,2023-12-01,2024-01-01,38,21,17,0.5526315789473685,100496.57933465282,-0.25796561554046116,0.012999999999999996,0.013999999999999995,60,0.0005
2023-12-25 15:00:00,2023-12-01,2024-01-01,38,21,17,0.5526315789473685,100496.57933465282,-0.25796561554046116,0.012999999999999996,0.013999999999999995,60,0.0005
2023-12-26 00:00:00,2023-12-01,2024-01-01,38,21,17,0.5526315789473685,100496.57933465282,1.2291001299999995,0.012999999999999996,0.013999999999999995,60,0.0005
2023-12-26 01:00:00,2023-12-01,2024-01-01,38,21,17,0.5526315789473685,100496.57933465282,1.2291001299999995,0.012999999999999996,0.013999999999999995,60,0.0005
2023-12-26 02:00:00,2023-12-01,2024-01-01,38,21,17,0.5526315789473685,100496.57933465282,1.2291001299999995,0.012999999999999996,0.013999999999999995,60,0.0005
2023-12-26 03:00:00,2023-12-01,2024-01-01,38,21,17,0.5526315789473685,100496.57933465282,1.2291001299999995,0.012999999999999996,0.013999999999999995,60,0.0005
2023-12-26 04:00:00,2023-12-01,2024-01-01,38,21,17,0.5526315789473685,100496.57933465282,1.2291001299999995,0.012999999999999996,0.013999999999999995,60,0.0005
2023-12-26 05:00:00,2023-12-01,2024-01-01,38,21,17,0.5526315789473685,100496.57933465282,1.2291001299999995,0.012999999999999996,0.013999999999999995,60,0.0005
2023-12-26 23:00:00,2023-12-01,2024-01-01,38,21,17,0.5526315789473685,100496.57933465282,1.2291001299999995,0.012999999999999996,0.013999999999999995,60,0.0005
2023-12-27 00:00:00,2023-12-01,2024-01-01,38,21,17,0.5526315789473685,100496.57933465282,0.0,0.012999999999999996,0.013999999999999995,60,0.0005
2023-12-27 01:00:00,2023-12-01,2024-01-01,38,21,17,0.5526315789473685,100496.57933465282,0.0,0.012999999999999996,0.013999999999999995,60,0.0005
2023-12-27 02:00:00,2023-12-01,2024-01-01,38,21,17,0.5526315789473685,100496.57933465282,0.0,0.012999999999999996,0.013999999999999995,60,0.0005
2023-12-27 03:00:00,2023-12-01,2024-01-01,38,21,17,0.5526315789473685,100496.57933465282,0.0,0.012999999999999996,0.013999999999999995,60,0.0005
2023-12-27 04:00:00,2023-12-01,2024-01-01,38,21,17,0.5526315789473685,100496.57933465282,0.0,0.012999999999999996,0.013999999999999995,60,0.0005
2023-12-27 05:00:00,2023-12-01,2024-01-01,38,21,17,0.5526315789473685,100496.57933465282,0.0,0.012999999999999996,0.013999999999999995,60,0.0005
2023-12-28 02:00:00,2023-12-01,2024-01-01,38,21,17,0.5526315789473685,100496.57933465282,2.4733071312956496,0.012999999999999996,0.013999999999999995,60,0.0005
2023-12-28 08:00:00,2023-12-01,2024-01-01,38,21,17,0.5526315789473685,100496.57933465282,2.4733071312956496,0.012999999999999996,0.013999999999999995,60,0.0005
2023-12-28 09:00:00,2023-12-01,2024-01-01,38,21,17,0.5526315789473685,100496.57933465282,2.4733071312956496,0.012999999999999996,0.013999999999999995,60,0.0005
2023-12-28 10:00:00,2023-12-01,2024-01-01,38,21,17,0.5526315789473685,100496.57933465282,2.4733071312956496,0.012999999999999996,0.013999999999999995,60,0.0005
2023-12-28 11:00:00,2023-12-01,2024-01-01,38,21,17,0.5526315789473685,100496.57933465282,2.4733071312956496,0.012999999999999996,0.013999999999999995,60,0.0005
2023-12-28 12:00:00,2023-12-01,2024-01-01,38,21,17,0.5526315789473685,100496.57933465282,2.4733071312956496,0.012999999999999996,0.013999999999999995,60,0.0005
2023-12-28 13:00:00,2023-12-01,2024-01-01,38,21,17,0.5526315789473685,100496.57933465282,2.4733071312956496,0.012999999999999996,0.013999999999999995,60,0.0005
2023-12-28 14:00:00,2023-12-01,2024-01-01,38,21,17,0.5526315789473685,100496.57933465282,2.4733071312956496,0.012999999999999996,0.013999999999999995,60,0.0005
2023-12-28 15:00:00,2023-12-01,2024-01-01,38,21,17,0.5526315789473685,100496.57933465282,2.4733071312956496,0.012999999999999996,0.013999999999999995,60,0.0005
2023-12-29 08:00:00,2023-12-01,2024-01-01,38,21,17,0.5526315789473685,100496.57933465282,1.229100130000001,0.012999999999999996,0.013999999999999995,60,0.0005
2023-12-29 09:00:00,2023-12-01,2024-01-01,38,21,17,0.5526315789473685,100496.57933465282,1.229100130000001,0.012999999999999996,0.013999999999999995,60,0.0005
2023-12-29 10:00:00,2023-12-01,2024-01-01,38,21,17,0.5526315789473685,100496.57933465282,1.229100130000001,0.012999999999999996,0.013999999999999995,60,0.0005
2023-12-29 11:00:00,2023-12-01,2024-01-01,38,21,17,0.5526315789473685,100496.57933465282,1.229100130000001,0.012999999999999996,0.013999999999999995,60,0.0005
2023-12-29 12:00:00,2023-12-01,2024-01-01,38,21,17,0.5526315789473685,100496.57933465282,1.229100130000001,0.012999999999999996,0.013999999999999995,60,0.0005
2023-12-30 07:00:00,2023-12-01,2024-01-01,38,21,17,0.5526315789473685,100496.57933465282,-1.4690101399999944,0.012999999999999996,0.013999999999999995,60,0.0005
2023-12-30 08:00:00,2023-12-01,2024-01-01,38,21,17,0.5526315789473685,100496.57933465282,-1.4690101399999944,0.012999999999999996,0.013999999999999995,60,0.0005
2023-12-30 09:00:00,2023-12-01,2024-01-01,38,21,17,0.5526315789473685,100496.57933465282,-1.4690101399999944,0.012999999999999996,0.013999999999999995,60,0.0005
2023-12-30 10:00:00,2023-12-01,2024-01-01,38,21,17,0.5526315789473685,100496.57933465282,-1.4690101399999944,0.012999999999999996,0.013999999999999995,60,0.0005
2023-12-30 11:00:00,2023-12-01,2024-01-01,38,21,17,0.5526315789473685,100496.57933465282,-1.4690101399999944,0.012999999999999996,0.013999999999999995,60,0.0005
2023-12-30 12:00:00,2023-12-01,2024-01-01,38,21,17,0.5526315789473685,100496.57933465282,-1.4690101399999944,0.012999999999999996,0.013999999999999995,60,0.0005
2024-01-01 00:00:00,2024-01-01,2024-02-01,45,19,26,0.4222222222222222,99759.22136382396,0.3467869622387807,0.013999999999999995,0.009,60,0.0005
2024-01-01 01:00:00,2024-01-01,2024-02-01,45,19,26,0.4222222222222222,99759.22136382396,0.3467869622387807,0.013999999999999995,0.009,60,0.0005
2024-01-01 02:00:00,2024-01-01,2024-02-01,45,19,26,0.4222222222222222,99759.22136382396,0.3467869622387807,0.013999999999999995,0.009,60,0.0005
2024-01-01 03:00:00,2024-01-01,2024-02-01,45,19,26,0.4222222222222222,99759.22136382396,0.3467869622387807,0.013999999999999995,0.009,60,0.0005
2024-01-01 04:00:00,2024-01-01,2024-02-01,45,19,26,0.4222222222222222,99759.22136382396,0.3467869622387807,0.013999999999999995,0.009,60,0.0005
2024-01-01 05:00:00,2024-01-01,2024-02-01,45,19,26,0.4222222222222222,99759.22136382396,0.3467869622387807,0.013999999999999995,0.009,60,0.0005
2024-01-01 16:00:00,2024-01-01,2024-02-01,45,19,26,0.4222222222222222,99759.22136382396,0.3467869622387807,0.013999999999999995,0.009,60,0.0005
2024-01-01 17:00:00,2024-01-01,2024-02-01,45,19,26,0.4222222222222222,99759.22136382396,0.3467869622387807,0.013999999999999995,0.009,60,0.0005
2024-01-01 18:00:00,2024-01-01,2024-02-01,45,19,26,0.4222222222222222,99759.22136382396,0.3467869622387807,0.013999999999999995,0.009,60,0.0005
2024-01-01 19:00:00,2024-01-01,2024-02-01,45,19,26,0.4222222222222222,99759.22136382396,0.3467869622387807,0.013999999999999995,0.009,60,0.0005
2024-01-02 00:00:00,2024-01-01,2024-02-01,45,19,26,0.4222222222222222,99759.22136382396,-1.9293235901591297,0.013999999999999995,0.009,60,0.0005
2024-01-02 01:00:00,2024-01-01,2024-02-01,45,19,26,0.4222222222222222,99759.22136382396,-1.9293235901591297,0.013999999999999995,0.009,60,0.0005
2024-01-02 02:00:00,2024-01-01,2024-02-01,45,19,26,0.4222222222222222,99759.22136382396,-1.9293235901591297,0.013999999999999995,0.009,60,0.0005
2024-01-02 22:00:00,2024-01-01,2024-02-01,45,19,26,0.4222222222222222,99759.22136382396,-1.9293235901591297,0.013999999999999995,0.009,60,0.0005
2024-01-02 23:00:00,2024-01-01,2024-02-01,45,19,26,0.4222222222222222,99759.22136382396,-1.9293235901591297,0.013999999999999995,0.009,60,0.0005
2024-01-03 00:00:00,2024-01-01,2024-02-01,45,19,26,0.4222222222222222,99759.22136382396,0.34678696223878164,0.013999999999999995,0.009,60,0.0005
2024-01-03 01:00:00,2024-01-01,2024-02-01,45,19,26,0.4222222222222222,99759.22136382396,0.34678696223878164,0.013999999999999995,0.009,60,0.0005
2024-01-03 02:00:00,2024-01-01,2024-02-01,45,19,26,0.4222222222222222,99759.22136382396,0.34678696223878164,0.013999999999999995,0.009,60,0.0005
2024-01-03 03:00:00,2024-01-01,2024-02-01,45,19,26,0.4222222222222222,99759.22136382396,0.34678696223878164,0.013999999999999995,0.009,60,0.0005
2024-01-03 04:00:00,2024-01-01,2024-02-01,45,19,26,0.4222222222222222,99759.22136382396,0.34678696223878164,0.013999999999999995,0.009,60,0.0005
2024-01-03 05:00:00,2024-01-01,2024-02-01,45,19,26,0.4222222222222222,99759.22136382396,0.34678696223878164,0.013999999999999995,0.009,60,0.0005
2024-01-03 06:00:00,2024-01-01,2024-02-01,45,19,26,0.4222222222222222,99759.22136382396,0.34678696223878164,0.013999999999999995,0.009,60,0.0005
2024-01-03 16:00:00,2024-01-01,2024-02-01,45,19,26,0.4222222222222222,99759.22136382396,0.34678696223878164,0.013999999999999995,0.009,60,0.0005
2024-01-03 17:00:00,2024-01-01,2024-02-01,45,19,26,0.4222222222222222,99759.22136382396,0.34678696223878164,0.013999999999999995,0.009,60,0.0005
2024-01-03 18:00:00,2024-01-01,2024-02-01,45,19,26,0.4222222222222222,99759.22136382396,0.34678696223878164,0.013999999999999995,0.009,60,0.0005
2024-01-03 19:00:00,2024-01-01,2024-02-01,45,19,26,0.4222222222222222,99759.22136382396,0.34678696223878164,0.013999999999999995,0.009,60,0.0005
2024-01-05 00:00:00,2024-01-01,2024-02-01,45,19,26,0.4222222222222222,99759.22136382396,0.34678696223879185,0.013999999999999995,0.009,60,0.0005
2024-01-05 01:00:00,2024-01-01,2024-02-01,45,19,26,0.4222222222222222,99759.22136382396,0.34678696223879185,0.013999999999999995,0.009,60,0.0005
2024-01-05 02:00:00,2024-01-01,2024-02-01,45,19,26,0.4222222222222222,99759.22136382396,0.34678696223879185,0.013999999999999995,0.009,60,0.0005
2024-01-05 03:00:00,2024-01-01,2024-02-01,45,19,26,0.4222222222222222,99759.22136382396,0.34678696223879185,0.013999999999999995,0.009,60,0.0005
2024-01-05 04:00:00,2024-01-01,2024-02-01,45,19,26,0.4222222222222222,99759.22136382396,0.34678696223879185,0.013999999999999995,0.009,60,0.0005
2024-01-06 00:00:00,2024-01-01,2024-02-01,45,19,26,0.4222222222222222,99759.22136382396,0.3467869622387926,0.013999999999999995,0.009,60,0.0005
2024-01-06 01:00:00,2024-01-01,2024-02-01,45,19,26,0.4222222222222222,99759.22136382396,0.3467869622387926,0.013999999999999995,0.009,60,0.0005
2024-01-06 02:00:00,2024-01-01,2024-02-01,45,19,26,0.4222222222222222,99759.22136382396,0.3467869622387926,0.013999999999999995,0.009,60,0.0005
2024-01-06 04:00:00,2024-01-01,2024-02-01,45,19,26,0.4222222222222222,99759.22136382396,0.3467869622387926,0.013999999999999995,0.009,60,0.0005
2024-01-06 20:00:00,2024-01-01,2024-02-01,45,19,26,0.4222222222222222,99759.22136382396,0.3467869622387926,0.013999999999999995,0.009,60,0.0005
2024-01-06 21:00:00,2024-01-01,2024-02-01,45,19,26,0.4222222222222222,99759.22136382396,0.3467869622387926,0.013999999999999995,0.009,60,0.0005
2024-01-06 22:00:00,2024-01-01,2024-02-01,45,19,26,0.4222222222222222,99759.22136382396,0.3467869622387926,0.013999999999999995,0.009,60,0.0005
2024-01-06 23:00:00,2024-01-01,2024-02-01,45,19,26,0.4222222222222222,99759.22136382396,0.3467869622387926,0.013999999999999995,0.009,60,0.0005
2024-01-07 00:00:00,2024-01-01,2024-02-01,45,19,26,0.4222222222222222,99759.22136382396,0.3467869622387826,0.013999999999999995,0.009,60,0.0005
2024-01-07 01:00:00,2024-01-01,2024-02-01,45,19,26,0.4222222222222222,99759.22136382396,0.3467869622387826,0.013999999999999995,0.009,60,0.0005
2024-01-07 04:00:00,2024-01-01,2024-02-01,45,19,26,0.4222222222222222,99759.22136382396,0.3467869622387826,0.013999999999999995,0.009,60,0.0005
2024-01-07 05:00:00,2024-01-01,2024-02-01,45,19,26,0.4222222222222222,99759.22136382396,0.3467869622387826,0.013999999999999995,0.009,60,0.0005
2024-01-07 06:00:00,2024-01-01,2024-02-01,45,19,26,0.4222222222222222,99759.22136382396,0.3467869622387826,0.013999999999999995,0.009,60,0.0005
2024-01-07 07:00:00,2024-01-01,2024-02-01,45,19,26,0.4222222222222222,99759.22136382396,0.3467869622387826,0.013999999999999995,0.009,60,0.0005
2024-01-07 23:00:00,2024-01-01,2024-02-01,45,19,26,0.4222222222222222,99759.22136382396,0.3467869622387826,0.013999999999999995,0.009,60,0.0005
2024-01-08 00:00:00,2024-01-01,2024-02-01,45,19,26,0.4222222222222222,99759.22136382396,2.6757234911302903,0.013999999999999995,0.009,60,0.0005
2024-01-08 01:00:00,2024-01-01,2024-02-01,45,19,26,0.4222222222222222,99759.22136382396,2.6757234911302903,0.013999999999999995,0.009,60,0.0005
2024-01-08 02:00:00,2024-01-01,2024-02-01,45,19,26,0.4222222222222222,99759.22136382396,2.6757234911302903,0.013999999999999995,0.009,60,0.0005
2024-01-08 03:00:00,2024-01-01,2024-02-01,45,19,26,0.4222222222222222,99759.22136382396,2.6757234911302903,0.013999999999999995,0.009,60,0.0005
2024-01-08 04:00:00,2024-01-01,2024-02-01,45,19,26,0.4222222222222222,99759.22136382396,2.6757234911302903,0.013999999999999995,0.009,60,0.0005
2024-01-08 05:00:00,2024-01-01,2024-02-01,45,19,26,0.4222222222222222,99759.22136382396,2.6757234911302903,0.013999999999999995,0.009,60,0.0005
2024-01-08 06:00:00,2024-01-01,2024-02-01,45,19,26,0.4222222222222222,99759.22136382396,2.6757234911302903,0.013999999999999995,0.009,60,0.0005
2024-01-08 20:00:00,2024-01-01,2024-02-01,45,19,26,0.4222222222222222,99759.22136382396,2.6757234911302903,0.013999999999999995,0.009,60,0.0005
2024-01-08 21:00:00,2024-01-01,2024-02-01,45,19,26,0.4222222222222222,99759.22136382396,2.6757234911302903,0.013999999999999995,0.009,60,0.0005
2024-01-08 22:00:00,2024-01-01,2024-02-01,45,19,26,0.4222222222222222,99759.22136382396,2.6757234911302903,0.013999999999999995,0.009,60,0.0005
2024-01-08 23:00:00,2024-01-01,2024-02-01,45,19,26,0.4222222222222222,99759.22136382396,2.6757234911302903,0.013999999999999995,0.009,60,0.0005
2024-01-09 00:00:00,2024-01-01,2024-02-01,45,19,26,0.4222222222222222,99759.22136382396,0.0,0.013999999999999995,0.009,60,0.0005
2024-01-09 01:00:00,2024-01-01,2024-02-01,45,19,26,0.4222222222222222,99759.22136382396,0.0,0.013999999999999995,0.009,60,0.0005
2024-01-09 02:00:00,2024-01-01,2024-02-01,45,19,26,0.4222222222222222,99759.22136382396,0.0,0.013999999999999995,0.009,60,0.0005
2024-01-09 03:00:00,2024-01-01,2024-02-01,45,19,26,0.4222222222222222,99759.22136382396,0.0,0.013999999999999995,0.009,60,0.0005
2024-01-09 04:00:00,2024-01-01,2024-02-01,45,19,26,0.4222222222222222,99759.22136382396,0.0,0.013999999999999995,0.009,60,0.0005
2024-01-10 16:00:00,2024-01-01,2024-02-01,45,19,26,0.4222222222222222,99759.22136382396,-0.6259347421704677,0.013999999999999995,0.009,60,0.0005
2024-01-10 17:00:00,2024-01-01,2024-02-01,45,19,26,0.4222222222222222,99759.22136382396,-0.6259347421704677,0.013999999999999995,0.009,60,0.0005
2024-01-10 18:00:00,2024-01-01,2024-02-01,45,19,26,0.4222222222222222,99759.22136382396,-0.6259347421704677,0.013999999999999995,0.009,60,0.0005
2024-01-10 19:00:00,2024-01-01,2024-02-01,45,19,26,0.4222222222222222,99759.22136382396,-0.6259347421704677,0.013999999999999995,0.009,60,0.0005
2024-01-10 20:00:00,2024-01-01,2024-02-01,45,19,26,0.4222222222222222,99759.22136382396,-0.6259347421704677,0.013999999999999995,0.009,60,0.0005
2024-01-11 16:00:00,2024-01-01,2024-02-01,45,19,26,0.4222222222222222,99759.22136382396,0.34678696223878985,0.013999999999999995,0.009,60,0.0005
2024-01-11 17:00:00,2024-01-01,2024-02-01,45,19,26,0.4222222222222222,99759.22136382396,0.34678696223878985,0.013999999999999995,0.009,60,0.0005
2024-01-11 18:00:00,2024-01-01,2024-02-01,45,19,26,0.4222222222222222,99759.22136382396,0.34678696223878985,0.013999999999999995,0.009,60,0.0005
2024-01-11 19:00:00,2024-01-01,2024-02-01,45,19,26,0.4222222222222222,99759.22136382396,0.34678696223878985,0.013999999999999995,0.009,60,0.0005
2024-01-12 16:00:00,2024-01-01,2024-02-01,45,19,26,0.4222222222222222,99759.22136382396,1.3290301400000173,0.013999999999999995,0.009,60,0.0005
2024-01-12 17:00:00,2024-01-01,2024-02-01,45,19,26,0.4222222222222222,99759.22136382396,1.3290301400000173,0.013999999999999995,0.009,60,0.0005
2024-01-12 18:00:00,2024-01-01,2024-02-01,45,19,26,0.4222222222222222,99759.22136382396,1.3290301400000173,0.013999999999999995,0.009,60,0.0005
2024-01-12 19:00:00,2024-01-01,2024-02-01,45,19,26,0.4222222222222222,99759.22136382396,1.3290301400000173,0.013999999999999995,0.009,60,0.0005
2024-01-12 20:00:00,2024-01-01,2024-02-01,45,19,26,0.4222222222222222,99759.22136382396,1.3290301400000173,0.013999999999999995,0.009,60,0.0005
2024-01-14 01:00:00,2024-01-01,2024-02-01,45,19,26,0.4222222222222222,99759.22136382396,1.3290301400000069,0.013999999999999995,0.009,60,0.0005
2024-01-14 02:00:00,2024-01-01,2024-02-01,45,19,26,0.4222222222222222,99759.22136382396,1.3290301400000069,0.013999999999999995,0.009,60,0.0005
2024-01-14 08:00:00,2024-01-01,2024-02-01,45,19,26,0.4222222222222222,99759.22136382396,1.3290301400000069,0.013999999999999995,0.009,60,0.0005
2024-01-14 09:00:00,2024-01-01,2024-02-01,45,19,26,0.4222222222222222,99759.22136382396,1.3290301400000069,0.013999999999999995,0.009,60,0.0005
2024-01-14 10:00:00,2024-01-01,2024-02-01,45,19,26,0.4222222222222222,99759.22136382396,1.3290301400000069,0.013999999999999995,0.009,60,0.0005
2024-01-15 00:00:00,2024-01-01,2024-02-01,45,19,26,0.4222222222222222,99759.22136382396,-2.87998158726917,0.013999999999999995,0.009,60,0.0005
2024-01-15 01:00:00,2024-01-01,2024-02-01,45,19,26,0.4222222222222222,99759.22136382396,-2.87998158726917,0.013999999999999995,0.009,60,0.0005
2024-01-15 16:00:00,2024-01-01,2024-02-01,45,19,26,0.4222222222222222,99759.22136382396,-2.87998158726917,0.013999999999999995,0.009,60,0.0005
2024-01-15 17:00:00,2024-01-01,2024-02-01,45,19,26,0.4222222222222222,99759.22136382396,-2.87998158726917,0.013999999999999995,0.009,60,0.0005
2024-01-15 22:00:00,2024-01-01,2024-02-01,45,19,26,0.4222222222222222,99759.22136382396,-2.87998158726917,0.013999999999999995,0.009,60,0.0005
2024-01-15 23:00:00,2024-01-01,2024-02-01,45,19,26,0.4222222222222222,99759.22136382396,-2.87998158726917,0.013999999999999995,0.009,60,0.0005
2024-01-16 16:00:00,2024-01-01,2024-02-01,45,19,26,0.4222222222222222,99759.22136382396,-1.9293235901591352,0.013999999999999995,0.009,60,0.0005
2024-01-16 17:00:00,2024-01-01,2024-02-01,45,19,26,0.4222222222222222,99759.22136382396,-1.9293235901591352,0.013999999999999995,0.009,60,0.0005
2024-01-16 18:00:00,2024-01-01,2024-02-01,45,19,26,0.4222222222222222,99759.22136382396,-1.9293235901591352,0.013999999999999995,0.009,60,0.0005
2024-01-16 19:00:00,2024-01-01,2024-02-01,45,19,26,0.4222222222222222,99759.22136382396,-1.9293235901591352,0.013999999999999995,0.009,60,0.0005
2024-01-16 20:00:00,2024-01-01,2024-02-01,45,19,26,0.4222222222222222,99759.22136382396,-1.9293235901591352,0.013999999999999995,0.009,60,0.0005
2024-01-16 21:00:00,2024-01-01,2024-02-01,45,19,26,0.4222222222222222,99759.22136382396,-1.9293235901591352,0.013999999999999995,0.009,60,0.0005
2024-01-16 22:00:00,2024-01-01,2024-02-01,45,19,26,0.4222222222222222,99759.22136382396,-1.9293235901591352,0.013999999999999995,0.009,60,0.0005
2024-01-17 00:00:00,2024-01-01,2024-02-01,45,19,26,0.4222222222222222,99759.22136382396,1.329030140000012,0.013999999999999995,0.009,60,0.0005
2024-01-17 01:00:00,2024-01-01,2024-02-01,45,19,26,0.4222222222222222,99759.22136382396,1.329030140000012,0.013999999999999995,0.009,60,0.0005
2024-01-17 20:00:00,2024-01-01,2024-02-01,45,19,26,0.4222222222222222,99759.22136382396,1.329030140000012,0.013999999999999995,0.009,60,0.0005
2024-01-17 21:00:00,2024-01-01,2024-02-01,45,19,26,0.4222222222222222,99759.22136382396,1.329030140000012,0.013999999999999995,0.009,60,0.0005
2024-01-17 22:00:00,2024-01-01,2024-02-01,45,19,26,0.4222222222222222,99759.22136382396,1.329030140000012,0.013999999999999995,0.009,60,0.0005
2024-01-17 23:00:00,2024-01-01,2024-02-01,45,19,26,0.4222222222222222,99759.22136382396,1.329030140000012,0.013999999999999995,0.009,60,0.0005
2024-01-18 00:00:00,2024-01-01,2024-02-01,45,19,26,0.4222222222222222,99759.22136382396,1.6804260054885283,0.013999999999999995,0.009,60,0.0005
2024-01-18 01:00:00,2024-01-01,2024-02-01,45,19,26,0.4222222222222222,99759.22136382396,1.6804260054885283,0.013999999999999995,0.009,60,0.0005
2024-01-18 02:00:00,2024-01-01,2024-02-01,45,19,26,0.4222222222222222,99759.22136382396,1.6804260054885283,0.013999999999999995,0.009,60,0.0005
2024-01-18 03:00:00,2024-01-01,2024-02-01,45,19,26,0.4222222222222222,99759.22136382396,1.6804260054885283,0.013999999999999995,0.009,60,0.0005
2024-01-18 04:00:00,2024-01-01,2024-02-01,45,19,26,0.4222222222222222,99759.22136382396,1.6804260054885283,0.013999999999999995,0.009,60,0.0005
2024-01-18 05:00:00,2024-01-01,2024-02-01,45,19,26,0.4222222222222222,99759.22136382396,1.6804260054885283,0.013999999999999995,0.009,60,0.0005
2024-01-18 06:00:00,2024-01-01,2024-02-01,45,19,26,0.4222222222222222,99759.22136382396,1.6804260054885283,0.013999999999999995,0.009,60,0.0005
2024-01-18 07:00:00,2024-01-01,2024-02-01,45,19,26,0.4222222222222222,99759.22136382396,1.6804260054885283,0.013999999999999995,0.009,60,0.0005
2024-01-18 08:00:00,2024-01-01,2024-02-01,45,19,26,0.4222222222222222,99759.22136382396,1.6804260054885283,0.013999999999999995,0.009,60,0.0005
2024-01-18 09:00:00,2024-01-01,2024-02-01,45,19,26,0.4222222222222222,99759.22136382396,1.6804260054885283,0.013999999999999995,0.009,60,0.0005
2024-01-18 10:00:00,2024-01-01,2024-02-01,45,19,26,0.4222222222222222,99759.22136382396,1.6804260054885283,0.013999999999999995,0.009,60,0.0005
2024-01-18 11:00:00,2024-01-01,2024-02-01,45,19,26,0.4222222222222222,99759.22136382396,1.6804260054885283,0.013999999999999995,0.009,60,0.0005
2024-01-18 17:00:00,2024-01-01,2024-02-01,45,19,26,0.4222222222222222,99759.22136382396,1.6804260054885283,0.013999999999999995,0.009,60,0.0005
2024-01-18 18:00:00,2024-01-01,2024-02-01,45,19,26,0.4222222222222222,99759.22136382396,1.6804260054885283,0.013999999999999995,0.009,60,0.0005
2024-01-18 19:00:00,2024-01-01,2024-02-01,45,19,26,0.4222222222222222,99759.22136382396,1.6804260054885283,0.013999999999999995,0.009,60,0.0005
2024-01-18 20:00:00,2024-01-01,2024-02-01,45,19,26,0.4222222222222222,99759.22136382396,1.6804260054885283,0.013999999999999995,0.009,60,0.0005
2024-01-18 21:00:00,2024-01-01,2024-02-01,45,19,26,0.4222222222222222,99759.22136382396,1.6804260054885283,0.013999999999999995,0.009,60,0.0005
2024-01-18 22:00:00,2024-01-01,2024-02-01,45,19,26,0.4222222222222222,99759.22136382396,1.6804260054885283,0.013999999999999995,0.009,60,0.0005
2024-01-18 23:00:00,2024-01-01,2024-02-01,45,19,26,0.4222222222222222,99759.22136382396,1.6804260054885283,0.013999999999999995,0.009,60,0.0005
2024-01-19 04:00:00,2024-01-01,2024-02-01,45,19,26,0.4222222222222222,99759.22136382396,-0.9693600899999935,0.013999999999999995,0.009,60,0.0005
2024-01-20 00:00:00,2024-01-01,2024-02-01,45,19,26,0.4222222222222222,99759.22136382396,0.34678696223880473,0.013999999999999995,0.009,60,0.0005
2024-01-20 08:00:00,2024-01-01,2024-02-01,45,19,26,0.4222222222222222,99759.22136382396,0.34678696223880473,0.013999999999999995,0.009,60,0.0005
2024-01-20 09:00:00,2024-01-01,2024-02-01,45,19,26,0.4222222222222222,99759.22136382396,0.34678696223880473,0.013999999999999995,0.009,60,0.0005
2024-01-20 10:00:00,2024-01-01,2024-02-01,45,19,26,0.4222222222222222,99759.22136382396,0.34678696223880473,0.013999999999999995,0.009,60,0.0005
2024-01-20 11:00:00,2024-01-01,2024-02-01,45,19,26,0.4222222222222222,99759.22136382396,0.34678696223880473,0.013999999999999995,0.009,60,0.0005
2024-01-20 12:00:00,2024-01-01,2024-02-01,45,19,26,0.4222222222222222,99759.22136382396,0.34678696223880473,0.013999999999999995,0.009,60,0.0005
2024-01-20 13:00:00,2024-01-01,2024-02-01,45,19,26,0.4222222222222222,99759.22136382396,0.34678696223880473,0.013999999999999995,0.009,60,0.0005
2024-01-20 14:00:00,2024-01-01,2024-02-01,45,19,26,0.4222222222222222,99759.22136382396,0.34678696223880473,0.013999999999999995,0.009,60,0.0005
2024-01-21 15:00:00,2024-01-01,2024-02-01,45,19,26,0.4222222222222222,99759.22136382396,0.0,0.013999999999999995,0.009,60,0.0005
2024-01-21 16:00:00,2024-01-01,2024-02-01,45,19,26,0.4222222222222222,99759.22136382396,0.0,0.013999999999999995,0.009,60,0.0005
2024-01-21 17:00:00,2024-01-01,2024-02-01,45,19,26,0.4222222222222222,99759.22136382396,0.0,0.013999999999999995,0.009,60,0.0005
2024-01-21 18:00:00,2024-01-01,2024-02-01,45,19,26,0.4222222222222222,99759.22136382396,0.0,0.013999999999999995,0.009,60,0.0005
2024-01-21 19:00:00,2024-01-01,2024-02-01,45,19,26,0.4222222222222222,99759.22136382396,0.0,0.013999999999999995,0.009,60,0.0005
2024-01-21 20:00:00,2024-01-01,2024-02-01,45,19,26,0.4222222222222222,99759.22136382396,0.0,0.013999999999999995,0.009,60,0.0005
2024-01-21 21:00:00,2024-01-01,2024-02-01,45,19,26,0.4222222222222222,99759.22136382396,0.0,0.013999999999999995,0.009,60,0.0005
2024-01-22 00:00:00,2024-01-01,2024-02-01,45,19,26,0.4222222222222222,99759.22136382396,1.3290301400000033,0.013999999999999995,0.009,60,0.0005
2024-01-22 01:00:00,2024-01-01,2024-02-01,45,19,26,0.4222222222222222,99759.22136382396,1.3290301400000033,0.013999999999999995,0.009,60,0.0005
2024-01-22 17:00:00,2024-01-01,2024-02-01,45,19,26,0.4222222222222222,99759.22136382396,1.3290301400000033,0.013999999999999995,0.009,60,0.0005
2024-01-22 18:00:00,2024-01-01,2024-02-01,45,19,26,0.4222222222222222,99759.22136382396,1.3290301400000033,0.013999999999999995,0.009,60,0.0005
2024-01-23 16:00:00,2024-01-01,2024-02-01,45,19,26,0.4222222222222222,99759.22136382396,-0.9693600899999917,0.013999999999999995,0.009,60,0.0005
2024-01-23 17:00:00,2024-01-01,2024-02-01,45,19,26,0.4222222222222222,99759.22136382396,-0.9693600899999917,0.013999999999999995,0.009,60,0.0005
2024-01-23 18:00:00,2024-01-01,2024-02-01,45,19,26,0.4222222222222222,99759.22136382396,-0.9693600899999917,0.013999999999999995,0.009,60,0.0005
2024-01-23 19:00:00,2024-01-01,2024-02-01,45,19,26,0.4222222222222222,99759.22136382396,-0.9693600899999917,0.013999999999999995,0.009,60,0.0005
2024-01-24 16:00:00,2024-01-01,2024-02-01,45,19,26,0.4222222222222222,99759.22136382396,-0.969360089999992,0.013999999999999995,0.009,60,0.0005
2024-01-24 17:00:00,2024-01-01,2024-02-01,45,19,26,0.4222222222222222,99759.22136382396,-0.969360089999992,0.013999999999999995,0.009,60,0.0005
2024-01-25 12:00:00,2024-01-01,2024-02-01,45,19,26,0.4222222222222222,99759.22136382396,-0.9693600899999861,0.013999999999999995,0.009,60,0.0005
2024-01-25 13:00:00,2024-01-01,2024-02-01,45,19,26,0.4222222222222222,99759.22136382396,-0.9693600899999861,0.013999999999999995,0.009,60,0.0005
2024-01-25 14:00:00,2024-01-01,2024-02-01,45,19,26,0.4222222222222222,99759.22136382396,-0.9693600899999861,0.013999999999999995,0.009,60,0.0005
2024-01-26 00:00:00,2024-01-01,2024-02-01,45,19,26,0.4222222222222222,99759.22136382396,1.3290301400000044,0.013999999999999995,0.009,60,0.0005
2024-01-26 01:00:00,2024-01-01,2024-02-01,45,19,26,0.4222222222222222,99759.22136382396,1.3290301400000044,0.013999999999999995,0.009,60,0.0005
2024-01-26 16:00:00,2024-01-01,2024-02-01,45,19,26,0.4222222222222222,99759.22136382396,1.3290301400000044,0.013999999999999995,0.009,60,0.0005
2024-01-26 17:00:00,2024-01-01,2024-02-01,45,19,26,0.4222222222222222,99759.22136382396,1.3290301400000044,0.013999999999999995,0.009,60,0.0005
2024-01-26 18:00:00,2024-01-01,2024-02-01,45,19,26,0.4222222222222222,99759.22136382396,1.3290301400000044,0.013999999999999995,0.009,60,0.0005
2024-01-26 19:00:00,2024-01-01,2024-02-01,45,19,26,0.4222222222222222,99759.22136382396,1.3290301400000044,0.013999999999999995,0.009,60,0.0005
2024-01-27 00:00:00,2024-01-01,2024-02-01,45,19,26,0.4222222222222222,99759.22136382396,0.3467869622387793,0.013999999999999995,0.009,60,0.0005
2024-01-27 01:00:00,2024-01-01,2024-02-01,45,19,26,0.4222222222222222,99759.22136382396,0.3467869622387793,0.013999999999999995,0.009,60,0.0005
2024-01-27 16:00:00,2024-01-01,2024-02-01,45,19,26,0.4222222222222222,99759.22136382396,0.3467869622387793,0.013999999999999995,0.009,60,0.0005
2024-01-28 00:00:00,2024-01-01,2024-02-01,45,19,26,0.4222222222222222,99759.22136382396,-0.9693600900000028,0.013999999999999995,0.009,60,0.0005
2024-01-28 01:00:00,2024-01-01,2024-02-01,45,19,26,0.4222222222222222,99759.22136382396,-0.9693600900000028,0.013999999999999995,0.009,60,0.0005
2024-01-28 02:00:00,2024-01-01,2024-02-01,45,19,26,0.4222222222222222,99759.22136382396,-0.9693600900000028,0.013999999999999995,0.009,60,0.0005
2024-01-28 16:00:00,2024-01-01,2024-02-01,45,19,26,0.4222222222222222,99759.22136382396,-0.9693600900000028,0.013999999999999995,0.009,60,0.0005
2024-01-28 17:00:00,2024-01-01,2024-02-01,45,19,26,0.4222222222222222,99759.22136382396,-0.9693600900000028,0.013999999999999995,0.009,60,0.0005
2024-01-28 18:00:00,2024-01-01,2024-02-01,45,19,26,0.4222222222222222,99759.22136382396,-0.9693600900000028,0.013999999999999995,0.009,60,0.0005
2024-01-28 19:00:00,2024-01-01,2024-02-01,45,19,26,0.4222222222222222,99759.22136382396,-0.9693600900000028,0.013999999999999995,0.009,60,0.0005
2024-01-28 20:00:00,2024-01-01,2024-02-01,45,19,26,0.4222222222222222,99759.22136382396,-0.9693600900000028,0.013999999999999995,0.009,60,0.0005
2024-01-28 21:00:00,2024-01-01,2024-02-01,45,19,26,0.4222222222222222,99759.22136382396,-0.9693600900000028,0.013999999999999995,0.009,60,0.0005
2024-01-30 08:00:00,2024-01-01,2024-02-01,45,19,26,0.4222222222222222,99759.22136382396,-1.929323590159147,0.013999999999999995,0.009,60,0.0005
2024-01-30 09:00:00,2024-01-01,2024-02-01,45,19,26,0.4222222222222222,99759.22136382396,-1.929323590159147,0.013999999999999995,0.009,60,0.0005
2024-01-30 11:00:00,2024-01-01,2024-02-01,45,19,26,0.4222222222222222,99759.22136382396,-1.929323590159147,0.013999999999999995,0.009,60,0.0005
2024-01-30 16:00:00,2024-01-01,2024-02-01,45,19,26,0.4222222222222222,99759.22136382396,-1.929323590159147,0.013999999999999995,0.009,60,0.0005
2024-01-30 17:00:00,2024-01-01,2024-02-01,45,19,26,0.4222222222222222,99759.22136382396,-1.929323590159147,0.013999999999999995,0.009,60,0.0005
2024-01-30 18:00:00,2024-01-01,2024-02-01,45,19,26,0.4222222222222222,99759.22136382396,-1.929323590159147,0.013999999999999995,0.009,60,0.0005
2024-01-30 19:00:00,2024-01-01,2024-02-01,45,19,26,0.4222222222222222,99759.22136382396,-1.929323590159147,0.013999999999999995,0.009,60,0.0005
2024-01-30 20:00:00,2024-01-01,2024-02-01,45,19,26,0.4222222222222222,99759.22136382396,-1.929323590159147,0.013999999999999995,0.009,60,0.0005
2024-01-30 21:00:00,2024-01-01,2024-02-01,45,19,26,0.4222222222222222,99759.22136382396,-1.929323590159147,0.013999999999999995,0.009,60,0.0005
2024-01-30 22:00:00,2024-01-01,2024-02-01,45,19,26,0.4222222222222222,99759.22136382396,-1.929323590159147,0.013999999999999995,0.009,60,0.0005
2024-01-30 23:00:00,2024-01-01,2024-02-01,45,19,26,0.4222222222222222,99759.22136382396,-1.929323590159147,0.013999999999999995,0.009,60,0.0005
2024-01-31 00:00:00,2024-01-01,2024-02-01,45,19,26,0.4222222222222222,99759.22136382396,0.34678696223880245,0.013999999999999995,0.009,60,0.0005
2024-01-31 01:00:00,2024-01-01,2024-02-01,45,19,26,0.4222222222222222,99759.22136382396,0.34678696223880245,0.013999999999999995,0.009,60,0.0005
2024-01-31 16:00:00,2024-01-01,2024-02-01,45,19,26,0.4222222222222222,99759.22136382396,0.34678696223880245,0.013999999999999995,0.009,60,0.0005
2024-02-01 04:00:00,2024-02-01,2024-03-01,34,17,17,0.5,97408.85090235135,1.1291701199999953,0.011999999999999997,0.011999999999999997,110,0.00030000000000000003
2024-02-01 05:00:00,2024-02-01,2024-03-01,34,17,17,0.5,97408.85090235135,1.1291701199999953,0.011999999999999997,0.011999999999999997,110,0.00030000000000000003
2024-02-01 06:00:00,2024-02-01,2024-03-01,34,17,17,0.5,97408.85090235135,1.1291701199999953,0.011999999999999997,0.011999999999999997,110,0.00030000000000000003
2024-02-01 07:00:00,2024-02-01,2024-03-01,34,17,17,0.5,97408.85090235135,1.1291701199999953,0.011999999999999997,0.011999999999999997,110,0.00030000000000000003
2024-02-01 08:00:00,2024-02-01,2024-03-01,34,17,17,0.5,97408.85090235135,1.1291701199999953,0.011999999999999997,0.011999999999999997,110,0.00030000000000000003
2024-02-01 09:00:00,2024-02-01,2024-03-01,34,17,17,0.5,97408.85090235135,1.1291701199999953,0.011999999999999997,0.011999999999999997,110,0.00030000000000000003
2024-02-01 10:00:00,2024-02-01,2024-03-01,34,17,17,0.5,97408.85090235135,1.1291701199999953,0.011999999999999997,0.011999999999999997,110,0.00030000000000000003
2024-02-01 11:00:00,2024-02-01,2024-03-01,34,17,17,0.5,97408.85090235135,1.1291701199999953,0.011999999999999997,0.011999999999999997,110,0.00030000000000000003
2024-02-03 00:00:00,2024-02-01,2024-03-01,34,17,17,0.5,97408.85090235135,-1.2691501199999844,0.011999999999999997,0.011999999999999997,110,0.00030000000000000003
2024-02-04 04:00:00,2024-02-01,2024-03-01,34,17,17,0.5,97408.85090235135,0.0,0.011999999999999997,0.011999999999999997,110,0.00030000000000000003
2024-02-04 05:00:00,2024-02-01,2024-03-01,34,17,17,0.5,97408.85090235135,0.0,0.011999999999999997,0.011999999999999997,110,0.00030000000000000003
2024-02-04 06:00:00,2024-02-01,2024-03-01,34,17,17,0.5,97408.85090235135,0.0,0.011999999999999997,0.011999999999999997,110,0.00030000000000000003
2024-02-04 07:00:00,2024-02-01,2024-03-01,34,17,17,0.5,97408.85090235135,0.0,0.011999999999999997,0.011999999999999997,110,0.00030000000000000003
2024-02-04 08:00:00,2024-02-01,2024-03-01,34,17,17,0.5,97408.85090235135,0.0,0.011999999999999997,0.011999999999999997,110,0.00030000000000000003
2024-02-04 09:00:00,2024-02-01,2024-03-01,34,17,17,0.5,97408.85090235135,0.0,0.011999999999999997,0.011999999999999997,110,0.00030000000000000003
2024-02-04 10:00:00,2024-02-01,2024-03-01,34,17,17,0.5,97408.85090235135,0.0,0.011999999999999997,0.011999999999999997,110,0.00030000000000000003
2024-02-04 11:00:00,2024-02-01,2024-03-01,34,17,17,0.5,97408.85090235135,0.0,0.011999999999999997,0.011999999999999997,110,0.00030000000000000003
2024-02-04 12:00:00,2024-02-01,2024-03-01,34,17,17,0.5,97408.85090235135,0.0,0.011999999999999997,0.011999999999999997,110,0.00030000000000000003
2024-02-05 08:00:00,2024-02-01,2024-03-01,34,17,17,0.5,97408.85090235135,-2.522192819729029,0.011999999999999997,0.011999999999999997,110,0.00030000000000000003
2024-02-05 09:00:00,2024-02-01,2024-03-01,34,17,17,0.5,97408.85090235135,-2.522192819729029,0.011999999999999997,0.011999999999999997,110,0.00030000000000000003
2024-02-05 10:00:00,2024-02-01,2024-03-01,34,17,17,0.5,97408.85090235135,-2.522192819729029,0.011999999999999997,0.011999999999999997,110,0.00030000000000000003
2024-02-05 11:00:00,2024-02-01,2024-03-01,34,17,17,0.5,97408.85090235135,-2.522192819729029,0.011999999999999997,0.011999999999999997,110,0.00030000000000000003
2024-02-05 12:00:00,2024-02-01,2024-03-01,34,17,17,0.5,97408.85090235135,-2.522192819729029,0.011999999999999997,0.011999999999999997,110,0.00030000000000000003
2024-02-05 13:00:00,2024-02-01,2024-03-01,34,17,17,0.5,97408.85090235135,-2.522192819729029,0.011999999999999997,0.011999999999999997,110,0.00030000000000000003
2024-02-05 14:00:00,2024-02-01,2024-03-01,34,17,17,0.5,97408.85090235135,-2.522192819729029,0.011999999999999997,0.011999999999999997,110,0.00030000000000000003
2024-02-05 15:00:00,2024-02-01,2024-03-01,34,17,17,0.5,97408.85090235135,-2.522192819729029,0.011999999999999997,0.011999999999999997,110,0.00030000000000000003
2024-02-05 16:00:00,2024-02-01,2024-03-01,34,17,17,0.5,97408.85090235135,-2.522192819729029,0.011999999999999997,0.011999999999999997,110,0.00030000000000000003
2024-02-07 08:00:00,2024-02-01,2024-03-01,34,17,17,0.5,97408.85090235135,1.1291701200000102,0.011999999999999997,0.011999999999999997,110,0.00030000000000000003
2024-02-08 00:00:00,2024-02-01,2024-03-01,34,17,17,0.5,97408.85090235135,-0.15431086393298885,0.011999999999999997,0.011999999999999997,110,0.00030000000000000003
2024-02-08 01:00:00,2024-02-01,2024-03-01,34,17,17,0.5,97408.85090235135,-0.15431086393298885,0.011999999999999997,0.011999999999999997,110,0.00030000000000000003
2024-02-08 02:00:00,2024-02-01,2024-03-01,34,17,17,0.5,97408.85090235135,-0.15431086393298885,0.011999999999999997,0.011999999999999997,110,0.00030000000000000003
2024-02-08 03:00:00,2024-02-01,2024-03-01,34,17,17,0.5,97408.85090235135,-0.15431086393298885,0.011999999999999997,0.011999999999999997,110,0.00030000000000000003
2024-02-08 04:00:00,2024-02-01,2024-03-01,34,17,17,0.5,97408.85090235135,-0.15431086393298885,0.011999999999999997,0.011999999999999997,110,0.00030000000000000003
2024-02-08 05:00:00,2024-02-01,2024-03-01,34,17,17,0.5,97408.85090235135,-0.15431086393298885,0.011999999999999997,0.011999999999999997,110,0.00030000000000000003
2024-02-08 06:00:00,2024-02-01,2024-03-01,34,17,17,0.5,97408.85090235135,-0.15431086393298885,0.011999999999999997,0.011999999999999997,110,0.00030000000000000003
2024-02-08 07:00:00,2024-02-01,2024-03-01,34,17,17,0.5,97408.85090235135,-0.15431086393298885,0.011999999999999997,0.011999999999999997,110,0.00030000000000000003
2024-02-08 16:00:00,2024-02-01,2024-03-01,34,17,17,0.5,97408.85090235135,-0.15431086393298885,0.011999999999999997,0.011999999999999997,110,0.00030000000000000003
2024-02-09 00:00:00,2024-02-01,2024-03-01,34,17,17,0.5,97408.85090235135,1.1291701200000177,0.011999999999999997,0.011999999999999997,110,0.00030000000000000003
2024-02-09 01:00:00,2024-02-01,2024-03-01,34,17,17,0.5,97408.85090235135,1.1291701200000177,0.011999999999999997,0.011999999999999997,110,0.00030000000000000003
2024-02-09 02:00:00,2024-02-01,2024-03-01,34,17,17,0.5,97408.85090235135,1.1291701200000177,0.011999999999999997,0.011999999999999997,110,0.00030000000000000003
2024-02-09 03:00:00,2024-02-01,2024-03-01,34,17,17,0.5,97408.85090235135,1.1291701200000177,0.011999999999999997,0.011999999999999997,110,0.00030000000000000003
2024-02-10 22:00:00,2024-02-01,2024-03-01,34,17,17,0.5,97408.85090235135,-1.2691501199999928,0.011999999999999997,0.011999999999999997,110,0.00030000000000000003
2024-02-10 23:00:00,2024-02-01,2024-03-01,34,17,17,0.5,97408.85090235135,-1.2691501199999928,0.011999999999999997,0.011999999999999997,110,0.00030000000000000003
2024-02-11 00:00:00,2024-02-01,2024-03-01,34,17,17,0.5,97408.85090235135,-0.15431086393295834,0.011999999999999997,0.011999999999999997,110,0.00030000000000000003
2024-02-11 01:00:00,2024-02-01,2024-03-01,34,17,17,0.5,97408.85090235135,-0.15431086393295834,0.011999999999999997,0.011999999999999997,110,0.00030000000000000003
2024-02-11 02:00:00,2024-02-01,2024-03-01,34,17,17,0.5,97408.85090235135,-0.15431086393295834,0.011999999999999997,0.011999999999999997,110,0.00030000000000000003
2024-02-11 03:00:00,2024-02-01,2024-03-01,34,17,17,0.5,97408.85090235135,-0.15431086393295834,0.011999999999999997,0.011999999999999997,110,0.00030000000000000003
2024-02-11 04:00:00,2024-02-01,2024-03-01,34,17,17,0.5,97408.85090235135,-0.15431086393295834,0.011999999999999997,0.011999999999999997,110,0.00030000000000000003
2024-02-11 05:00:00,2024-02-01,2024-03-01,34,17,17,0.5,97408.85090235135,-0.15431086393295834,0.011999999999999997,0.011999999999999997,110,0.00030000000000000003
2024-02-11 06:00:00,2024-02-01,2024-03-01,34,17,17,0.5,97408.85090235135,-0.15431086393295834,0.011999999999999997,0.011999999999999997,110,0.00030000000000000003
2024-02-11 07:00:00,2024-02-01,2024-03-01,34,17,17,0.5,97408.85090235135,-0.15431086393295834,0.011999999999999997,0.011999999999999997,110,0.00030000000000000003
2024-02-11 21:00:00,2024-02-01,2024-03-01,34,17,17,0.5,97408.85090235135,-0.15431086393295834,0.011999999999999997,0.011999999999999997,110,0.00030000000000000003
2024-02-11 22:00:00,2024-02-01,2024-03-01,34,17,17,0.5,97408.85090235135,-0.15431086393295834,0.011999999999999997,0.011999999999999997,110,0.00030000000000000003
2024-02-13 00:00:00,2024-02-01,2024-03-01,34,17,17,0.5,97408.85090235135,1.1291701200000217,0.011999999999999997,0.011999999999999997,110,0.00030000000000000003
2024-02-13 01:00:00,2024-02-01,2024-03-01,34,17,17,0.5,97408.85090235135,1.1291701200000217,0.011999999999999997,0.011999999999999997,110,0.00030000000000000003
2024-02-13 02:00:00,2024-02-01,2024-03-01,34,17,17,0.5,97408.85090235135,1.1291701200000217,0.011999999999999997,0.011999999999999997,110,0.00030000000000000003
2024-02-13 03:00:00,2024-02-01,2024-03-01,34,17,17,0.5,97408.85090235135,1.1291701200000217,0.011999999999999997,0.011999999999999997,110,0.00030000000000000003
2024-02-14 00:00:00,2024-02-01,2024-03-01,34,17,17,0.5,97408.85090235135,-1.4215025474181722,0.011999999999999997,0.011999999999999997,110,0.00030000000000000003
2024-02-14 01:00:00,2024-02-01,2024-03-01,34,17,17,0.5,97408.85090235135,-1.4215025474181722,0.011999999999999997,0.011999999999999997,110,0.00030000000000000003
2024-02-14 02:00:00,2024-02-01,2024-03-01,34,17,17,0.5,97408.85090235135,-1.4215025474181722,0.011999999999999997,0.011999999999999997,110,0.00030000000000000003
2024-02-14 03:00:00,2024-02-01,2024-03-01,34,17,17,0.5,97408.85090235135,-1.4215025474181722,0.011999999999999997,0.011999999999999997,110,0.00030000000000000003
2024-02-14 10:00:00,2024-02-01,2024-03-01,34,17,17,0.5,97408.85090235135,-1.4215025474181722,0.011999999999999997,0.011999999999999997,110,0.00030000000000000003
2024-02-14 11:00:00,2024-02-01,2024-03-01,34,17,17,0.5,97408.85090235135,-1.4215025474181722,0.011999999999999997,0.011999999999999997,110,0.00030000000000000003
2024-02-14 12:00:00,2024-02-01,2024-03-01,34,17,17,0.5,97408.85090235135,-1.4215025474181722,0.011999999999999997,0.011999999999999997,110,0.00030000000000000003
2024-02-14 13:00:00,2024-02-01,2024-03-01,34,17,17,0.5,97408.85090235135,-1.4215025474181722,0.011999999999999997,0.011999999999999997,110,0.00030000000000000003
2024-02-14 14:00:00,2024-02-01,2024-03-01,34,17,17,0.5,97408.85090235135,-1.4215025474181722,0.011999999999999997,0.011999999999999997,110,0.00030000000000000003
2024-02-14 15:00:00,2024-02-01,2024-03-01,34,17,17,0.5,97408.85090235135,-1.4215025474181722,0.011999999999999997,0.011999999999999997,110,0.00030000000000000003
2024-02-14 16:00:00,2024-02-01,2024-03-01,34,17,17,0.5,97408.85090235135,-1.4215025474181722,0.011999999999999997,0.011999999999999997,110,0.00030000000000000003
2024-02-14 17:00:00,2024-02-01,2024-03-01,34,17,17,0.5,97408.85090235135,-1.4215025474181722,0.011999999999999997,0.011999999999999997,110,0.00030000000000000003
2024-02-14 18:00:00,2024-02-01,2024-03-01,34,17,17,0.5,97408.85090235135,-1.4215025474181722,0.011999999999999997,0.011999999999999997,110,0.00030000000000000003
2024-02-16 00:00:00,2024-02-01,2024-03-01,34,17,17,0.5,97408.85090235135,-1.269150119999998,0.011999999999999997,0.011999999999999997,110,0.00030000000000000003
2024-02-16 04:00:00,2024-02-01,2024-03-01,34,17,17,0.5,97408.85090235135,-1.269150119999998,0.011999999999999997,0.011999999999999997,110,0.00030000000000000003
2024-02-16 05:00:00,2024-02-01,2024-03-01,34,17,17,0.5,97408.85090235135,-1.269150119999998,0.011999999999999997,0.011999999999999997,110,0.00030000000000000003
2024-02-16 06:00:00,2024-02-01,2024-03-01,34,17,17,0.5,97408.85090235135,-1.269150119999998,0.011999999999999997,0.011999999999999997,110,0.00030000000000000003
2024-02-16 07:00:00,2024-02-01,2024-03-01,34,17,17,0.5,97408.85090235135,-1.269150119999998,0.011999999999999997,0.011999999999999997,110,0.00030000000000000003
2024-02-16 08:00:00,2024-02-01,2024-03-01,34,17,17,0.5,97408.85090235135,-1.269150119999998,0.011999999999999997,0.011999999999999997,110,0.00030000000000000003
2024-02-16 09:00:00,2024-02-01,2024-03-01,34,17,17,0.5,97408.85090235135,-1.269150119999998,0.011999999999999997,0.011999999999999997,110,0.00030000000000000003
2024-02-16 10:00:00,2024-02-01,2024-03-01,34,17,17,0.5,97408.85090235135,-1.269150119999998,0.011999999999999997,0.011999999999999997,110,0.00030000000000000003
2024-02-16 11:00:00,2024-02-01,2024-03-01,34,17,17,0.5,97408.85090235135,-1.269150119999998,0.011999999999999997,0.011999999999999997,110,0.00030000000000000003
2024-02-17 00:00:00,2024-02-01,2024-03-01,34,17,17,0.5,97408.85090235135,-0.15431086393297408,0.011999999999999997,0.011999999999999997,110,0.00030000000000000003
2024-02-17 01:00:00,2024-02-01,2024-03-01,34,17,17,0.5,97408.85090235135,-0.15431086393297408,0.011999999999999997,0.011999999999999997,110,0.00030000000000000003
2024-02-17 02:00:00,2024-02-01,2024-03-01,34,17,17,0.5,97408.85090235135,-0.15431086393297408,0.011999999999999997,0.011999999999999997,110,0.00030000000000000003
2024-02-17 03:00:00,2024-02-01,2024-03-01,34,17,17,0.5,97408.85090235135,-0.15431086393297408,0.011999999999999997,0.011999999999999997,110,0.00030000000000000003
2024-02-17 04:00:00,2024-02-01,2024-03-01,34,17,17,0.5,97408.85090235135,-0.15431086393297408,0.011999999999999997,0.011999999999999997,110,0.00030000000000000003
2024-02-17 16:00:00,2024-02-01,2024-03-01,34,17,17,0.5,97408.85090235135,-0.15431086393297408,0.011999999999999997,0.011999999999999997,110,0.00030000000000000003
2024-02-17 17:00:00,2024-02-01,2024-03-01,34,17,17,0.5,97408.85090235135,-0.15431086393297408,0.011999999999999997,0.011999999999999997,110,0.00030000000000000003
2024-02-17 18:00:00,2024-02-01,2024-03-01,34,17,17,0.5,97408.85090235135,-0.15431086393297408,0.011999999999999997,0.011999999999999997,110,0.00030000000000000003
2024-02-17 19:00:00,2024-02-01,2024-03-01,34,17,17,0.5,97408.85090235135,-0.15431086393297408,0.011999999999999997,0.011999999999999997,110,0.00030000000000000003
2024-02-18 01:00:00,2024-02-01,2024-03-01,34,17,17,0.5,97408.85090235135,-1.269150119999995,0.011999999999999997,0.011999999999999997,110,0.00030000000000000003
2024-02-18 02:00:00,2024-02-01,2024-03-01,34,17,17,0.5,97408.85090235135,-1.269150119999995,0.011999999999999997,0.011999999999999997,110,0.00030000000000000003
2024-02-18 03:00:00,2024-02-01,2024-03-01,34,17,17,0.5,97408.85090235135,-1.269150119999995,0.011999999999999997,0.011999999999999997,110,0.00030000000000000003
2024-02-18 23:00:00,2024-02-01,2024-03-01,34,17,17,0.5,97408.85090235135,-1.269150119999995,0.011999999999999997,0.011999999999999997,110,0.00030000000000000003
2024-02-19 00:00:00,2024-02-01,2024-03-01,34,17,17,0.5,97408.85090235135,2.27109049159902,0.011999999999999997,0.011999999999999997,110,0.00030000000000000003
2024-02-19 01:00:00,2024-02-01,2024-03-01,34,17,17,0.5,97408.85090235135,2.27109049159902,0.011999999999999997,0.011999999999999997,110,0.00030000000000000003
2024-02-19 02:00:00,2024-02-01,2024-03-01,34,17,17,0.5,97408.85090235135,2.27109049159902,0.011999999999999997,0.011999999999999997,110,0.00030000000000000003
2024-02-19 08:00:00,2024-02-01,2024-03-01,34,17,17,0.5,97408.85090235135,2.27109049159902,0.011999999999999997,0.011999999999999997,110,0.00030000000000000003
2024-02-19 09:00:00,2024-02-01,2024-03-01,34,17,17,0.5,97408.85090235135,2.27109049159902,0.011999999999999997,0.011999999999999997,110,0.00030000000000000003
2024-02-19 12:00:00,2024-02-01,2024-03-01,34,17,17,0.5,97408.85090235135,2.27109049159902,0.011999999999999997,0.011999999999999997,110,0.00030000000000000003
2024-02-19 13:00:00,2024-02-01,2024-03-01,34,17,17,0.5,97408.85090235135,2.27109049159902,0.011999999999999997,0.011999999999999997,110,0.00030000000000000003
2024-02-19 18:00:00,2024-02-01,2024-03-01,34,17,17,0.5,97408.85090235135,2.27109049159902,0.011999999999999997,0.011999999999999997,110,0.00030000000000000003
2024-02-19 19:00:00,2024-02-01,2024-03-01,34,17,17,0.5,97408.85090235135,2.27109049159902,0.011999999999999997,0.011999999999999997,110,0.00030000000000000003
2024-02-19 20:00:00,2024-02-01,2024-03-01,34,17,17,0.5,97408.85090235135,2.27109049159902,0.011999999999999997,0.011999999999999997,110,0.00030000000000000003
2024-02-19 21:00:00,2024-02-01,2024-03-01,34,17,17,0.5,97408.85090235135,2.27109049159902,0.011999999999999997,0.011999999999999997,110,0.00030000000000000003
2024-02-19 22:00:00,2024-02-01,2024-03-01,34,17,17,0.5,97408.85090235135,2.27109049159902,0.011999999999999997,0.011999999999999997,110,0.00030000000000000003
2024-02-19 23:00:00,2024-02-01,2024-03-01,34,17,17,0.5,97408.85090235135,2.27109049159902,0.011999999999999997,0.011999999999999997,110,0.00030000000000000003
2024-02-20 00:00:00,2024-02-01,2024-03-01,34,17,17,0.5,97408.85090235135,0.0,0.011999999999999997,0.011999999999999997,110,0.00030000000000000003
2024-02-20 01:00:00,2024-02-01,2024-03-01,34,17,17,0.5,97408.85090235135,0.0,0.011999999999999997,0.011999999999999997,110,0.00030000000000000003
2024-02-20 02:00:00,2024-02-01,2024-03-01,34,17,17,0.5,97408.85090235135,0.0,0.011999999999999997,0.011999999999999997,110,0.00030000000000000003
2024-02-20 03:00:00,2024-02-01,2024-03-01,34,17,17,0.5,97408.85090235135,0.0,0.011999999999999997,0.011999999999999997,110,0.00030000000000000003
2024-02-21 00:00:00,2024-02-01,2024-03-01,34,17,17,0.5,97408.85090235135,1.1291701200000006,0.011999999999999997,0.011999999999999997,110,0.00030000000000000003
2024-02-21 01:00:00,2024-02-01,2024-03-01,34,17,17,0.5,97408.85090235135,1.1291701200000006,0.011999999999999997,0.011999999999999997,110,0.00030000000000000003
2024-02-22 08:00:00,2024-02-01,2024-03-01,34,17,17,0.5,97408.85090235135,1.1291701200000148,0.011999999999999997,0.011999999999999997,110,0.00030000000000000003
2024-02-22 09:00:00,2024-02-01,2024-03-01,34,17,17,0.5,97408.85090235135,1.1291701200000148,0.011999999999999997,0.011999999999999997,110,0.00030000000000000003
2024-02-22 10:00:00,2024-02-01,2024-03-01,34,17,17,0.5,97408.85090235135,1.1291701200000148,0.011999999999999997,0.011999999999999997,110,0.00030000000000000003
2024-02-22 11:00:00,2024-02-01,2024-03-01,34,17,17,0.5,97408.85090235135,1.1291701200000148,0.011999999999999997,0.011999999999999997,110,0.00030000000000000003
2024-02-22 12:00:00,2024-02-01,2024-03-01,34,17,17,0.5,97408.85090235135,1.1291701200000148,0.011999999999999997,0.011999999999999997,110,0.00030000000000000003
2024-02-24 05:00:00,2024-02-01,2024-03-01,34,17,17,0.5,97408.85090235135,-0.15431086393297996,0.011999999999999997,0.011999999999999997,110,0.00030000000000000003
2024-02-24 06:00:00,2024-02-01,2024-03-01,34,17,17,0.5,97408.85090235135,-0.15431086393297996,0.011999999999999997,0.011999999999999997,110,0.00030000000000000003
2024-02-24 07:00:00,2024-02-01,2024-03-01,34,17,17,0.5,97408.85090235135,-0.15431086393297996,0.011999999999999997,0.011999999999999997,110,0.00030000000000000003
2024-02-24 08:00:00,2024-02-01,2024-03-01,34,17,17,0.5,97408.85090235135,-0.15431086393297996,0.011999999999999997,0.011999999999999997,110,0.00030000000000000003
2024-02-24 09:00:00,2024-02-01,2024-03-01,34,17,17,0.5,97408.85090235135,-0.15431086393297996,0.011999999999999997,0.011999999999999997,110,0.00030000000000000003
2024-02-24 10:00:00,2024-02-01,2024-03-01,34,17,17,0.5,97408.85090235135,-0.15431086393297996,0.011999999999999997,0.011999999999999997,110,0.00030000000000000003
2024-02-24 11:00:00,2024-02-01,2024-03-01,34,17,17,0.5,97408.85090235135,-0.15431086393297996,0.011999999999999997,0.011999999999999997,110,0.00030000000000000003
2024-02-24 12:00:00,2024-02-01,2024-03-01,34,17,17,0.5,97408.85090235135,-0.15431086393297996,0.011999999999999997,0.011999999999999997,110,0.00030000000000000003
2024-02-24 13:00:00,2024-02-01,2024-03-01,34,17,17,0.5,97408.85090235135,-0.15431086393297996,0.011999999999999997,0.011999999999999997,110,0.00030000000000000003
2024-02-24 14:00:00,2024-02-01,2024-03-01,34,17,17,0.5,97408.85090235135,-0.15431086393297996,0.011999999999999997,0.011999999999999997,110,0.00030000000000000003
2024-02-24 15:00:00,2024-02-01,2024-03-01,34,17,17,0.5,97408.85090235135,-0.15431086393297996,0.011999999999999997,0.011999999999999997,110,0.00030000000000000003
2024-02-24 16:00:00,2024-02-01,2024-03-01,34,17,17,0.5,97408.85090235135,-0.15431086393297996,0.011999999999999997,0.011999999999999997,110,0.00030000000000000003
2024-02-24 17:00:00,2024-02-01,2024-03-01,34,17,17,0.5,97408.85090235135,-0.15431086393297996,0.011999999999999997,0.011999999999999997,110,0.00030000000000000003
2024-02-24 18:00:00,2024-02-01,2024-03-01,34,17,17,0.5,97408.85090235135,-0.15431086393297996,0.011999999999999997,0.011999999999999997,110,0.00030000000000000003
2024-02-24 19:00:00,2024-02-01,2024-03-01,34,17,17,0.5,97408.85090235135,-0.15431086393297996,0.011999999999999997,0.011999999999999997,110,0.00030000000000000003
2024-02-24 20:00:00,2024-02-01,2024-03-01,34,17,17,0.5,97408.85090235135,-0.15431086393297996,0.011999999999999997,0.011999999999999997,110,0.00030000000000000003
2024-02-25 08:00:00,2024-02-01,2024-03-01,34,17,17,0.5,97408.85090235135,0.0,0.011999999999999997,0.011999999999999997,110,0.00030000000000000003
2024-02-25 09:00:00,2024-02-01,2024-03-01,34,17,17,0.5,97408.85090235135,0.0,0.011999999999999997,0.011999999999999997,110,0.00030000000000000003
2024-02-25 10:00:00,2024-02-01,2024-03-01,34,17,17,0.5,97408.85090235135,0.0,0.011999999999999997,0.011999999999999997,110,0.00030000000000000003
2024-02-25 11:00:00,2024-02-01,2024-03-01,34,17,17,0.5,97408.85090235135,0.0,0.011999999999999997,0.011999999999999997,110,0.00030000000000000003
2024-02-25 12:00:00,2024-02-01,2024-03-01,34,17,17,0.5,97408.85090235135,0.0,0.011999999999999997,0.011999999999999997,110,0.00030000000000000003
2024-02-26 17:00:00,2024-02-01,2024-03-01,34,17,17,0.5,97408.85090235135,-2.52219281972902,0.011999999999999997,0.011999999999999997,110,0.00030000000000000003
2024-02-26 18:00:00,2024-02-01,2024-03-01,34,17,17,0.5,97408.85090235135,-2.52219281972902,0.011999999999999997,0.011999999999999997,110,0.00030000000000000003
2024-02-26 19:00:00,2024-02-01,2024-03-01,34,17,17,0.5,97408.85090235135,-2.52219281972902,0.011999999999999997,0.011999999999999997,110,0.00030000000000000003
2024-02-26 20:00:00,2024-02-01,2024-03-01,34,17,17,0.5,97408.85090235135,-2.52219281972902,0.011999999999999997,0.011999999999999997,110,0.00030000000000000003
2024-02-26 21:00:00,2024-02-01,2024-03-01,34,17,17,0.5,97408.85090235135,-2.52219281972902,0.011999999999999997,0.011999999999999997,110,0.00030000000000000003
2024-02-26 22:00:00,2024-02-01,2024-03-01,34,17,17,0.5,97408.85090235135,-2.52219281972902,0.011999999999999997,0.011999999999999997,110,0.00030000000000000003
2024-02-27 02:00:00,2024-02-01,2024-03-01,34,17,17,0.5,97408.85090235135,-0.1543108639329705,0.011999999999999997,0.011999999999999997,110,0.00030000000000000003
2024-02-27 03:00:00,2024-02-01,2024-03-01,34,17,17,0.5,97408.85090235135,-0.1543108639329705,0.011999999999999997,0.011999999999999997,110,0.00030000000000000003
2024-02-27 04:00:00,2024-02-01,2024-03-01,34,17,17,0.5,97408.85090235135,-0.1543108639329705,0.011999999999999997,0.011999999999999997,110,0.00030000000000000003
2024-02-27 05:00:00,2024-02-01,2024-03-01,34,17,17,0.5,97408.85090235135,-0.1543108639329705,0.011999999999999997,0.011999999999999997,110,0.00030000000000000003
2024-02-27 06:00:00,2024-02-01,2024-03-01,34,17,17,0.5,97408.85090235135,-0.1543108639329705,0.011999999999999997,0.011999999999999997,110,0.00030000000000000003
2024-02-27 07:00:00,2024-02-01,2024-03-01,34,17,17,0.5,97408.85090235135,-0.1543108639329705,0.011999999999999997,0.011999999999999997,110,0.00030000000000000003
2024-02-28 13:00:00,2024-02-01,2024-03-01,34,17,17,0.5,97408.85090235135,-1.4215025474181866,0.011999999999999997,0.011999999999999997,110,0.00030000000000000003
2024-02-28 14:00:00,2024-02-01,2024-03-01,34,17,17,0.5,97408.85090235135,-1.4215025474181866,0.011999999999999997,0.011999999999999997,110,0.00030000000000000003
2024-02-28 15:00:00,2024-02-01,2024-03-01,34,17,17,0.5,97408.85090235135,-1.4215025474181866,0.011999999999999997,0.011999999999999997,110,0.00030000000000000003
2024-02-28 16:00:00,2024-02-01,2024-03-01,34,17,17,0.5,97408.85090235135,-1.4215025474181866,0.011999999999999997,0.011999999999999997,110,0.00030000000000000003
2024-02-28 17:00:00,2024-02-01,2024-03-01,34,17,17,0.5,97408.85090235135,-1.4215025474181866,0.011999999999999997,0.011999999999999997,110,0.00030000000000000003
2024-02-28 18:00:00,2024-02-01,2024-03-01,34,17,17,0.5,97408.85090235135,-1.4215025474181866,0.011999999999999997,0.011999999999999997,110,0.00030000000000000003
2024-02-28 19:00:00,2024-02-01,2024-03-01,34,17,17,0.5,97408.85090235135,-1.4215025474181866,0.011999999999999997,0.011999999999999997,110,0.00030000000000000003
2024-02-28 20:00:00,2024-02-01,2024-03-01,34,17,17,0.5,97408.85090235135,-1.4215025474181866,0.011999999999999997,0.011999999999999997,110,0.00030000000000000003
2024-02-29 16:00:00,2024-02-01,2024-03-01,34,17,17,0.5,97408.85090235135,2.271090491599041,0.011999999999999997,0.011999999999999997,110,0.00030000000000000003
2024-02-29 22:00:00,2024-02-01,2024-03-01,34,17,17,0.5,97408.85090235135,2.271090491599041,0.011999999999999997,0.011999999999999997,110,0.00030000000000000003
2024-02-29 23:00:00,2024-02-01,2024-03-01,34,17,17,0.5,97408.85090235135,2.271090491599041,0.011999999999999997,0.011999999999999997,110,0.00030000000000000003
2024-03-01 08:00:00,2024-03-01,2024-04-01,49,25,24,0.5102040816326531,95144.28466610255,-0.2579656155404664,0.012999999999999996,0.013999999999999995,60,0.001
2024-03-01 11:00:00,2024-03-01,2024-04-01,49,25,24,0.5102040816326531,95144.28466610255,-0.2579656155404664,0.012999999999999996,0.013999999999999995,60,0.001
2024-03-01 12:00:00,2024-03-01,2024-04-01,49,25,24,0.5102040816326531,95144.28466610255,-0.2579656155404664,0.012999999999999996,0.013999999999999995,60,0.001
2024-03-01 13:00:00,2024-03-01,2024-04-01,49,25,24,0.5102040816326531,95144.28466610255,-0.2579656155404664,0.012999999999999996,0.013999999999999995,60,0.001
2024-03-01 19:00:00,2024-03-01,2024-04-01,49,25,24,0.5102040816326531,95144.28466610255,-0.2579656155404664,0.012999999999999996,0.013999999999999995,60,0.001
2024-03-01 20:00:00,2024-03-01,2024-04-01,49,25,24,0.5102040816326531,95144.28466610255,-0.2579656155404664,0.012999999999999996,0.013999999999999995,60,0.001
2024-03-01 21:00:00,2024-03-01,2024-04-01,49,25,24,0.5102040816326531,95144.28466610255,-0.2579656155404664,0.012999999999999996,0.013999999999999995,60,0.001
2024-03-01 22:00:00,2024-03-01,2024-04-01,49,25,24,0.5102040816326531,95144.28466610255,-0.2579656155404664,0.012999999999999996,0.013999999999999995,60,0.001
2024-03-01 23:00:00,2024-03-01,2024-04-01,49,25,24,0.5102040816326531,95144.28466610255,-0.2579656155404664,0.012999999999999996,0.013999999999999995,60,0.001
2024-03-02 00:00:00,2024-03-01,2024-04-01,49,25,24,0.5102040816326531,95144.28466610255,-1.4690101399999953,0.012999999999999996,0.013999999999999995,60,0.001
2024-03-02 16:00:00,2024-03-01,2024-04-01,49,25,24,0.5102040816326531,95144.28466610255,-1.4690101399999953,0.012999999999999996,0.013999999999999995,60,0.001
2024-03-02 17:00:00,2024-03-01,2024-04-01,49,25,24,0.5102040816326531,95144.28466610255,-1.4690101399999953,0.012999999999999996,0.013999999999999995,60,0.001
2024-03-02 18:00:00,2024-03-01,2024-04-01,49,25,24,0.5102040816326531,95144.28466610255,-1.4690101399999953,0.012999999999999996,0.013999999999999995,60,0.001
2024-03-02 19:00:00,2024-03-01,2024-04-01,49,25,24,0.5102040816326531,95144.28466610255,-1.4690101399999953,0.012999999999999996,0.013999999999999995,60,0.001
2024-03-02 20:00:00,2024-03-01,2024-04-01,49,25,24,0.5102040816326531,95144.28466610255,-1.4690101399999953,0.012999999999999996,0.013999999999999995,60,0.001
2024-03-03 19:00:00,2024-03-01,2024-04-01,49,25,24,0.5102040816326531,95144.28466610255,-1.4690101399999882,0.012999999999999996,0.013999999999999995,60,0.001
2024-03-03 20:00:00,2024-03-01,2024-04-01,49,25,24,0.5102040816326531,95144.28466610255,-1.4690101399999882,0.012999999999999996,0.013999999999999995,60,0.001
2024-03-03 21:00:00,2024-03-01,2024-04-01,49,25,24,0.5102040816326531,95144.28466610255,-1.4690101399999882,0.012999999999999996,0.013999999999999995,60,0.001
2024-03-03 22:00:00,2024-03-01,2024-04-01,49,25,24,0.5102040816326531,95144.28466610255,-1.4690101399999882,0.012999999999999996,0.013999999999999995,60,0.001
2024-03-03 23:00:00,2024-03-01,2024-04-01,49,25,24,0.5102040816326531,95144.28466610255,-1.4690101399999882,0.012999999999999996,0.013999999999999995,60,0.001
2024-03-04 00:00:00,2024-03-01,2024-04-01,49,25,24,0.5102040816326531,95144.28466610255,-1.7231862144904404,0.012999999999999996,0.013999999999999995,60,0.001
2024-03-04 01:00:00,2024-03-01,2024-04-01,49,25,24,0.5102040816326531,95144.28466610255,-1.7231862144904404,0.012999999999999996,0.013999999999999995,60,0.001
2024-03-04 02:00:00,2024-03-01,2024-04-01,49,25,24,0.5102040816326531,95144.28466610255,-1.7231862144904404,0.012999999999999996,0.013999999999999995,60,0.001
2024-03-04 03:00:00,2024-03-01,2024-04-01,49,25,24,0.5102040816326531,95144.28466610255,-1.7231862144904404,0.012999999999999996,0.013999999999999995,60,0.001
2024-03-04 08:00:00,2024-03-01,2024-04-01,49,25,24,0.5102040816326531,95144.28466610255,-1.7231862144904404,0.012999999999999996,0.013999999999999995,60,0.001
2024-03-04 09:00:00,2024-03-01,2024-04-01,49,25,24,0.5102040816326531,95144.28466610255,-1.7231862144904404,0.012999999999999996,0.013999999999999995,60,0.001
2024-03-04 10:00:00,2024-03-01,2024-04-01,49,25,24,0.5102040816326531,95144.28466610255,-1.7231862144904404,0.012999999999999996,0.013999999999999995,60,0.001
2024-03-04 11:00:00,2024-03-01,2024-04-01,49,25,24,0.5102040816326531,95144.28466610255,-1.7231862144904404,0.012999999999999996,0.013999999999999995,60,0.001
2024-03-04 21:00:00,2024-03-01,2024-04-01,49,25,24,0.5102040816326531,95144.28466610255,-1.7231862144904404,0.012999999999999996,0.013999999999999995,60,0.001
2024-03-04 22:00:00,2024-03-01,2024-04-01,49,25,24,0.5102040816326531,95144.28466610255,-1.7231862144904404,0.012999999999999996,0.013999999999999995,60,0.001
2024-03-04 23:00:00,2024-03-01,2024-04-01,49,25,24,0.5102040816326531,95144.28466610255,-1.7231862144904404,0.012999999999999996,0.013999999999999995,60,0.001
2024-03-05 10:00:00,2024-03-01,2024-04-01,49,25,24,0.5102040816326531,95144.28466610255,-0.25796561554044595,0.012999999999999996,0.013999999999999995,60,0.001
2024-03-05 12:00:00,2024-03-01,2024-04-01,49,25,24,0.5102040816326531,95144.28466610255,-0.25796561554044595,0.012999999999999996,0.013999999999999995,60,0.001
2024-03-05 20:00:00,2024-03-01,2024-04-01,49,25,24,0.5102040816326531,95144.28466610255,-0.25796561554044595,0.012999999999999996,0.013999999999999995,60,0.001
2024-03-05 21:00:00,2024-03-01,2024-04-01,49,25,24,0.5102040816326531,95144.28466610255,-0.25796561554044595,0.012999999999999996,0.013999999999999995,60,0.001
2024-03-05 22:00:00,2024-03-01,2024-04-01,49,25,24,0.5102040816326531,95144.28466610255,-0.25796561554044595,0.012999999999999996,0.013999999999999995,60,0.001
2024-03-05 23:00:00,2024-03-01,2024-04-01,49,25,24,0.5102040816326531,95144.28466610255,-0.25796561554044595,0.012999999999999996,0.013999999999999995,60,0.001
2024-03-06 00:00:00,2024-03-01,2024-04-01,49,25,24,0.5102040816326531,95144.28466610255,1.2291001299999915,0.012999999999999996,0.013999999999999995,60,0.001
2024-03-06 01:00:00,2024-03-01,2024-04-01,49,25,24,0.5102040816326531,95144.28466610255,1.2291001299999915,0.012999999999999996,0.013999999999999995,60,0.001
2024-03-06 02:00:00,2024-03-01,2024-04-01,49,25,24,0.5102040816326531,95144.28466610255,1.2291001299999915,0.012999999999999996,0.013999999999999995,60,0.001
2024-03-07 14:00:00,2024-03-01,2024-04-01,49,25,24,0.5102040816326531,95144.28466610255,-1.4690101399999995,0.012999999999999996,0.013999999999999995,60,0.001
2024-03-08 08:00:00,2024-03-01,2024-04-01,49,25,24,0.5102040816326531,95144.28466610255,-0.5152657684928741,0.012999999999999996,0.013999999999999995,60,0.001
2024-03-08 15:00:00,2024-03-01,2024-04-01,49,25,24,0.5102040816326531,95144.28466610255,-0.5152657684928741,0.012999999999999996,0.013999999999999995,60,0.001
2024-03-08 20:00:00,2024-03-01,2024-04-01,49,25,24,0.5102040816326531,95144.28466610255,-0.5152657684928741,0.012999999999999996,0.013999999999999995,60,0.001
2024-03-08 21:00:00,2024-03-01,2024-04-01,49,25,24,0.5102040816326531,95144.28466610255,-0.5152657684928741,0.012999999999999996,0.013999999999999995,60,0.001
2024-03-08 22:00:00,2024-03-01,2024-04-01,49,25,24,0.5102040816326531,95144.28466610255,-0.5152657684928741,0.012999999999999996,0.013999999999999995,60,0.001
2024-03-08 23:00:00,2024-03-01,2024-04-01,49,25,24,0.5102040816326531,95144.28466610255,-0.5152657684928741,0.012999999999999996,0.013999999999999995,60,0.001
2024-03-09 00:00:00,2024-03-01,2024-04-01,49,25,24,0.5102040816326531,95144.28466610255,0.0,0.012999999999999996,0.013999999999999995,60,0.001
2024-03-09 01:00:00,2024-03-01,2024-04-01,49,25,24,0.5102040816326531,95144.28466610255,0.0,0.012999999999999996,0.013999999999999995,60,0.001
2024-03-09 02:00:00,2024-03-01,2024-04-01,49,25,24,0.5102040816326531,95144.28466610255,0.0,0.012999999999999996,0.013999999999999995,60,0.001
2024-03-10 01:00:00,2024-03-01,2024-04-01,49,25,24,0.5102040816326531,95144.28466610255,1.2291001300000124,0.012999999999999996,0.013999999999999995,60,0.001
2024-03-10 02:00:00,2024-03-01,2024-04-01,49,25,24,0.5102040816326531,95144.28466610255,1.2291001300000124,0.012999999999999996,0.013999999999999995,60,0.001
2024-03-10 03:00:00,2024-03-01,2024-04-01,49,25,24,0.5102040816326531,95144.28466610255,1.2291001300000124,0.012999999999999996,0.013999999999999995,60,0.001
2024-03-10 04:00:00,2024-03-01,2024-04-01,49,25,24,0.5102040816326531,95144.28466610255,1.2291001300000124,0.012999999999999996,0.013999999999999995,60,0.001
2024-03-10 05:00:00,2024-03-01,2024-04-01,49,25,24,0.5102040816326531,95144.28466610255,1.2291001300000124,0.012999999999999996,0.013999999999999995,60,0.001
2024-03-10 06:00:00,2024-03-01,2024-04-01,49,25,24,0.5102040816326531,95144.28466610255,1.2291001300000124,0.012999999999999996,0.013999999999999995,60,0.001
2024-03-10 07:00:00,2024-03-01,2024-04-01,49,25,24,0.5102040816326531,95144.28466610255,1.2291001300000124,0.012999999999999996,0.013999999999999995,60,0.001
2024-03-10 08:00:00,2024-03-01,2024-04-01,49,25,24,0.5102040816326531,95144.28466610255,1.2291001300000124,0.012999999999999996,0.013999999999999995,60,0.001
2024-03-10 09:00:00,2024-03-01,2024-04-01,49,25,24,0.5102040816326531,95144.28466610255,1.2291001300000124,0.012999999999999996,0.013999999999999995,60,0.001
2024-03-10 10:00:00,2024-03-01,2024-04-01,49,25,24,0.5102040816326531,95144.28466610255,1.2291001300000124,0.012999999999999996,0.013999999999999995,60,0.001
2024-03-10 11:00:00,2024-03-01,2024-04-01,49,25,24,0.5102040816326531,95144.28466610255,1.2291001300000124,0.012999999999999996,0.013999999999999995,60,0.001
2024-03-10 12:00:00,2024-03-01,2024-04-01,49,25,24,0.5102040816326531,95144.28466610255,1.2291001300000124,0.012999999999999996,0.013999999999999995,60,0.001
2024-03-11 08:00:00,2024-03-01,2024-04-01,49,25,24,0.5102040816326531,95144.28466610255,-0.2579656155404541,0.012999999999999996,0.013999999999999995,60,0.001
2024-03-11 09:00:00,2024-03-01,2024-04-01,49,25,24,0.5102040816326531,95144.28466610255,-0.2579656155404541,0.012999999999999996,0.013999999999999995,60,0.001
2024-03-11 10:00:00,2024-03-01,2024-04-01,49,25,24,0.5102040816326531,95144.28466610255,-0.2579656155404541,0.012999999999999996,0.013999999999999995,60,0.001
2024-03-11 11:00:00,2024-03-01,2024-04-01,49,25,24,0.5102040816326531,95144.28466610255,-0.2579656155404541,0.012999999999999996,0.013999999999999995,60,0.001
2024-03-11 12:00:00,2024-03-01,2024-04-01,49,25,24,0.5102040816326531,95144.28466610255,-0.2579656155404541,0.012999999999999996,0.013999999999999995,60,0.001
2024-03-11 13:00:00,2024-03-01,2024-04-01,49,25,24,0.5102040816326531,95144.28466610255,-0.2579656155404541,0.012999999999999996,0.013999999999999995,60,0.001
2024-03-11 14:00:00,2024-03-01,2024-04-01,49,25,24,0.5102040816326531,95144.28466610255,-0.2579656155404541,0.012999999999999996,0.013999999999999995,60,0.001
2024-03-12 17:00:00,2024-03-01,2024-04-01,49,25,24,0.5102040816326531,95144.28466610255,-1.469010139999991,0.012999999999999996,0.013999999999999995,60,0.001
2024-03-12 18:00:00,2024-03-01,2024-04-01,49,25,24,0.5102040816326531,95144.28466610255,-1.469010139999991,0.012999999999999996,0.013999999999999995,60,0.001
2024-03-12 19:00:00,2024-03-01,2024-04-01,49,25,24,0.5102040816326531,95144.28466610255,-1.469010139999991,0.012999999999999996,0.013999999999999995,60,0.001
2024-03-13 00:00:00,2024-03-01,2024-04-01,49,25,24,0.5102040816326531,95144.28466610255,-0.2579656155404773,0.012999999999999996,0.013999999999999995,60,0.001
2024-03-13 03:00:00,2024-03-01,2024-04-01,49,25,24,0.5102040816326531,95144.28466610255,-0.2579656155404773,0.012999999999999996,0.013999999999999995,60,0.001
2024-03-13 04:00:00,2024-03-01,2024-04-01,49,25,24,0.5102040816326531,95144.28466610255,-0.2579656155404773,0.012999999999999996,0.013999999999999995,60,0.001
2024-03-13 05:00:00,2024-03-01,2024-04-01,49,25,24,0.5102040816326531,95144.28466610255,-0.2579656155404773,0.012999999999999996,0.013999999999999995,60,0.001
2024-03-13 06:00:00,2024-03-01,2024-04-01,49,25,24,0.5102040816326531,95144.28466610255,-0.2579656155404773,0.012999999999999996,0.013999999999999995,60,0.001
2024-03-13 19:00:00,2024-03-01,2024-04-01,49,25,24,0.5102040816326531,95144.28466610255,-0.2579656155404773,0.012999999999999996,0.013999999999999995,60,0.001
2024-03-13 20:00:00,2024-03-01,2024-04-01,49,25,24,0.5102040816326531,95144.28466610255,-0.2579656155404773,0.012999999999999996,0.013999999999999995,60,0.001
2024-03-13 21:00:00,2024-03-01,2024-04-01,49,25,24,0.5102040816326531,95144.28466610255,-0.2579656155404773,0.012999999999999996,0.013999999999999995,60,0.001
2024-03-13 22:00:00,2024-03-01,2024-04-01,49,25,24,0.5102040816326531,95144.28466610255,-0.2579656155404773,0.012999999999999996,0.013999999999999995,60,0.001
2024-03-13 23:00:00,2024-03-01,2024-04-01,49,25,24,0.5102040816326531,95144.28466610255,-0.2579656155404773,0.012999999999999996,0.013999999999999995,60,0.001
2024-03-14 00:00:00,2024-03-01,2024-04-01,49,25,24,0.5102040816326531,95144.28466610255,1.2291001299999935,0.012999999999999996,0.013999999999999995,60,0.001
2024-03-14 16:00:00,2024-03-01,2024-04-01,49,25,24,0.5102040816326531,95144.28466610255,1.2291001299999935,0.012999999999999996,0.013999999999999995,60,0.001
2024-03-14 17:00:00,2024-03-01,2024-04-01,49,25,24,0.5102040816326531,95144.28466610255,1.2291001299999935,0.012999999999999996,0.013999999999999995,60,0.001
2024-03-15 04:00:00,2024-03-01,2024-04-01,49,25,24,0.5102040816326531,95144.28466610255,2.473307131295635,0.012999999999999996,0.013999999999999995,60,0.001
2024-03-15 05:00:00,2024-03-01,2024-04-01,49,25,24,0.5102040816326531,95144.28466610255,2.473307131295635,0.012999999999999996,0.013999999999999995,60,0.001
2024-03-15 06:00:00,2024-03-01,2024-04-01,49,25,24,0.5102040816326531,95144.28466610255,2.473307131295635,0.012999999999999996,0.013999999999999995,60,0.001
2024-03-15 20:00:00,2024-03-01,2024-04-01,49,25,24,0.5102040816326531,95144.28466610255,2.473307131295635,0.012999999999999996,0.013999999999999995,60,0.001
2024-03-15 21:00:00,2024-03-01,2024-04-01,49,25,24,0.5102040816326531,95144.28466610255,2.473307131295635,0.012999999999999996,0.013999999999999995,60,0.001
2024-03-15 22:00:00,2024-03-01,2024-04-01,49,25,24,0.5102040816326531,95144.28466610255,2.473307131295635,0.012999999999999996,0.013999999999999995,60,0.001
2024-03-16 19:00:00,2024-03-01,2024-04-01,49,25,24,0.5102040816326531,95144.28466610255,-0.2579656155404208,0.012999999999999996,0.013999999999999995,60,0.001
2024-03-16 20:00:00,2024-03-01,2024-04-01,49,25,24,0.5102040816326531,95144.28466610255,-0.2579656155404208,0.012999999999999996,0.013999999999999995,60,0.001
2024-03-16 21:00:00,2024-03-01,2024-04-01,49,25,24,0.5102040816326531,95144.28466610255,-0.2579656155404208,0.012999999999999996,0.013999999999999995,60,0.001
2024-03-16 22:00:00,2024-03-01,2024-04-01,49,25,24,0.5102040816326531,95144.28466610255,-0.2579656155404208,0.012999999999999996,0.013999999999999995,60,0.001
2024-03-16 23:00:00,2024-03-01,2024-04-01,49,25,24,0.5102040816326531,95144.28466610255,-0.2579656155404208,0.012999999999999996,0.013999999999999995,60,0.001
2024-03-17 02:00:00,2024-03-01,2024-04-01,49,25,24,0.5102040816326531,95144.28466610255,-1.7231862144904335,0.012999999999999996,0.013999999999999995,60,0.001
2024-03-17 03:00:00,2024-03-01,2024-04-01,49,25,24,0.5102040816326531,95144.28466610255,-1.7231862144904335,0.012999999999999996,0.013999999999999995,60,0.001
2024-03-17 09:00:00,2024-03-01,2024-04-01,49,25,24,0.5102040816326531,95144.28466610255,-1.7231862144904335,0.012999999999999996,0.013999999999999995,60,0.001
2024-03-17 10:00:00,2024-03-01,2024-04-01,49,25,24,0.5102040816326531,95144.28466610255,-1.7231862144904335,0.012999999999999996,0.013999999999999995,60,0.001
2024-03-17 11:00:00,2024-03-01,2024-04-01,49,25,24,0.5102040816326531,95144.28466610255,-1.7231862144904335,0.012999999999999996,0.013999999999999995,60,0.001
2024-03-17 18:00:00,2024-03-01,2024-04-01,49,25,24,0.5102040816326531,95144.28466610255,-1.7231862144904335,0.012999999999999996,0.013999999999999995,60,0.001
2024-03-17 19:00:00,2024-03-01,2024-04-01,49,25,24,0.5102040816326531,95144.28466610255,-1.7231862144904335,0.012999999999999996,0.013999999999999995,60,0.001
2024-03-17 20:00:00,2024-03-01,2024-04-01,49,25,24,0.5102040816326531,95144.28466610255,-1.7231862144904335,0.012999999999999996,0.013999999999999995,60,0.001
2024-03-17 21:00:00,2024-03-01,2024-04-01,49,25,24,0.5102040816326531,95144.28466610255,-1.7231862144904335,0.012999999999999996,0.013999999999999995,60,0.001
2024-03-17 22:00:00,2024-03-01,2024-04-01,49,25,24,0.5102040816326531,95144.28466610255,-1.7231862144904335,0.012999999999999996,0.013999999999999995,60,0.001
2024-03-17 23:00:00,2024-03-01,2024-04-01,49,25,24,0.5102040816326531,95144.28466610255,-1.7231862144904335,0.012999999999999996,0.013999999999999995,60,0.001
2024-03-18 00:00:00,2024-03-01,2024-04-01,49,25,24,0.5102040816326531,95144.28466610255,0.0,0.012999999999999996,0.013999999999999995,60,0.001
2024-03-18 01:00:00,2024-03-01,2024-04-01,49,25,24,0.5102040816326531,95144.28466610255,0.0,0.012999999999999996,0.013999999999999995,60,0.001
2024-03-19 00:00:00,2024-03-01,2024-04-01,49,25,24,0.5102040816326531,95144.28466610255,-1.7231862144904304,0.012999999999999996,0.013999999999999995,60,0.001
2024-03-19 01:00:00,2024-03-01,2024-04-01,49,25,24,0.5102040816326531,95144.28466610255,-1.7231862144904304,0.012999999999999996,0.013999999999999995,60,0.001
2024-03-19 02:00:00,2024-03-01,2024-04-01,49,25,24,0.5102040816326531,95144.28466610255,-1.7231862144904304,0.012999999999999996,0.013999999999999995,60,0.001
2024-03-19 09:00:00,2024-03-01,2024-04-01,49,25,24,0.5102040816326531,95144.28466610255,-1.7231862144904304,0.012999999999999996,0.013999999999999995,60,0.001
2024-03-19 10:00:00,2024-03-01,2024-04-01,49,25,24,0.5102040816326531,95144.28466610255,-1.7231862144904304,0.012999999999999996,0.013999999999999995,60,0.001
2024-03-19 11:00:00,2024-03-01,2024-04-01,49,25,24,0.5102040816326531,95144.28466610255,-1.7231862144904304,0.012999999999999996,0.013999999999999995,60,0.001
2024-03-19 12:00:00,2024-03-01,2024-04-01,49,25,24,0.5102040816326531,95144.28466610255,-1.7231862144904304,0.012999999999999996,0.013999999999999995,60,0.001
2024-03-19 13:00:00,2024-03-01,2024-04-01,49,25,24,0.5102040816326531,95144.28466610255,-1.7231862144904304,0.012999999999999996,0.013999999999999995,60,0.001
2024-03-21 08:00:00,2024-03-01,2024-04-01,49,25,24,0.5102040816326531,95144.28466610255,-0.25796561554046854,0.012999999999999996,0.013999999999999995,60,0.001
2024-03-21 18:00:00,2024-03-01,2024-04-01,49,25,24,0.5102040816326531,95144.28466610255,-0.25796561554046854,0.012999999999999996,0.013999999999999995,60,0.001
2024-03-21 19:00:00,2024-03-01,2024-04-01,49,25,24,0.5102040816326531,95144.28466610255,-0.25796561554046854,0.012999999999999996,0.013999999999999995,60,0.001
2024-03-22 01:00:00,2024-03-01,2024-04-01,49,25,24,0.5102040816326531,95144.28466610255,2.473307131295639,0.012999999999999996,0.013999999999999995,60,0.001
2024-03-22 02:00:00,2024-03-01,2024-04-01,49,25,24,0.5102040816326531,95144.28466610255,2.473307131295639,0.012999999999999996,0.013999999999999995,60,0.001
2024-03-22 03:00:00,2024-03-01,2024-04-01,49,25,24,0.5102040816326531,95144.28466610255,2.473307131295639,0.012999999999999996,0.013999999999999995,60,0.001
2024-03-22 16:00:00,2024-03-01,2024-04-01,49,25,24,0.5102040816326531,95144.28466610255,2.473307131295639,0.012999999999999996,0.013999999999999995,60,0.001
2024-03-22 17:00:00,2024-03-01,2024-04-01,49,25,24,0.5102040816326531,95144.28466610255,2.473307131295639,0.012999999999999996,0.013999999999999995,60,0.001
2024-03-22 18:00:00,2024-03-01,2024-04-01,49,25,24,0.5102040816326531,95144.28466610255,2.473307131295639,0.012999999999999996,0.013999999999999995,60,0.001
2024-03-22 19:00:00,2024-03-01,2024-04-01,49,25,24,0.5102040816326531,95144.28466610255,2.473307131295639,0.012999999999999996,0.013999999999999995,60,0.001
2024-03-24 08:00:00,2024-03-01,2024-04-01,49,25,24,0.5102040816326531,95144.28466610255,-1.4690101399999815,0.012999999999999996,0.013999999999999995,60,0.001
2024-03-24 09:00:00,2024-03-01,2024-04-01,49,25,24,0.5102040816326531,95144.28466610255,-1.4690101399999815,0.012999999999999996,0.013999999999999995,60,0.001
2024-03-24 10:00:00,2024-03-01,2024-04-01,49,25,24,0.5102040816326531,95144.28466610255,-1.4690101399999815,0.012999999999999996,0.013999999999999995,60,0.001
2024-03-24 11:00:00,2024-03-01,2024-04-01,49,25,24,0.5102040816326531,95144.28466610255,-1.4690101399999815,0.012999999999999996,0.013999999999999995,60,0.001
2024-03-24 12:00:00,2024-03-01,2024-04-01,49,25,24,0.5102040816326531,95144.28466610255,-1.4690101399999815,0.012999999999999996,0.013999999999999995,60,0.001
2024-03-24 13:00:00,2024-03-01,2024-04-01,49,25,24,0.5102040816326531,95144.28466610255,-1.4690101399999815,0.012999999999999996,0.013999999999999995,60,0.001
2024-03-24 14:00:00,2024-03-01,2024-04-01,49,25,24,0.5102040816326531,95144.28466610255,-1.4690101399999815,0.012999999999999996,0.013999999999999995,60,0.001
2024-03-24 16:00:00,2024-03-01,2024-04-01,49,25,24,0.5102040816326531,95144.28466610255,-1.4690101399999815,0.012999999999999996,0.013999999999999995,60,0.001
2024-03-24 18:00:00,2024-03-01,2024-04-01,49,25,24,0.5102040816326531,95144.28466610255,-1.4690101399999815,0.012999999999999996,0.013999999999999995,60,0.001
2024-03-24 19:00:00,2024-03-01,2024-04-01,49,25,24,0.5102040816326531,95144.28466610255,-1.4690101399999815,0.012999999999999996,0.013999999999999995,60,0.001
2024-03-24 20:00:00,2024-03-01,2024-04-01,49,25,24,0.5102040816326531,95144.28466610255,-1.4690101399999815,0.012999999999999996,0.013999999999999995,60,0.001
2024-03-25 07:00:00,2024-03-01,2024-04-01,49,25,24,0.5102040816326531,95144.28466610255,0.9679638587435886,0.012999999999999996,0.013999999999999995,60,0.001
2024-03-25 09:00:00,2024-03-01,2024-04-01,49,25,24,0.5102040816326531,95144.28466610255,0.9679638587435886,0.012999999999999996,0.013999999999999995,60,0.001
2024-03-25 10:00:00,2024-03-01,2024-04-01,49,25,24,0.5102040816326531,95144.28466610255,0.9679638587435886,0.012999999999999996,0.013999999999999995,60,0.001
2024-03-25 11:00:00,2024-03-01,2024-04-01,49,25,24,0.5102040816326531,95144.28466610255,0.9679638587435886,0.012999999999999996,0.013999999999999995,60,0.001
2024-03-25 12:00:00,2024-03-01,2024-04-01,49,25,24,0.5102040816326531,95144.28466610255,0.9679638587435886,0.012999999999999996,0.013999999999999995,60,0.001
2024-03-25 13:00:00,2024-03-01,2024-04-01,49,25,24,0.5102040816326531,95144.28466610255,0.9679638587435886,0.012999999999999996,0.013999999999999995,60,0.001
2024-03-25 17:00:00,2024-03-01,2024-04-01,49,25,24,0.5102040816326531,95144.28466610255,0.9679638587435886,0.012999999999999996,0.013999999999999995,60,0.001
2024-03-25 18:00:00,2024-03-01,2024-04-01,49,25,24,0.5102040816326531,95144.28466610255,0.9679638587435886,0.012999999999999996,0.013999999999999995,60,0.001
2024-03-25 19:00:00,2024-03-01,2024-04-01,49,25,24,0.5102040816326531,95144.28466610255,0.9679638587435886,0.012999999999999996,0.013999999999999995,60,0.001
2024-03-25 20:00:00,2024-03-01,2024-04-01,49,25,24,0.5102040816326531,95144.28466610255,0.9679638587435886,0.012999999999999996,0.013999999999999995,60,0.001
2024-03-25 21:00:00,2024-03-01,2024-04-01,49,25,24,0.5102040816326531,95144.28466610255,0.9679638587435886,0.012999999999999996,0.013999999999999995,60,0.001
2024-03-25 22:00:00,2024-03-01,2024-04-01,49,25,24,0.5102040816326531,95144.28466610255,0.9679638587435886,0.012999999999999996,0.013999999999999995,60,0.001
2024-03-26 00:00:00,2024-03-01,2024-04-01,49,25,24,0.5102040816326531,95144.28466610255,0.0,0.012999999999999996,0.013999999999999995,60,0.001
2024-03-27 00:00:00,2024-03-01,2024-04-01,49,25,24,0.5102040816326531,95144.28466610255,-0.5152657684929082,0.012999999999999996,0.013999999999999995,60,0.001
2024-03-27 01:00:00,2024-03-01,2024-04-01,49,25,24,0.5102040816326531,95144.28466610255,-0.5152657684929082,0.012999999999999996,0.013999999999999995,60,0.001
2024-03-27 04:00:00,2024-03-01,2024-04-01,49,25,24,0.5102040816326531,95144.28466610255,-0.5152657684929082,0.012999999999999996,0.013999999999999995,60,0.001
2024-03-27 05:00:00,2024-03-01,2024-04-01,49,25,24,0.5102040816326531,95144.28466610255,-0.5152657684929082,0.012999999999999996,0.013999999999999995,60,0.001
2024-03-27 06:00:00,2024-03-01,2024-04-01,49,25,24,0.5102040816326531,95144.28466610255,-0.5152657684929082,0.012999999999999996,0.013999999999999995,60,0.001
2024-03-27 07:00:00,2024-03-01,2024-04-01,49,25,24,0.5102040816326531,95144.28466610255,-0.5152657684929082,0.012999999999999996,0.013999999999999995,60,0.001
2024-03-27 10:00:00,2024-03-01,2024-04-01,49,25,24,0.5102040816326531,95144.28466610255,-0.5152657684929082,0.012999999999999996,0.013999999999999995,60,0.001
2024-03-27 11:00:00,2024-03-01,2024-04-01,49,25,24,0.5102040816326531,95144.28466610255,-0.5152657684929082,0.012999999999999996,0.013999999999999995,60,0.001
2024-03-27 12:00:00,2024-03-01,2024-04-01,49,25,24,0.5102040816326531,95144.28466610255,-0.5152657684929082,0.012999999999999996,0.013999999999999995,60,0.001
2024-03-27 13:00:00,2024-03-01,2024-04-01,49,25,24,0.5102040816326531,95144.28466610255,-0.5152657684929082,0.012999999999999996,0.013999999999999995,60,0.001
2024-03-27 14:00:00,2024-03-01,2024-04-01,49,25,24,0.5102040816326531,95144.28466610255,-0.5152657684929082,0.012999999999999996,0.013999999999999995,60,0.001
2024-03-27 15:00:00,2024-03-01,2024-04-01,49,25,24,0.5102040816326531,95144.28466610255,-0.5152657684929082,0.012999999999999996,0.013999999999999995,60,0.001
2024-03-27 23:00:00,2024-03-01,2024-04-01,49,25,24,0.5102040816326531,95144.28466610255,-0.5152657684929082,0.012999999999999996,0.013999999999999995,60,0.001
2024-03-28 12:00:00,2024-03-01,2024-04-01,49,25,24,0.5102040816326531,95144.28466610255,-0.25796561554044994,0.012999999999999996,0.013999999999999995,60,0.001
2024-03-28 13:00:00,2024-03-01,2024-04-01,49,25,24,0.5102040816326531,95144.28466610255,-0.25796561554044994,0.012999999999999996,0.013999999999999995,60,0.001
2024-03-28 14:00:00,2024-03-01,2024-04-01,49,25,24,0.5102040816326531,95144.28466610255,-0.25796561554044994,0.012999999999999996,0.013999999999999995,60,0.001
2024-03-28 20:00:00,2024-03-01,2024-04-01,49,25,24,0.5102040816326531,95144.28466610255,-0.25796561554044994,0.012999999999999996,0.013999999999999995,60,0.001
2024-03-28 21:00:00,2024-03-01,2024-04-01,49,25,24,0.5102040816326531,95144.28466610255,-0.25796561554044994,0.012999999999999996,0.013999999999999995,60,0.001
2024-03-28 22:00:00,2024-03-01,2024-04-01,49,25,24,0.5102040816326531,95144.28466610255,-0.25796561554044994,0.012999999999999996,0.013999999999999995,60,0.001
2024-03-28 23:00:00,2024-03-01,2024-04-01,49,25,24,0.5102040816326531,95144.28466610255,-0.25796561554044994,0.012999999999999996,0.013999999999999995,60,0.001
2024-03-30 00:00:00,2024-03-01,2024-04-01,49,25,24,0.5102040816326531,95144.28466610255,1.229100129999989,0.012999999999999996,0.013999999999999995,60,0.001
2024-03-30 01:00:00,2024-03-01,2024-04-01,49,25,24,0.5102040816326531,95144.28466610255,1.229100129999989,0.012999999999999996,0.013999999999999995,60,0.001
2024-03-30 16:00:00,2024-03-01,2024-04-01,49,25,24,0.5102040816326531,95144.28466610255,1.229100129999989,0.012999999999999996,0.013999999999999995,60,0.001
2024-03-30 17:00:00,2024-03-01,2024-04-01,49,25,24,0.5102040816326531,95144.28466610255,1.229100129999989,0.012999999999999996,0.013999999999999995,60,0.001
2024-03-31 08:00:00,2024-03-01,2024-04-01,49,25,24,0.5102040816326531,95144.28466610255,-0.25796561554044795,0.012999999999999996,0.013999999999999995,60,0.001
2024-03-31 09:00:00,2024-03-01,2024-04-01,49,25,24,0.5102040816326531,95144.28466610255,-0.25796561554044795,0.012999999999999996,0.013999999999999995,60,0.001
2024-03-31 10:00:00,2024-03-01,2024-04-01,49,25,24,0.5102040816326531,95144.28466610255,-0.25796561554044795,0.012999999999999996,0.013999999999999995,60,0.001
2024-03-31 11:00:00,2024-03-01,2024-04-01,49,25,24,0.5102040816326531,95144.28466610255,-0.25796561554044795,0.012999999999999996,0.013999999999999995,60,0.001
2024-03-31 12:00:00,2024-03-01,2024-04-01,49,25,24,0.5102040816326531,95144.28466610255,-0.25796561554044795,0.012999999999999996,0.013999999999999995,60,0.001
2024-03-31 13:00:00,2024-03-01,2024-04-01,49,25,24,0.5102040816326531,95144.28466610255,-0.25796561554044795,0.012999999999999996,0.013999999999999995,60,0.001
2024-03-31 14:00:00,2024-03-01,2024-04-01,49,25,24,0.5102040816326531,95144.28466610255,-0.25796561554044795,0.012999999999999996,0.013999999999999995,60,0.001
2024-03-31 15:00:00,2024-03-01,2024-04-01,49,25,24,0.5102040816326531,95144.28466610255,-0.25796561554044795,0.012999999999999996,0.013999999999999995,60,0.001
2024-03-31 20:00:00,2024-03-01,2024-04-01,49,25,24,0.5102040816326531,95144.28466610255,-0.25796561554044795,0.012999999999999996,0.013999999999999995,60,0.001
2024-03-31 21:00:00,2024-03-01,2024-04-01,49,25,24,0.5102040816326531,95144.28466610255,-0.25796561554044795,0.012999999999999996,0.013999999999999995,60,0.001
2024-04-01 06:00:00,2024-04-01,2024-05-01,43,21,22,0.4883720930232558,91690.9891370549,-0.35163436024929984,0.009999999999999998,0.011999999999999997,110,0.0012000000000000001
2024-04-01 07:00:00,2024-04-01,2024-05-01,43,21,22,0.4883720930232558,91690.9891370549,-0.35163436024929984,0.009999999999999998,0.011999999999999997,110,0.0012000000000000001
2024-04-01 08:00:00,2024-04-01,2024-05-01,43,21,22,0.4883720930232558,91690.9891370549,-0.35163436024929984,0.009999999999999998,0.011999999999999997,110,0.0012000000000000001
2024-04-01 09:00:00,2024-04-01,2024-05-01,43,21,22,0.4883720930232558,91690.9891370549,-0.35163436024929984,0.009999999999999998,0.011999999999999997,110,0.0012000000000000001
2024-04-01 10:00:00,2024-04-01,2024-05-01,43,21,22,0.4883720930232558,91690.9891370549,-0.35163436024929984,0.009999999999999998,0.011999999999999997,110,0.0012000000000000001
2024-04-01 11:00:00,2024-04-01,2024-05-01,43,21,22,0.4883720930232558,91690.9891370549,-0.35163436024929984,0.009999999999999998,0.011999999999999997,110,0.0012000000000000001
2024-04-01 12:00:00,2024-04-01,2024-05-01,43,21,22,0.4883720930232558,91690.9891370549,-0.35163436024929984,0.009999999999999998,0.011999999999999997,110,0.0012000000000000001
2024-04-01 13:00:00,2024-04-01,2024-05-01,43,21,22,0.4883720930232558,91690.9891370549,-0.35163436024929984,0.009999999999999998,0.011999999999999997,110,0.0012000000000000001
2024-04-01 14:00:00,2024-04-01,2024-05-01,43,21,22,0.4883720930232558,91690.9891370549,-0.35163436024929984,0.009999999999999998,0.011999999999999997,110,0.0012000000000000001
2024-04-01 15:00:00,2024-04-01,2024-05-01,43,21,22,0.4883720930232558,91690.9891370549,-0.35163436024929984,0.009999999999999998,0.011999999999999997,110,0.0012000000000000001
2024-04-01 16:00:00,2024-04-01,2024-05-01,43,21,22,0.4883720930232558,91690.9891370549,-0.35163436024929984,0.009999999999999998,0.011999999999999997,110,0.0012000000000000001
2024-04-03 16:00:00,2024-04-01,2024-05-01,43,21,22,0.4883720930232558,91690.9891370549,0.9293101000000107,0.009999999999999998,0.011999999999999997,110,0.0012000000000000001
2024-04-03 17:00:00,2024-04-01,2024-05-01,43,21,22,0.4883720930232558,91690.9891370549,0.9293101000000107,0.009999999999999998,0.011999999999999997,110,0.0012000000000000001
2024-04-03 18:00:00,2024-04-01,2024-05-01,43,21,22,0.4883720930232558,91690.9891370549,0.9293101000000107,0.009999999999999998,0.011999999999999997,110,0.0012000000000000001
2024-04-04 00:00:00,2024-04-01,2024-05-01,43,21,22,0.4883720930232558,91690.9891370549,-1.2691501199999944,0.009999999999999998,0.011999999999999997,110,0.0012000000000000001
2024-04-04 01:00:00,2024-04-01,2024-05-01,43,21,22,0.4883720930232558,91690.9891370549,-1.2691501199999944,0.009999999999999998,0.011999999999999997,110,0.0012000000000000001
2024-04-04 02:00:00,2024-04-01,2024-05-01,43,21,22,0.4883720930232558,91690.9891370549,-1.2691501199999944,0.009999999999999998,0.011999999999999997,110,0.0012000000000000001
2024-04-04 03:00:00,2024-04-01,2024-05-01,43,21,22,0.4883720930232558,91690.9891370549,-1.2691501199999944,0.009999999999999998,0.011999999999999997,110,0.0012000000000000001
2024-04-05 02:00:00,2024-04-01,2024-05-01,43,21,22,0.4883720930232558,91690.9891370549,-0.35163436024930933,0.009999999999999998,0.011999999999999997,110,0.0012000000000000001
2024-04-05 19:00:00,2024-04-01,2024-05-01,43,21,22,0.4883720930232558,91690.9891370549,-0.35163436024930933,0.009999999999999998,0.011999999999999997,110,0.0012000000000000001
2024-04-05 20:00:00,2024-04-01,2024-05-01,43,21,22,0.4883720930232558,91690.9891370549,-0.35163436024930933,0.009999999999999998,0.011999999999999997,110,0.0012000000000000001
2024-04-05 21:00:00,2024-04-01,2024-05-01,43,21,22,0.4883720930232558,91690.9891370549,-0.35163436024930933,0.009999999999999998,0.011999999999999997,110,0.0012000000000000001
2024-04-05 22:00:00,2024-04-01,2024-05-01,43,21,22,0.4883720930232558,91690.9891370549,-0.35163436024930933,0.009999999999999998,0.011999999999999997,110,0.0012000000000000001
2024-04-06 08:00:00,2024-04-01,2024-05-01,43,21,22,0.4883720930232558,91690.9891370549,-1.2691501199999993,0.009999999999999998,0.011999999999999997,110,0.0012000000000000001
2024-04-06 09:00:00,2024-04-01,2024-05-01,43,21,22,0.4883720930232558,91690.9891370549,-1.2691501199999993,0.009999999999999998,0.011999999999999997,110,0.0012000000000000001
2024-04-06 10:00:00,2024-04-01,2024-05-01,43,21,22,0.4883720930232558,91690.9891370549,-1.2691501199999993,0.009999999999999998,0.011999999999999997,110,0.0012000000000000001
2024-04-06 11:00:00,2024-04-01,2024-05-01,43,21,22,0.4883720930232558,91690.9891370549,-1.2691501199999993,0.009999999999999998,0.011999999999999997,110,0.0012000000000000001
2024-04-07 01:00:00,2024-04-01,2024-05-01,43,21,22,0.4883720930232558,91690.9891370549,-1.2691501199999895,0.009999999999999998,0.011999999999999997,110,0.0012000000000000001
2024-04-07 08:00:00,2024-04-01,2024-05-01,43,21,22,0.4883720930232558,91690.9891370549,-1.2691501199999895,0.009999999999999998,0.011999999999999997,110,0.0012000000000000001
2024-04-07 09:00:00,2024-04-01,2024-05-01,43,21,22,0.4883720930232558,91690.9891370549,-1.2691501199999895,0.009999999999999998,0.011999999999999997,110,0.0012000000000000001
2024-04-07 10:00:00,2024-04-01,2024-05-01,43,21,22,0.4883720930232558,91690.9891370549,-1.2691501199999895,0.009999999999999998,0.011999999999999997,110,0.0012000000000000001
2024-04-08 09:00:00,2024-04-01,2024-05-01,43,21,22,0.4883720930232558,91690.9891370549,1.8672563726196294,0.009999999999999998,0.011999999999999997,110,0.0012000000000000001
2024-04-08 10:00:00,2024-04-01,2024-05-01,43,21,22,0.4883720930232558,91690.9891370549,1.8672563726196294,0.009999999999999998,0.011999999999999997,110,0.0012000000000000001
2024-04-08 11:00:00,2024-04-01,2024-05-01,43,21,22,0.4883720930232558,91690.9891370549,1.8672563726196294,0.009999999999999998,0.011999999999999997,110,0.0012000000000000001
2024-04-08 12:00:00,2024-04-01,2024-05-01,43,21,22,0.4883720930232558,91690.9891370549,1.8672563726196294,0.009999999999999998,0.011999999999999997,110,0.0012000000000000001
2024-04-08 13:00:00,2024-04-01,2024-05-01,43,21,22,0.4883720930232558,91690.9891370549,1.8672563726196294,0.009999999999999998,0.011999999999999997,110,0.0012000000000000001
2024-04-08 14:00:00,2024-04-01,2024-05-01,43,21,22,0.4883720930232558,91690.9891370549,1.8672563726196294,0.009999999999999998,0.011999999999999997,110,0.0012000000000000001
2024-04-08 15:00:00,2024-04-01,2024-05-01,43,21,22,0.4883720930232558,91690.9891370549,1.8672563726196294,0.009999999999999998,0.011999999999999997,110,0.0012000000000000001
2024-04-10 20:00:00,2024-04-01,2024-05-01,43,21,22,0.4883720930232558,91690.9891370549,0.9293101000000109,0.009999999999999998,0.011999999999999997,110,0.0012000000000000001
2024-04-10 21:00:00,2024-04-01,2024-05-01,43,21,22,0.4883720930232558,91690.9891370549,0.9293101000000109,0.009999999999999998,0.011999999999999997,110,0.0012000000000000001
2024-04-10 22:00:00,2024-04-01,2024-05-01,43,21,22,0.4883720930232558,91690.9891370549,0.9293101000000109,0.009999999999999998,0.011999999999999997,110,0.0012000000000000001
2024-04-11 04:00:00,2024-04-01,2024-05-01,43,21,22,0.4883720930232558,91690.9891370549,1.8672563726196425,0.009999999999999998,0.011999999999999997,110,0.0012000000000000001
2024-04-11 05:00:00,2024-04-01,2024-05-01,43,21,22,0.4883720930232558,91690.9891370549,1.8672563726196425,0.009999999999999998,0.011999999999999997,110,0.0012000000000000001
2024-04-11 06:00:00,2024-04-01,2024-05-01,43,21,22,0.4883720930232558,91690.9891370549,1.8672563726196425,0.009999999999999998,0.011999999999999997,110,0.0012000000000000001
2024-04-11 07:00:00,2024-04-01,2024-05-01,43,21,22,0.4883720930232558,91690.9891370549,1.8672563726196425,0.009999999999999998,0.011999999999999997,110,0.0012000000000000001
2024-04-11 21:00:00,2024-04-01,2024-05-01,43,21,22,0.4883720930232558,91690.9891370549,1.8672563726196425,0.009999999999999998,0.011999999999999997,110,0.0012000000000000001
2024-04-12 09:00:00,2024-04-01,2024-05-01,43,21,22,0.4883720930232558,91690.9891370549,-0.35163436024930395,0.009999999999999998,0.011999999999999997,110,0.0012000000000000001
2024-04-12 10:00:00,2024-04-01,2024-05-01,43,21,22,0.4883720930232558,91690.9891370549,-0.35163436024930395,0.009999999999999998,0.011999999999999997,110,0.0012000000000000001
2024-04-12 11:00:00,2024-04-01,2024-05-01,43,21,22,0.4883720930232558,91690.9891370549,-0.35163436024930395,0.009999999999999998,0.011999999999999997,110,0.0012000000000000001
2024-04-12 12:00:00,2024-04-01,2024-05-01,43,21,22,0.4883720930232558,91690.9891370549,-0.35163436024930395,0.009999999999999998,0.011999999999999997,110,0.0012000000000000001
2024-04-12 21:00:00,2024-04-01,2024-05-01,43,21,22,0.4883720930232558,91690.9891370549,-0.35163436024930395,0.009999999999999998,0.011999999999999997,110,0.0012000000000000001
2024-04-13 00:00:00,2024-04-01,2024-05-01,43,21,22,0.4883720930232558,91690.9891370549,-1.6163217123442233,0.009999999999999998,0.011999999999999997,110,0.0012000000000000001
2024-04-13 01:00:00,2024-04-01,2024-05-01,43,21,22,0.4883720930232558,91690.9891370549,-1.6163217123442233,0.009999999999999998,0.011999999999999997,110,0.0012000000000000001
2024-04-13 02:00:00,2024-04-01,2024-05-01,43,21,22,0.4883720930232558,91690.9891370549,-1.6163217123442233,0.009999999999999998,0.011999999999999997,110,0.0012000000000000001
2024-04-13 03:00:00,2024-04-01,2024-05-01,43,21,22,0.4883720930232558,91690.9891370549,-1.6163217123442233,0.009999999999999998,0.011999999999999997,110,0.0012000000000000001
2024-04-13 20:00:00,2024-04-01,2024-05-01,43,21,22,0.4883720930232558,91690.9891370549,-1.6163217123442233,0.009999999999999998,0.011999999999999997,110,0.0012000000000000001
2024-04-13 21:00:00,2024-04-01,2024-05-01,43,21,22,0.4883720930232558,91690.9891370549,-1.6163217123442233,0.009999999999999998,0.011999999999999997,110,0.0012000000000000001
2024-04-13 22:00:00,2024-04-01,2024-05-01,43,21,22,0.4883720930232558,91690.9891370549,-1.6163217123442233,0.009999999999999998,0.011999999999999997,110,0.0012000000000000001
2024-04-14 00:00:00,2024-04-01,2024-05-01,43,21,22,0.4883720930232558,91690.9891370549,1.8672563726196423,0.009999999999999998,0.011999999999999997,110,0.0012000000000000001
2024-04-14 01:00:00,2024-04-01,2024-05-01,43,21,22,0.4883720930232558,91690.9891370549,1.8672563726196423,0.009999999999999998,0.011999999999999997,110,0.0012000000000000001
2024-04-14 02:00:00,2024-04-01,2024-05-01,43,21,22,0.4883720930232558,91690.9891370549,1.8672563726196423,0.009999999999999998,0.011999999999999997,110,0.0012000000000000001
2024-04-14 05:00:00,2024-04-01,2024-05-01,43,21,22,0.4883720930232558,91690.9891370549,1.8672563726196423,0.009999999999999998,0.011999999999999997,110,0.0012000000000000001
2024-04-15 07:00:00,2024-04-01,2024-05-01,43,21,22,0.4883720930232558,91690.9891370549,-0.3516343602492983,0.009999999999999998,0.011999999999999997,110,0.0012000000000000001
2024-04-15 08:00:00,2024-04-01,2024-05-01,43,21,22,0.4883720930232558,91690.9891370549,-0.3516343602492983,0.009999999999999998,0.011999999999999997,110,0.0012000000000000001
2024-04-15 09:00:00,2024-04-01,2024-05-01,43,21,22,0.4883720930232558,91690.9891370549,-0.3516343602492983,0.009999999999999998,0.011999999999999997,110,0.0012000000000000001
2024-04-15 20:00:00,2024-04-01,2024-05-01,43,21,22,0.4883720930232558,91690.9891370549,-0.3516343602492983,0.009999999999999998,0.011999999999999997,110,0.0012000000000000001
2024-04-15 21:00:00,2024-04-01,2024-05-01,43,21,22,0.4883720930232558,91690.9891370549,-0.3516343602492983,0.009999999999999998,0.011999999999999997,110,0.0012000000000000001
2024-04-15 22:00:00,2024-04-01,2024-05-01,43,21,22,0.4883720930232558,91690.9891370549,-0.3516343602492983,0.009999999999999998,0.011999999999999997,110,0.0012000000000000001
2024-04-15 23:00:00,2024-04-01,2024-05-01,43,21,22,0.4883720930232558,91690.9891370549,-0.3516343602492983,0.009999999999999998,0.011999999999999997,110,0.0012000000000000001
2024-04-16 00:00:00,2024-04-01,2024-05-01,43,21,22,0.4883720930232558,91690.9891370549,-1.269150119999995,0.009999999999999998,0.011999999999999997,110,0.0012000000000000001
2024-04-16 01:00:00,2024-04-01,2024-05-01,43,21,22,0.4883720930232558,91690.9891370549,-1.269150119999995,0.009999999999999998,0.011999999999999997,110,0.0012000000000000001
2024-04-16 02:00:00,2024-04-01,2024-05-01,43,21,22,0.4883720930232558,91690.9891370549,-1.269150119999995,0.009999999999999998,0.011999999999999997,110,0.0012000000000000001
2024-04-16 03:00:00,2024-04-01,2024-05-01,43,21,22,0.4883720930232558,91690.9891370549,-1.269150119999995,0.009999999999999998,0.011999999999999997,110,0.0012000000000000001
2024-04-17 12:00:00,2024-04-01,2024-05-01,43,21,22,0.4883720930232558,91690.9891370549,-2.5221928197290167,0.009999999999999998,0.011999999999999997,110,0.0012000000000000001
2024-04-17 16:00:00,2024-04-01,2024-05-01,43,21,22,0.4883720930232558,91690.9891370549,-2.5221928197290167,0.009999999999999998,0.011999999999999997,110,0.0012000000000000001
2024-04-17 17:00:00,2024-04-01,2024-05-01,43,21,22,0.4883720930232558,91690.9891370549,-2.5221928197290167,0.009999999999999998,0.011999999999999997,110,0.0012000000000000001
2024-04-18 15:00:00,2024-04-01,2024-05-01,43,21,22,0.4883720930232558,91690.9891370549,-2.522192819729037,0.009999999999999998,0.011999999999999997,110,0.0012000000000000001
2024-04-18 16:00:00,2024-04-01,2024-05-01,43,21,22,0.4883720930232558,91690.9891370549,-2.522192819729037,0.009999999999999998,0.011999999999999997,110,0.0012000000000000001
2024-04-18 17:00:00,2024-04-01,2024-05-01,43,21,22,0.4883720930232558,91690.9891370549,-2.522192819729037,0.009999999999999998,0.011999999999999997,110,0.0012000000000000001
2024-04-18 18:00:00,2024-04-01,2024-05-01,43,21,22,0.4883720930232558,91690.9891370549,-2.522192819729037,0.009999999999999998,0.011999999999999997,110,0.0012000000000000001
2024-04-18 19:00:00,2024-04-01,2024-05-01,43,21,22,0.4883720930232558,91690.9891370549,-2.522192819729037,0.009999999999999998,0.011999999999999997,110,0.0012000000000000001
2024-04-18 20:00:00,2024-04-01,2024-05-01,43,21,22,0.4883720930232558,91690.9891370549,-2.522192819729037,0.009999999999999998,0.011999999999999997,110,0.0012000000000000001
2024-04-18 21:00:00,2024-04-01,2024-05-01,43,21,22,0.4883720930232558,91690.9891370549,-2.522192819729037,0.009999999999999998,0.011999999999999997,110,0.0012000000000000001
2024-04-19 15:00:00,2024-04-01,2024-05-01,43,21,22,0.4883720930232558,91690.9891370549,0.9293101000000019,0.009999999999999998,0.011999999999999997,110,0.0012000000000000001
2024-04-19 16:00:00,2024-04-01,2024-05-01,43,21,22,0.4883720930232558,91690.9891370549,0.9293101000000019,0.009999999999999998,0.011999999999999997,110,0.0012000000000000001
2024-04-20 02:00:00,2024-04-01,2024-05-01,43,21,22,0.4883720930232558,91690.9891370549,-2.5221928197290397,0.009999999999999998,0.011999999999999997,110,0.0012000000000000001
2024-04-20 03:00:00,2024-04-01,2024-05-01,43,21,22,0.4883720930232558,91690.9891370549,-2.5221928197290397,0.009999999999999998,0.011999999999999997,110,0.0012000000000000001
2024-04-20 04:00:00,2024-04-01,2024-05-01,43,21,22,0.4883720930232558,91690.9891370549,-2.5221928197290397,0.009999999999999998,0.011999999999999997,110,0.0012000000000000001
2024-04-20 05:00:00,2024-04-01,2024-05-01,43,21,22,0.4883720930232558,91690.9891370549,-2.5221928197290397,0.009999999999999998,0.011999999999999997,110,0.0012000000000000001
2024-04-20 06:00:00,2024-04-01,2024-05-01,43,21,22,0.4883720930232558,91690.9891370549,-2.5221928197290397,0.009999999999999998,0.011999999999999997,110,0.0012000000000000001
2024-04-20 07:00:00,2024-04-01,2024-05-01,43,21,22,0.4883720930232558,91690.9891370549,-2.5221928197290397,0.009999999999999998,0.011999999999999997,110,0.0012000000000000001
2024-04-20 08:00:00,2024-04-01,2024-05-01,43,21,22,0.4883720930232558,91690.9891370549,-2.5221928197290397,0.009999999999999998,0.011999999999999997,110,0.0012000000000000001
2024-04-20 20:00:00,2024-04-01,2024-05-01,43,21,22,0.4883720930232558,91690.9891370549,-2.5221928197290397,0.009999999999999998,0.011999999999999997,110,0.0012000000000000001
2024-04-21 20:00:00,2024-04-01,2024-05-01,43,21,22,0.4883720930232558,91690.9891370549,-1.2691501199999933,0.009999999999999998,0.011999999999999997,110,0.0012000000000000001
2024-04-21 21:00:00,2024-04-01,2024-05-01,43,21,22,0.4883720930232558,91690.9891370549,-1.2691501199999933,0.009999999999999998,0.011999999999999997,110,0.0012000000000000001
2024-04-22 15:00:00,2024-04-01,2024-05-01,43,21,22,0.4883720930232558,91690.9891370549,-1.2691501199999888,0.009999999999999998,0.011999999999999997,110,0.0012000000000000001
2024-04-22 16:00:00,2024-04-01,2024-05-01,43,21,22,0.4883720930232558,91690.9891370549,-1.2691501199999888,0.009999999999999998,0.011999999999999997,110,0.0012000000000000001
2024-04-22 17:00:00,2024-04-01,2024-05-01,43,21,22,0.4883720930232558,91690.9891370549,-1.2691501199999888,0.009999999999999998,0.011999999999999997,110,0.0012000000000000001
2024-04-22 18:00:00,2024-04-01,2024-05-01,43,21,22,0.4883720930232558,91690.9891370549,-1.2691501199999888,0.009999999999999998,0.011999999999999997,110,0.0012000000000000001
2024-04-22 19:00:00,2024-04-01,2024-05-01,43,21,22,0.4883720930232558,91690.9891370549,-1.2691501199999888,0.009999999999999998,0.011999999999999997,110,0.0012000000000000001
2024-04-22 20:00:00,2024-04-01,2024-05-01,43,21,22,0.4883720930232558,91690.9891370549,-1.2691501199999888,0.009999999999999998,0.011999999999999997,110,0.0012000000000000001
2024-04-22 21:00:00,2024-04-01,2024-05-01,43,21,22,0.4883720930232558,91690.9891370549,-1.2691501199999888,0.009999999999999998,0.011999999999999997,110,0.0012000000000000001
2024-04-22 22:00:00,2024-04-01,2024-05-01,43,21,22,0.4883720930232558,91690.9891370549,-1.2691501199999888,0.009999999999999998,0.011999999999999997,110,0.0012000000000000001
2024-04-22 23:00:00,2024-04-01,2024-05-01,43,21,22,0.4883720930232558,91690.9891370549,-1.2691501199999888,0.009999999999999998,0.011999999999999997,110,0.0012000000000000001
2024-04-23 00:00:00,2024-04-01,2024-05-01,43,21,22,0.4883720930232558,91690.9891370549,0.0,0.009999999999999998,0.011999999999999997,110,0.0012000000000000001
2024-04-23 01:00:00,2024-04-01,2024-05-01,43,21,22,0.4883720930232558,91690.9891370549,0.0,0.009999999999999998,0.011999999999999997,110,0.0012000000000000001
2024-04-23 02:00:00,2024-04-01,2024-05-01,43,21,22,0.4883720930232558,91690.9891370549,0.0,0.009999999999999998,0.011999999999999997,110,0.0012000000000000001
2024-04-23 03:00:00,2024-04-01,2024-05-01,43,21,22,0.4883720930232558,91690.9891370549,0.0,0.009999999999999998,0.011999999999999997,110,0.0012000000000000001
2024-04-23 04:00:00,2024-04-01,2024-05-01,43,21,22,0.4883720930232558,91690.9891370549,0.0,0.009999999999999998,0.011999999999999997,110,0.0012000000000000001
2024-04-23 05:00:00,2024-04-01,2024-05-01,43,21,22,0.4883720930232558,91690.9891370549,0.0,0.009999999999999998,0.011999999999999997,110,0.0012000000000000001
2024-04-24 04:00:00,2024-04-01,2024-05-01,43,21,22,0.4883720930232558,91690.9891370549,1.8672563726196318,0.009999999999999998,0.011999999999999997,110,0.0012000000000000001
2024-04-24 05:00:00,2024-04-01,2024-05-01,43,21,22,0.4883720930232558,91690.9891370549,1.8672563726196318,0.009999999999999998,0.011999999999999997,110,0.0012000000000000001
2024-04-24 06:00:00,2024-04-01,2024-05-01,43,21,22,0.4883720930232558,91690.9891370549,1.8672563726196318,0.009999999999999998,0.011999999999999997,110,0.0012000000000000001
2024-04-24 07:00:00,2024-04-01,2024-05-01,43,21,22,0.4883720930232558,91690.9891370549,1.8672563726196318,0.009999999999999998,0.011999999999999997,110,0.0012000000000000001
2024-04-24 08:00:00,2024-04-01,2024-05-01,43,21,22,0.4883720930232558,91690.9891370549,1.8672563726196318,0.009999999999999998,0.011999999999999997,110,0.0012000000000000001
2024-04-24 21:00:00,2024-04-01,2024-05-01,43,21,22,0.4883720930232558,91690.9891370549,1.8672563726196318,0.009999999999999998,0.011999999999999997,110,0.0012000000000000001
2024-04-24 22:00:00,2024-04-01,2024-05-01,43,21,22,0.4883720930232558,91690.9891370549,1.8672563726196318,0.009999999999999998,0.011999999999999997,110,0.0012000000000000001
2024-04-24 23:00:00,2024-04-01,2024-05-01,43,21,22,0.4883720930232558,91690.9891370549,1.8672563726196318,0.009999999999999998,0.011999999999999997,110,0.0012000000000000001
2024-04-25 00:00:00,2024-04-01,2024-05-01,43,21,22,0.4883720930232558,91690.9891370549,-2.5221928197290184,0.009999999999999998,0.011999999999999997,110,0.0012000000000000001
2024-04-25 08:00:00,2024-04-01,2024-05-01,43,21,22,0.4883720930232558,91690.9891370549,-2.5221928197290184,0.009999999999999998,0.011999999999999997,110,0.0012000000000000001
2024-04-25 21:00:00,2024-04-01,2024-05-01,43,21,22,0.4883720930232558,91690.9891370549,-2.5221928197290184,0.009999999999999998,0.011999999999999997,110,0.0012000000000000001
2024-04-25 22:00:00,2024-04-01,2024-05-01,43,21,22,0.4883720930232558,91690.9891370549,-2.5221928197290184,0.009999999999999998,0.011999999999999997,110,0.0012000000000000001
2024-04-25 23:00:00,2024-04-01,2024-05-01,43,21,22,0.4883720930232558,91690.9891370549,-2.5221928197290184,0.009999999999999998,0.011999999999999997,110,0.0012000000000000001
2024-04-26 00:00:00,2024-04-01,2024-05-01,43,21,22,0.4883720930232558,91690.9891370549,0.0,0.009999999999999998,0.011999999999999997,110,0.0012000000000000001
2024-04-26 20:00:00,2024-04-01,2024-05-01,43,21,22,0.4883720930232558,91690.9891370549,0.0,0.009999999999999998,0.011999999999999997,110,0.0012000000000000001
2024-04-27 04:00:00,2024-04-01,2024-05-01,43,21,22,0.4883720930232558,91690.9891370549,-0.3516343602492973,0.009999999999999998,0.011999999999999997,110,0.0012000000000000001
2024-04-27 12:00:00,2024-04-01,2024-05-01,43,21,22,0.4883720930232558,91690.9891370549,-0.3516343602492973,0.009999999999999998,0.011999999999999997,110,0.0012000000000000001
2024-04-28 08:00:00,2024-04-01,2024-05-01,43,21,22,0.4883720930232558,91690.9891370549,0.9293101000000026,0.009999999999999998,0.011999999999999997,110,0.0012000000000000001
2024-04-28 09:00:00,2024-04-01,2024-05-01,43,21,22,0.4883720930232558,91690.9891370549,0.9293101000000026,0.009999999999999998,0.011999999999999997,110,0.0012000000000000001
2024-04-28 10:00:00,2024-04-01,2024-05-01,43,21,22,0.4883720930232558,91690.9891370549,0.9293101000000026,0.009999999999999998,0.011999999999999997,110,0.0012000000000000001
2024-04-28 11:00:00,2024-04-01,2024-05-01,43,21,22,0.4883720930232558,91690.9891370549,0.9293101000000026,0.009999999999999998,0.011999999999999997,110,0.0012000000000000001
2024-04-28 12:00:00,2024-04-01,2024-05-01,43,21,22,0.4883720930232558,91690.9891370549,0.9293101000000026,0.009999999999999998,0.011999999999999997,110,0.0012000000000000001
2024-04-28 13:00:00,2024-04-01,2024-05-01,43,21,22,0.4883720930232558,91690.9891370549,0.9293101000000026,0.009999999999999998,0.011999999999999997,110,0.0012000000000000001
2024-04-29 04:00:00,2024-04-01,2024-05-01,43,21,22,0.4883720930232558,91690.9891370549,0.9293101000000076,0.009999999999999998,0.011999999999999997,110,0.0012000000000000001
2024-04-29 05:00:00,2024-04-01,2024-05-01,43,21,22,0.4883720930232558,91690.9891370549,0.9293101000000076,0.009999999999999998,0.011999999999999997,110,0.0012000000000000001
2024-04-29 06:00:00,2024-04-01,2024-05-01,43,21,22,0.4883720930232558,91690.9891370549,0.9293101000000076,0.009999999999999998,0.011999999999999997,110,0.0012000000000000001
2024-04-29 07:00:00,2024-04-01,2024-05-01,43,21,22,0.4883720930232558,91690.9891370549,0.9293101000000076,0.009999999999999998,0.011999999999999997,110,0.0012000000000000001
2024-04-29 09:00:00,2024-04-01,2024-05-01,43,21,22,0.4883720930232558,91690.9891370549,0.9293101000000076,0.009999999999999998,0.011999999999999997,110,0.0012000000000000001
2024-04-30 03:00:00,2024-04-01,2024-05-01,43,21,22,0.4883720930232558,91690.9891370549,0.5744079661258578,0.009999999999999998,0.011999999999999997,110,0.0012000000000000001
2024-04-30 17:00:00,2024-04-01,2024-05-01,43,21,22,0.4883720930232558,91690.9891370549,0.5744079661258578,0.009999999999999998,0.011999999999999997,110,0.0012000000000000001
2024-04-30 18:00:00,2024-04-01,2024-05-01,43,21,22,0.4883720930232558,91690.9891370549,0.5744079661258578,0.009999999999999998,0.011999999999999997,110,0.0012000000000000001
2024-04-30 19:00:00,2024-04-01,2024-05-01,43,21,22,0.4883720930232558,91690.9891370549,0.5744079661258578,0.009999999999999998,0.011999999999999997,110,0.0012000000000000001
2024-04-30 20:00:00,2024-04-01,2024-05-01,43,21,22,0.4883720930232558,91690.9891370549,0.5744079661258578,0.009999999999999998,0.011999999999999997,110,0.0012000000000000001
2024-04-30 21:00:00,2024-04-01,2024-05-01,43,21,22,0.4883720930232558,91690.9891370549,0.5744079661258578,0.009999999999999998,0.011999999999999997,110,0.0012000000000000001
2024-04-30 22:00:00,2024-04-01,2024-05-01,43,21,22,0.4883720930232558,91690.9891370549,0.5744079661258578,0.009999999999999998,0.011999999999999997,110,0.0012000000000000001
2024-04-30 23:00:00,2024-04-01,2024-05-01,43,21,22,0.4883720930232558,91690.9891370549,0.5744079661258578,0.009999999999999998,0.011999999999999997,110,0.0012000000000000001
2024-05-01 14:00:00,2024-05-01,2024-06-01,49,24,25,0.4897959183673469,102310.17382425428,0.2887496251412958,0.013999999999999995,0.010999999999999998,60,0.0002
2024-05-01 15:00:00,2024-05-01,2024-06-01,49,24,25,0.4897959183673469,102310.17382425428,0.2887496251412958,0.013999999999999995,0.010999999999999998,60,0.0002
2024-05-01 16:00:00,2024-05-01,2024-06-01,49,24,25,0.4897959183673469,102310.17382425428,0.2887496251412958,0.013999999999999995,0.010999999999999998,60,0.0002
2024-05-01 17:00:00,2024-05-01,2024-06-01,49,24,25,0.4897959183673469,102310.17382425428,0.2887496251412958,0.013999999999999995,0.010999999999999998,60,0.0002
2024-05-01 18:00:00,2024-05-01,2024-06-01,49,24,25,0.4897959183673469,102310.17382425428,0.2887496251412958,0.013999999999999995,0.010999999999999998,60,0.0002
2024-05-01 19:00:00,2024-05-01,2024-06-01,49,24,25,0.4897959183673469,102310.17382425428,0.2887496251412958,0.013999999999999995,0.010999999999999998,60,0.0002
2024-05-01 20:00:00,2024-05-01,2024-06-01,49,24,25,0.4897959183673469,102310.17382425428,0.2887496251412958,0.013999999999999995,0.010999999999999998,60,0.0002
2024-05-02 09:00:00,2024-05-01,2024-06-01,49,24,25,0.4897959183673469,102310.17382425428,1.3290301400000164,0.013999999999999995,0.010999999999999998,60,0.0002
2024-05-03 00:00:00,2024-05-01,2024-06-01,49,24,25,0.4897959183673469,102310.17382425428,-2.1838526831709,0.013999999999999995,0.010999999999999998,60,0.0002
2024-05-03 01:00:00,2024-05-01,2024-06-01,49,24,25,0.4897959183673469,102310.17382425428,-2.1838526831709,0.013999999999999995,0.010999999999999998,60,0.0002
2024-05-03 05:00:00,2024-05-01,2024-06-01,49,24,25,0.4897959183673469,102310.17382425428,-2.1838526831709,0.013999999999999995,0.010999999999999998,60,0.0002
2024-05-03 06:00:00,2024-05-01,2024-06-01,49,24,25,0.4897959183673469,102310.17382425428,-2.1838526831709,0.013999999999999995,0.010999999999999998,60,0.0002
2024-05-03 12:00:00,2024-05-01,2024-06-01,49,24,25,0.4897959183673469,102310.17382425428,-2.1838526831709,0.013999999999999995,0.010999999999999998,60,0.0002
2024-05-03 13:00:00,2024-05-01,2024-06-01,49,24,25,0.4897959183673469,102310.17382425428,-2.1838526831709,0.013999999999999995,0.010999999999999998,60,0.0002
2024-05-03 14:00:00,2024-05-01,2024-06-01,49,24,25,0.4897959183673469,102310.17382425428,-2.1838526831709,0.013999999999999995,0.010999999999999998,60,0.0002
2024-05-03 15:00:00,2024-05-01,2024-06-01,49,24,25,0.4897959183673469,102310.17382425428,-2.1838526831709,0.013999999999999995,0.010999999999999998,60,0.0002
2024-05-03 16:00:00,2024-05-01,2024-06-01,49,24,25,0.4897959183673469,102310.17382425428,-2.1838526831709,0.013999999999999995,0.010999999999999998,60,0.0002
2024-05-04 11:00:00,2024-05-01,2024-06-01,49,24,25,0.4897959183673469,102310.17382425428,1.3290301400000082,0.013999999999999995,0.010999999999999998,60,0.0002
2024-05-04 12:00:00,2024-05-01,2024-06-01,49,24,25,0.4897959183673469,102310.17382425428,1.3290301400000082,0.013999999999999995,0.010999999999999998,60,0.0002
2024-05-05 11:00:00,2024-05-01,2024-06-01,49,24,25,0.4897959183673469,102310.17382425428,-1.0266362101970474,0.013999999999999995,0.010999999999999998,60,0.0002
2024-05-05 12:00:00,2024-05-01,2024-06-01,49,24,25,0.4897959183673469,102310.17382425428,-1.0266362101970474,0.013999999999999995,0.010999999999999998,60,0.0002
2024-05-05 13:00:00,2024-05-01,2024-06-01,49,24,25,0.4897959183673469,102310.17382425428,-1.0266362101970474,0.013999999999999995,0.010999999999999998,60,0.0002
2024-05-05 14:00:00,2024-05-01,2024-06-01,49,24,25,0.4897959183673469,102310.17382425428,-1.0266362101970474,0.013999999999999995,0.010999999999999998,60,0.0002
2024-05-05 15:00:00,2024-05-01,2024-06-01,49,24,25,0.4897959183673469,102310.17382425428,-1.0266362101970474,0.013999999999999995,0.010999999999999998,60,0.0002
2024-05-05 16:00:00,2024-05-01,2024-06-01,49,24,25,0.4897959183673469,102310.17382425428,-1.0266362101970474,0.013999999999999995,0.010999999999999998,60,0.0002
2024-05-05 18:00:00,2024-05-01,2024-06-01,49,24,25,0.4897959183673469,102310.17382425428,-1.0266362101970474,0.013999999999999995,0.010999999999999998,60,0.0002
2024-05-05 19:00:00,2024-05-01,2024-06-01,49,24,25,0.4897959183673469,102310.17382425428,-1.0266362101970474,0.013999999999999995,0.010999999999999998,60,0.0002
2024-05-05 20:00:00,2024-05-01,2024-06-01,49,24,25,0.4897959183673469,102310.17382425428,-1.0266362101970474,0.013999999999999995,0.010999999999999998,60,0.0002
2024-05-05 21:00:00,2024-05-01,2024-06-01,49,24,25,0.4897959183673469,102310.17382425428,-1.0266362101970474,0.013999999999999995,0.010999999999999998,60,0.0002
2024-05-05 22:00:00,2024-05-01,2024-06-01,49,24,25,0.4897959183673469,102310.17382425428,-1.0266362101970474,0.013999999999999995,0.010999999999999998,60,0.0002
2024-05-06 04:00:00,2024-05-01,2024-06-01,49,24,25,0.4897959183673469,102310.17382425428,0.0,0.013999999999999995,0.010999999999999998,60,0.0002
2024-05-07 05:00:00,2024-05-01,2024-06-01,49,24,25,0.4897959183673469,102310.17382425428,-1.1692201099999957,0.013999999999999995,0.010999999999999998,60,0.0002
2024-05-07 06:00:00,2024-05-01,2024-06-01,49,24,25,0.4897959183673469,102310.17382425428,-1.1692201099999957,0.013999999999999995,0.010999999999999998,60,0.0002
2024-05-07 07:00:00,2024-05-01,2024-06-01,49,24,25,0.4897959183673469,102310.17382425428,-1.1692201099999957,0.013999999999999995,0.010999999999999998,60,0.0002
2024-05-08 08:00:00,2024-05-01,2024-06-01,49,24,25,0.4897959183673469,102310.17382425428,0.14427074233515955,0.013999999999999995,0.010999999999999998,60,0.0002
2024-05-08 09:00:00,2024-05-01,2024-06-01,49,24,25,0.4897959183673469,102310.17382425428,0.14427074233515955,0.013999999999999995,0.010999999999999998,60,0.0002
2024-05-08 10:00:00,2024-05-01,2024-06-01,49,24,25,0.4897959183673469,102310.17382425428,0.14427074233515955,0.013999999999999995,0.010999999999999998,60,0.0002
2024-05-08 11:00:00,2024-05-01,2024-06-01,49,24,25,0.4897959183673469,102310.17382425428,0.14427074233515955,0.013999999999999995,0.010999999999999998,60,0.0002
2024-05-08 12:00:00,2024-05-01,2024-06-01,49,24,25,0.4897959183673469,102310.17382425428,0.14427074233515955,0.013999999999999995,0.010999999999999998,60,0.0002
2024-05-08 13:00:00,2024-05-01,2024-06-01,49,24,25,0.4897959183673469,102310.17382425428,0.14427074233515955,0.013999999999999995,0.010999999999999998,60,0.0002
2024-05-08 20:00:00,2024-05-01,2024-06-01,49,24,25,0.4897959183673469,102310.17382425428,0.14427074233515955,0.013999999999999995,0.010999999999999998,60,0.0002
2024-05-08 21:00:00,2024-05-01,2024-06-01,49,24,25,0.4897959183673469,102310.17382425428,0.14427074233515955,0.013999999999999995,0.010999999999999998,60,0.0002
2024-05-09 15:00:00,2024-05-01,2024-06-01,49,24,25,0.4897959183673469,102310.17382425428,-1.169220109999997,0.013999999999999995,0.010999999999999998,60,0.0002
2024-05-09 16:00:00,2024-05-01,2024-06-01,49,24,25,0.4897959183673469,102310.17382425428,-1.169220109999997,0.013999999999999995,0.010999999999999998,60,0.0002
2024-05-10 12:00:00,2024-05-01,2024-06-01,49,24,25,0.4897959183673469,102310.17382425428,-2.3247694633436877,0.013999999999999995,0.010999999999999998,60,0.0002
2024-05-10 13:00:00,2024-05-01,2024-06-01,49,24,25,0.4897959183673469,102310.17382425428,-2.3247694633436877,0.013999999999999995,0.010999999999999998,60,0.0002
2024-05-10 14:00:00,2024-05-01,2024-06-01,49,24,25,0.4897959183673469,102310.17382425428,-2.3247694633436877,0.013999999999999995,0.010999999999999998,60,0.0002
2024-05-10 23:00:00,2024-05-01,2024-06-01,49,24,25,0.4897959183673469,102310.17382425428,-2.3247694633436877,0.013999999999999995,0.010999999999999998,60,0.0002
2024-05-11 00:00:00,2024-05-01,2024-06-01,49,24,25,0.4897959183673469,102310.17382425428,0.0,0.013999999999999995,0.010999999999999998,60,0.0002
2024-05-11 01:00:00,2024-05-01,2024-06-01,49,24,25,0.4897959183673469,102310.17382425428,0.0,0.013999999999999995,0.010999999999999998,60,0.0002
2024-05-11 10:00:00,2024-05-01,2024-06-01,49,24,25,0.4897959183673469,102310.17382425428,0.0,0.013999999999999995,0.010999999999999998,60,0.0002
2024-05-12 01:00:00,2024-05-01,2024-06-01,49,24,25,0.4897959183673469,102310.17382425428,0.1442707423351662,0.013999999999999995,0.010999999999999998,60,0.0002
2024-05-12 02:00:00,2024-05-01,2024-06-01,49,24,25,0.4897959183673469,102310.17382425428,0.1442707423351662,0.013999999999999995,0.010999999999999998,60,0.0002
2024-05-12 03:00:00,2024-05-01,2024-06-01,49,24,25,0.4897959183673469,102310.17382425428,0.1442707423351662,0.013999999999999995,0.010999999999999998,60,0.0002
2024-05-12 04:00:00,2024-05-01,2024-06-01,49,24,25,0.4897959183673469,102310.17382425428,0.1442707423351662,0.013999999999999995,0.010999999999999998,60,0.0002
2024-05-12 05:00:00,2024-05-01,2024-06-01,49,24,25,0.4897959183673469,102310.17382425428,0.1442707423351662,0.013999999999999995,0.010999999999999998,60,0.0002
2024-05-12 06:00:00,2024-05-01,2024-06-01,49,24,25,0.4897959183673469,102310.17382425428,0.1442707423351662,0.013999999999999995,0.010999999999999998,60,0.0002
2024-05-12 07:00:00,2024-05-01,2024-06-01,49,24,25,0.4897959183673469,102310.17382425428,0.1442707423351662,0.013999999999999995,0.010999999999999998,60,0.0002
2024-05-12 08:00:00,2024-05-01,2024-06-01,49,24,25,0.4897959183673469,102310.17382425428,0.1442707423351662,0.013999999999999995,0.010999999999999998,60,0.0002
2024-05-12 20:00:00,2024-05-01,2024-06-01,49,24,25,0.4897959183673469,102310.17382425428,0.1442707423351662,0.013999999999999995,0.010999999999999998,60,0.0002
2024-05-12 21:00:00,2024-05-01,2024-06-01,49,24,25,0.4897959183673469,102310.17382425428,0.1442707423351662,0.013999999999999995,0.010999999999999998,60,0.0002
2024-05-12 22:00:00,2024-05-01,2024-06-01,49,24,25,0.4897959183673469,102310.17382425428,0.1442707423351662,0.013999999999999995,0.010999999999999998,60,0.0002
2024-05-12 23:00:00,2024-05-01,2024-06-01,49,24,25,0.4897959183673469,102310.17382425428,0.1442707423351662,0.013999999999999995,0.010999999999999998,60,0.0002
2024-05-13 00:00:00,2024-05-01,2024-06-01,49,24,25,0.4897959183673469,102310.17382425428,-1.1692201099999873,0.013999999999999995,0.010999999999999998,60,0.0002
2024-05-13 10:00:00,2024-05-01,2024-06-01,49,24,25,0.4897959183673469,102310.17382425428,-1.1692201099999873,0.013999999999999995,0.010999999999999998,60,0.0002
2024-05-13 11:00:00,2024-05-01,2024-06-01,49,24,25,0.4897959183673469,102310.17382425428,-1.1692201099999873,0.013999999999999995,0.010999999999999998,60,0.0002
2024-05-13 12:00:00,2024-05-01,2024-06-01,49,24,25,0.4897959183673469,102310.17382425428,-1.1692201099999873,0.013999999999999995,0.010999999999999998,60,0.0002
2024-05-13 13:00:00,2024-05-01,2024-06-01,49,24,25,0.4897959183673469,102310.17382425428,-1.1692201099999873,0.013999999999999995,0.010999999999999998,60,0.0002
2024-05-13 14:00:00,2024-05-01,2024-06-01,49,24,25,0.4897959183673469,102310.17382425428,-1.1692201099999873,0.013999999999999995,0.010999999999999998,60,0.0002
2024-05-13 15:00:00,2024-05-01,2024-06-01,49,24,25,0.4897959183673469,102310.17382425428,-1.1692201099999873,0.013999999999999995,0.010999999999999998,60,0.0002
2024-05-14 04:00:00,2024-05-01,2024-06-01,49,24,25,0.4897959183673469,102310.17382425428,2.6757234911302814,0.013999999999999995,0.010999999999999998,60,0.0002
2024-05-14 05:00:00,2024-05-01,2024-06-01,49,24,25,0.4897959183673469,102310.17382425428,2.6757234911302814,0.013999999999999995,0.010999999999999998,60,0.0002
2024-05-14 06:00:00,2024-05-01,2024-06-01,49,24,25,0.4897959183673469,102310.17382425428,2.6757234911302814,0.013999999999999995,0.010999999999999998,60,0.0002
2024-05-14 07:00:00,2024-05-01,2024-06-01,49,24,25,0.4897959183673469,102310.17382425428,2.6757234911302814,0.013999999999999995,0.010999999999999998,60,0.0002
2024-05-14 08:00:00,2024-05-01,2024-06-01,49,24,25,0.4897959183673469,102310.17382425428,2.6757234911302814,0.013999999999999995,0.010999999999999998,60,0.0002
2024-05-15 11:00:00,2024-05-01,2024-06-01,49,24,25,0.4897959183673469,102310.17382425428,2.6757234911302876,0.013999999999999995,0.010999999999999998,60,0.0002
2024-05-15 18:00:00,2024-05-01,2024-06-01,49,24,25,0.4897959183673469,102310.17382425428,2.6757234911302876,0.013999999999999995,0.010999999999999998,60,0.0002
2024-05-15 19:00:00,2024-05-01,2024-06-01,49,24,25,0.4897959183673469,102310.17382425428,2.6757234911302876,0.013999999999999995,0.010999999999999998,60,0.0002
2024-05-15 20:00:00,2024-05-01,2024-06-01,49,24,25,0.4897959183673469,102310.17382425428,2.6757234911302876,0.013999999999999995,0.010999999999999998,60,0.0002
2024-05-15 21:00:00,2024-05-01,2024-06-01,49,24,25,0.4897959183673469,102310.17382425428,2.6757234911302876,0.013999999999999995,0.010999999999999998,60,0.0002
2024-05-16 03:00:00,2024-05-01,2024-06-01,49,24,25,0.4897959183673469,102310.17382425428,-1.169220109999997,0.013999999999999995,0.010999999999999998,60,0.0002
2024-05-16 04:00:00,2024-05-01,2024-06-01,49,24,25,0.4897959183673469,102310.17382425428,-1.169220109999997,0.013999999999999995,0.010999999999999998,60,0.0002
2024-05-16 05:00:00,2024-05-01,2024-06-01,49,24,25,0.4897959183673469,102310.17382425428,-1.169220109999997,0.013999999999999995,0.010999999999999998,60,0.0002
2024-05-16 06:00:00,2024-05-01,2024-06-01,49,24,25,0.4897959183673469,102310.17382425428,-1.169220109999997,0.013999999999999995,0.010999999999999998,60,0.0002
2024-05-17 00:00:00,2024-05-01,2024-06-01,49,24,25,0.4897959183673469,102310.17382425428,0.1442707423351655,0.013999999999999995,0.010999999999999998,60,0.0002
2024-05-17 01:00:00,2024-05-01,2024-06-01,49,24,25,0.4897959183673469,102310.17382425428,0.1442707423351655,0.013999999999999995,0.010999999999999998,60,0.0002
2024-05-17 02:00:00,2024-05-01,2024-06-01,49,24,25,0.4897959183673469,102310.17382425428,0.1442707423351655,0.013999999999999995,0.010999999999999998,60,0.0002
2024-05-17 03:00:00,2024-05-01,2024-06-01,49,24,25,0.4897959183673469,102310.17382425428,0.1442707423351655,0.013999999999999995,0.010999999999999998,60,0.0002
2024-05-17 04:00:00,2024-05-01,2024-06-01,49,24,25,0.4897959183673469,102310.17382425428,0.1442707423351655,0.013999999999999995,0.010999999999999998,60,0.0002
2024-05-17 05:00:00,2024-05-01,2024-06-01,49,24,25,0.4897959183673469,102310.17382425428,0.1442707423351655,0.013999999999999995,0.010999999999999998,60,0.0002
2024-05-17 06:00:00,2024-05-01,2024-06-01,49,24,25,0.4897959183673469,102310.17382425428,0.1442707423351655,0.013999999999999995,0.010999999999999998,60,0.0002
2024-05-17 07:00:00,2024-05-01,2024-06-01,49,24,25,0.4897959183673469,102310.17382425428,0.1442707423351655,0.013999999999999995,0.010999999999999998,60,0.0002
2024-05-17 16:00:00,2024-05-01,2024-06-01,49,24,25,0.4897959183673469,102310.17382425428,0.1442707423351655,0.013999999999999995,0.010999999999999998,60,0.0002
2024-05-17 17:00:00,2024-05-01,2024-06-01,49,24,25,0.4897959183673469,102310.17382425428,0.1442707423351655,0.013999999999999995,0.010999999999999998,60,0.0002
2024-05-17 18:00:00,2024-05-01,2024-06-01,49,24,25,0.4897959183673469,102310.17382425428,0.1442707423351655,0.013999999999999995,0.010999999999999998,60,0.0002
2024-05-17 20:00:00,2024-05-01,2024-06-01,49,24,25,0.4897959183673469,102310.17382425428,0.1442707423351655,0.013999999999999995,0.010999999999999998,60,0.0002
2024-05-17 21:00:00,2024-05-01,2024-06-01,49,24,25,0.4897959183673469,102310.17382425428,0.1442707423351655,0.013999999999999995,0.010999999999999998,60,0.0002
2024-05-17 22:00:00,2024-05-01,2024-06-01,49,24,25,0.4897959183673469,102310.17382425428,0.1442707423351655,0.013999999999999995,0.010999999999999998,60,0.0002
2024-05-18 12:00:00,2024-05-01,2024-06-01,49,24,25,0.4897959183673469,102310.17382425428,-1.1692201099999835,0.013999999999999995,0.010999999999999998,60,0.0002
2024-05-18 13:00:00,2024-05-01,2024-06-01,49,24,25,0.4897959183673469,102310.17382425428,-1.1692201099999835,0.013999999999999995,0.010999999999999998,60,0.0002
2024-05-18 14:00:00,2024-05-01,2024-06-01,49,24,25,0.4897959183673469,102310.17382425428,-1.1692201099999835,0.013999999999999995,0.010999999999999998,60,0.0002
2024-05-18 17:00:00,2024-05-01,2024-06-01,49,24,25,0.4897959183673469,102310.17382425428,-1.1692201099999835,0.013999999999999995,0.010999999999999998,60,0.0002
2024-05-18 18:00:00,2024-05-01,2024-06-01,49,24,25,0.4897959183673469,102310.17382425428,-1.1692201099999835,0.013999999999999995,0.010999999999999998,60,0.0002
2024-05-18 20:00:00,2024-05-01,2024-06-01,49,24,25,0.4897959183673469,102310.17382425428,-1.1692201099999835,0.013999999999999995,0.010999999999999998,60,0.0002
2024-05-19 10:00:00,2024-05-01,2024-06-01,49,24,25,0.4897959183673469,102310.17382425428,1.3290301400000089,0.013999999999999995,0.010999999999999998,60,0.0002
2024-05-19 11:00:00,2024-05-01,2024-06-01,49,24,25,0.4897959183673469,102310.17382425428,1.3290301400000089,0.013999999999999995,0.010999999999999998,60,0.0002
2024-05-19 12:00:00,2024-05-01,2024-06-01,49,24,25,0.4897959183673469,102310.17382425428,1.3290301400000089,0.013999999999999995,0.010999999999999998,60,0.0002
2024-05-20 01:00:00,2024-05-01,2024-06-01,49,24,25,0.4897959183673469,102310.17382425428,-1.026636210197048,0.013999999999999995,0.010999999999999998,60,0.0002
2024-05-20 12:00:00,2024-05-01,2024-06-01,49,24,25,0.4897959183673469,102310.17382425428,-1.026636210197048,0.013999999999999995,0.010999999999999998,60,0.0002
2024-05-20 13:00:00,2024-05-01,2024-06-01,49,24,25,0.4897959183673469,102310.17382425428,-1.026636210197048,0.013999999999999995,0.010999999999999998,60,0.0002
2024-05-20 16:00:00,2024-05-01,2024-06-01,49,24,25,0.4897959183673469,102310.17382425428,-1.026636210197048,0.013999999999999995,0.010999999999999998,60,0.0002
2024-05-20 21:00:00,2024-05-01,2024-06-01,49,24,25,0.4897959183673469,102310.17382425428,-1.026636210197048,0.013999999999999995,0.010999999999999998,60,0.0002
2024-05-20 22:00:00,2024-05-01,2024-06-01,49,24,25,0.4897959183673469,102310.17382425428,-1.026636210197048,0.013999999999999995,0.010999999999999998,60,0.0002
2024-05-20 23:00:00,2024-05-01,2024-06-01,49,24,25,0.4897959183673469,102310.17382425428,-1.026636210197048,0.013999999999999995,0.010999999999999998,60,0.0002
2024-05-21 00:00:00,2024-05-01,2024-06-01,49,24,25,0.4897959183673469,102310.17382425428,-1.0266362101970528,0.013999999999999995,0.010999999999999998,60,0.0002
2024-05-21 01:00:00,2024-05-01,2024-06-01,49,24,25,0.4897959183673469,102310.17382425428,-1.0266362101970528,0.013999999999999995,0.010999999999999998,60,0.0002
2024-05-21 02:00:00,2024-05-01,2024-06-01,49,24,25,0.4897959183673469,102310.17382425428,-1.0266362101970528,0.013999999999999995,0.010999999999999998,60,0.0002
2024-05-21 03:00:00,2024-05-01,2024-06-01,49,24,25,0.4897959183673469,102310.17382425428,-1.0266362101970528,0.013999999999999995,0.010999999999999998,60,0.0002
2024-05-21 04:00:00,2024-05-01,2024-06-01,49,24,25,0.4897959183673469,102310.17382425428,-1.0266362101970528,0.013999999999999995,0.010999999999999998,60,0.0002
2024-05-21 05:00:00,2024-05-01,2024-06-01,49,24,25,0.4897959183673469,102310.17382425428,-1.0266362101970528,0.013999999999999995,0.010999999999999998,60,0.0002
2024-05-21 17:00:00,2024-05-01,2024-06-01,49,24,25,0.4897959183673469,102310.17382425428,-1.0266362101970528,0.013999999999999995,0.010999999999999998,60,0.0002
2024-05-21 18:00:00,2024-05-01,2024-06-01,49,24,25,0.4897959183673469,102310.17382425428,-1.0266362101970528,0.013999999999999995,0.010999999999999998,60,0.0002
2024-05-21 21:00:00,2024-05-01,2024-06-01,49,24,25,0.4897959183673469,102310.17382425428,-1.0266362101970528,0.013999999999999995,0.010999999999999998,60,0.0002
2024-05-21 22:00:00,2024-05-01,2024-06-01,49,24,25,0.4897959183673469,102310.17382425428,-1.0266362101970528,0.013999999999999995,0.010999999999999998,60,0.0002
2024-05-21 23:00:00,2024-05-01,2024-06-01,49,24,25,0.4897959183673469,102310.17382425428,-1.0266362101970528,0.013999999999999995,0.010999999999999998,60,0.0002
2024-05-22 00:00:00,2024-05-01,2024-06-01,49,24,25,0.4897959183673469,102310.17382425428,0.0,0.013999999999999995,0.010999999999999998,60,0.0002
2024-05-22 01:00:00,2024-05-01,2024-06-01,49,24,25,0.4897959183673469,102310.17382425428,0.0,0.013999999999999995,0.010999999999999998,60,0.0002
2024-05-22 02:00:00,2024-05-01,2024-06-01,49,24,25,0.4897959183673469,102310.17382425428,0.0,0.013999999999999995,0.010999999999999998,60,0.0002
2024-05-22 03:00:00,2024-05-01,2024-06-01,49,24,25,0.4897959183673469,102310.17382425428,0.0,0.013999999999999995,0.010999999999999998,60,0.0002
2024-05-23 00:00:00,2024-05-01,2024-06-01,49,24,25,0.4897959183673469,102310.17382425428,1.3290301400000128,0.013999999999999995,0.010999999999999998,60,0.0002
2024-05-23 01:00:00,2024-05-01,2024-06-01,49,24,25,0.4897959183673469,102310.17382425428,1.3290301400000128,0.013999999999999995,0.010999999999999998,60,0.0002
2024-05-23 03:00:00,2024-05-01,2024-06-01,49,24,25,0.4897959183673469,102310.17382425428,1.3290301400000128,0.013999999999999995,0.010999999999999998,60,0.0002
2024-05-23 04:00:00,2024-05-01,2024-06-01,49,24,25,0.4897959183673469,102310.17382425428,1.3290301400000128,0.013999999999999995,0.010999999999999998,60,0.0002
2024-05-24 08:00:00,2024-05-01,2024-06-01,49,24,25,0.4897959183673469,102310.17382425428,1.3290301400000204,0.013999999999999995,0.010999999999999998,60,0.0002
2024-05-24 09:00:00,2024-05-01,2024-06-01,49,24,25,0.4897959183673469,102310.17382425428,1.3290301400000204,0.013999999999999995,0.010999999999999998,60,0.0002
2024-05-24 10:00:00,2024-05-01,2024-06-01,49,24,25,0.4897959183673469,102310.17382425428,1.3290301400000204,0.013999999999999995,0.010999999999999998,60,0.0002
2024-05-24 11:00:00,2024-05-01,2024-06-01,49,24,25,0.4897959183673469,102310.17382425428,1.3290301400000204,0.013999999999999995,0.010999999999999998,60,0.0002
2024-05-25 08:00:00,2024-05-01,2024-06-01,49,24,25,0.4897959183673469,102310.17382425428,2.675723491130314,0.013999999999999995,0.010999999999999998,60,0.0002
2024-05-25 09:00:00,2024-05-01,2024-06-01,49,24,25,0.4897959183673469,102310.17382425428,2.675723491130314,0.013999999999999995,0.010999999999999998,60,0.0002
2024-05-25 19:00:00,2024-05-01,2024-06-01,49,24,25,0.4897959183673469,102310.17382425428,2.675723491130314,0.013999999999999995,0.010999999999999998,60,0.0002
2024-05-25 20:00:00,2024-05-01,2024-06-01,49,24,25,0.4897959183673469,102310.17382425428,2.675723491130314,0.013999999999999995,0.010999999999999998,60,0.0002
2024-05-25 21:00:00,2024-05-01,2024-06-01,49,24,25,0.4897959183673469,102310.17382425428,2.675723491130314,0.013999999999999995,0.010999999999999998,60,0.0002
2024-05-25 22:00:00,2024-05-01,2024-06-01,49,24,25,0.4897959183673469,102310.17382425428,2.675723491130314,0.013999999999999995,0.010999999999999998,60,0.0002
2024-05-25 23:00:00,2024-05-01,2024-06-01,49,24,25,0.4897959183673469,102310.17382425428,2.675723491130314,0.013999999999999995,0.010999999999999998,60,0.0002
2024-05-26 00:00:00,2024-05-01,2024-06-01,49,24,25,0.4897959183673469,102310.17382425428,0.0,0.013999999999999995,0.010999999999999998,60,0.0002
2024-05-26 01:00:00,2024-05-01,2024-06-01,49,24,25,0.4897959183673469,102310.17382425428,0.0,0.013999999999999995,0.010999999999999998,60,0.0002
2024-05-26 02:00:00,2024-05-01,2024-06-01,49,24,25,0.4897959183673469,102310.17382425428,0.0,0.013999999999999995,0.010999999999999998,60,0.0002
2024-05-26 03:00:00,2024-05-01,2024-06-01,49,24,25,0.4897959183673469,102310.17382425428,0.0,0.013999999999999995,0.010999999999999998,60,0.0002
2024-05-26 04:00:00,2024-05-01,2024-06-01,49,24,25,0.4897959183673469,102310.17382425428,0.0,0.013999999999999995,0.010999999999999998,60,0.0002
2024-05-26 05:00:00,2024-05-01,2024-06-01,49,24,25,0.4897959183673469,102310.17382425428,0.0,0.013999999999999995,0.010999999999999998,60,0.0002
2024-05-26 06:00:00,2024-05-01,2024-06-01,49,24,25,0.4897959183673469,102310.17382425428,0.0,0.013999999999999995,0.010999999999999998,60,0.0002
2024-05-26 07:00:00,2024-05-01,2024-06-01,49,24,25,0.4897959183673469,102310.17382425428,0.0,0.013999999999999995,0.010999999999999998,60,0.0002
2024-05-26 08:00:00,2024-05-01,2024-06-01,49,24,25,0.4897959183673469,102310.17382425428,0.0,0.013999999999999995,0.010999999999999998,60,0.0002
2024-05-26 09:00:00,2024-05-01,2024-06-01,49,24,25,0.4897959183673469,102310.17382425428,0.0,0.013999999999999995,0.010999999999999998,60,0.0002
2024-05-26 10:00:00,2024-05-01,2024-06-01,49,24,25,0.4897959183673469,102310.17382425428,0.0,0.013999999999999995,0.010999999999999998,60,0.0002
2024-05-26 11:00:00,2024-05-01,2024-06-01,49,24,25,0.4897959183673469,102310.17382425428,0.0,0.013999999999999995,0.010999999999999998,60,0.0002
2024-05-26 12:00:00,2024-05-01,2024-06-01,49,24,25,0.4897959183673469,102310.17382425428,0.0,0.013999999999999995,0.010999999999999998,60,0.0002
2024-05-26 23:00:00,2024-05-01,2024-06-01,49,24,25,0.4897959183673469,102310.17382425428,0.0,0.013999999999999995,0.010999999999999998,60,0.0002
2024-05-27 08:00:00,2024-05-01,2024-06-01,49,24,25,0.4897959183673469,102310.17382425428,1.4752182839840111,0.013999999999999995,0.010999999999999998,60,0.0002
2024-05-27 13:00:00,2024-05-01,2024-06-01,49,24,25,0.4897959183673469,102310.17382425428,1.4752182839840111,0.013999999999999995,0.010999999999999998,60,0.0002
2024-05-27 14:00:00,2024-05-01,2024-06-01,49,24,25,0.4897959183673469,102310.17382425428,1.4752182839840111,0.013999999999999995,0.010999999999999998,60,0.0002
2024-05-27 15:00:00,2024-05-01,2024-06-01,49,24,25,0.4897959183673469,102310.17382425428,1.4752182839840111,0.013999999999999995,0.010999999999999998,60,0.0002
2024-05-27 16:00:00,2024-05-01,2024-06-01,49,24,25,0.4897959183673469,102310.17382425428,1.4752182839840111,0.013999999999999995,0.010999999999999998,60,0.0002
2024-05-27 17:00:00,2024-05-01,2024-06-01,49,24,25,0.4897959183673469,102310.17382425428,1.4752182839840111,0.013999999999999995,0.010999999999999998,60,0.0002
2024-05-27 18:00:00,2024-05-01,2024-06-01,49,24,25,0.4897959183673469,102310.17382425428,1.4752182839840111,0.013999999999999995,0.010999999999999998,60,0.0002
2024-05-27 19:00:00,2024-05-01,2024-06-01,49,24,25,0.4897959183673469,102310.17382425428,1.4752182839840111,0.013999999999999995,0.010999999999999998,60,0.0002
2024-05-27 20:00:00,2024-05-01,2024-06-01,49,24,25,0.4897959183673469,102310.17382425428,1.4752182839840111,0.013999999999999995,0.010999999999999998,60,0.0002
2024-05-29 14:00:00,2024-05-01,2024-06-01,49,24,25,0.4897959183673469,102310.17382425428,1.3290301400000073,0.013999999999999995,0.010999999999999998,60,0.0002
2024-05-29 15:00:00,2024-05-01,2024-06-01,49,24,25,0.4897959183673469,102310.17382425428,1.3290301400000073,0.013999999999999995,0.010999999999999998,60,0.0002
2024-05-29 16:00:00,2024-05-01,2024-06-01,49,24,25,0.4897959183673469,102310.17382425428,1.3290301400000073,0.013999999999999995,0.010999999999999998,60,0.0002
2024-05-29 17:00:00,2024-05-01,2024-06-01,49,24,25,0.4897959183673469,102310.17382425428,1.3290301400000073,0.013999999999999995,0.010999999999999998,60,0.0002
2024-05-29 18:00:00,2024-05-01,2024-06-01,49,24,25,0.4897959183673469,102310.17382425428,1.3290301400000073,0.013999999999999995,0.010999999999999998,60,0.0002
2024-05-29 19:00:00,2024-05-01,2024-06-01,49,24,25,0.4897959183673469,102310.17382425428,1.3290301400000073,0.013999999999999995,0.010999999999999998,60,0.0002
2024-05-29 20:00:00,2024-05-01,2024-06-01,49,24,25,0.4897959183673469,102310.17382425428,1.3290301400000073,0.013999999999999995,0.010999999999999998,60,0.0002
2024-05-30 12:00:00,2024-05-01,2024-06-01,49,24,25,0.4897959183673469,102310.17382425428,1.3290301400000035,0.013999999999999995,0.010999999999999998,60,0.0002
2024-05-30 13:00:00,2024-05-01,2024-06-01,49,24,25,0.4897959183673469,102310.17382425428,1.3290301400000035,0.013999999999999995,0.010999999999999998,60,0.0002
2024-05-30 14:00:00,2024-05-01,2024-06-01,49,24,25,0.4897959183673469,102310.17382425428,1.3290301400000035,0.013999999999999995,0.010999999999999998,60,0.0002
2024-05-30 15:00:00,2024-05-01,2024-06-01,49,24,25,0.4897959183673469,102310.17382425428,1.3290301400000035,0.013999999999999995,0.010999999999999998,60,0.0002
2024-05-30 16:00:00,2024-05-01,2024-06-01,49,24,25,0.4897959183673469,102310.17382425428,1.3290301400000035,0.013999999999999995,0.010999999999999998,60,0.0002
2024-05-31 08:00:00,2024-05-01,2024-06-01,49,24,25,0.4897959183673469,102310.17382425428,-3.4668079012671438,0.013999999999999995,0.010999999999999998,60,0.0002
2024-05-31 09:00:00,2024-05-01,2024-06-01,49,24,25,0.4897959183673469,102310.17382425428,-3.4668079012671438,0.013999999999999995,0.010999999999999998,60,0.0002
2024-05-31 10:00:00,2024-05-01,2024-06-01,49,24,25,0.4897959183673469,102310.17382425428,-3.4668079012671438,0.013999999999999995,0.010999999999999998,60,0.0002
2024-05-31 11:00:00,2024-05-01,2024-06-01,49,24,25,0.4897959183673469,102310.17382425428,-3.4668079012671438,0.013999999999999995,0.010999999999999998,60,0.0002
2024-05-31 16:00:00,2024-05-01,2024-06-01,49,24,25,0.4897959183673469,102310.17382425428,-3.4668079012671438,0.013999999999999995,0.010999999999999998,60,0.0002
2024-05-31 17:00:00,2024-05-01,2024-06-01,49,24,25,0.4897959183673469,102310.17382425428,-3.4668079012671438,0.013999999999999995,0.010999999999999998,60,0.0002
2024-05-31 18:00:00,2024-05-01,2024-06-01,49,24,25,0.4897959183673469,102310.17382425428,-3.4668079012671438,0.013999999999999995,0.010999999999999998,60,0.0002
2024-05-31 19:00:00,2024-05-01,2024-06-01,49,24,25,0.4897959183673469,102310.17382425428,-3.4668079012671438,0.013999999999999995,0.010999999999999998,60,0.0002
2024-05-31 20:00:00,2024-05-01,2024-06-01,49,24,25,0.4897959183673469,102310.17382425428,-3.4668079012671438,0.013999999999999995,0.010999999999999998,60,0.0002
2024-05-31 21:00:00,2024-05-01,2024-06-01,49,24,25,0.4897959183673469,102310.17382425428,-3.4668079012671438,0.013999999999999995,0.010999999999999998,60,0.0002
2024-05-31 22:00:00,2024-05-01,2024-06-01,49,24,25,0.4897959183673469,102310.17382425428,-3.4668079012671438,0.013999999999999995,0.010999999999999998,60,0.0002
2024-06-01 00:00:00,2024-06-01,2024-07-01,32,18,14,0.5625,97738.88890815046,-0.4548896715808514,0.010999999999999998,0.013999999999999995,80,0.0009000000000000001
2024-06-01 23:00:00,2024-06-01,2024-07-01,32,18,14,0.5625,97738.88890815046,-0.4548896715808514,0.010999999999999998,0.013999999999999995,80,0.0009000000000000001
2024-06-02 00:00:00,2024-06-01,2024-07-01,32,18,14,0.5625,97738.88890815046,0.0,0.010999999999999998,0.013999999999999995,80,0.0009000000000000001
2024-06-02 01:00:00,2024-06-01,2024-07-01,32,18,14,0.5625,97738.88890815046,0.0,0.010999999999999998,0.013999999999999995,80,0.0009000000000000001
2024-06-02 02:00:00,2024-06-01,2024-07-01,32,18,14,0.5625,97738.88890815046,0.0,0.010999999999999998,0.013999999999999995,80,0.0009000000000000001
2024-06-02 03:00:00,2024-06-01,2024-07-01,32,18,14,0.5625,97738.88890815046,0.0,0.010999999999999998,0.013999999999999995,80,0.0009000000000000001
2024-06-02 04:00:00,2024-06-01,2024-07-01,32,18,14,0.5625,97738.88890815046,0.0,0.010999999999999998,0.013999999999999995,80,0.0009000000000000001
2024-06-02 05:00:00,2024-06-01,2024-07-01,32,18,14,0.5625,97738.88890815046,0.0,0.010999999999999998,0.013999999999999995,80,0.0009000000000000001
2024-06-02 06:00:00,2024-06-01,2024-07-01,32,18,14,0.5625,97738.88890815046,0.0,0.010999999999999998,0.013999999999999995,80,0.0009000000000000001
2024-06-02 16:00:00,2024-06-01,2024-07-01,32,18,14,0.5625,97738.88890815046,0.0,0.010999999999999998,0.013999999999999995,80,0.0009000000000000001
2024-06-02 17:00:00,2024-06-01,2024-07-01,32,18,14,0.5625,97738.88890815046,0.0,0.010999999999999998,0.013999999999999995,80,0.0009000000000000001
2024-06-02 18:00:00,2024-06-01,2024-07-01,32,18,14,0.5625,97738.88890815046,0.0,0.010999999999999998,0.013999999999999995,80,0.0009000000000000001
2024-06-03 02:00:00,2024-06-01,2024-07-01,32,18,14,0.5625,97738.88890815046,-1.4690101400000026,0.010999999999999998,0.013999999999999995,80,0.0009000000000000001
2024-06-03 03:00:00,2024-06-01,2024-07-01,32,18,14,0.5625,97738.88890815046,-1.4690101400000026,0.010999999999999998,0.013999999999999995,80,0.0009000000000000001
2024-06-03 04:00:00,2024-06-01,2024-07-01,32,18,14,0.5625,97738.88890815046,-1.4690101400000026,0.010999999999999998,0.013999999999999995,80,0.0009000000000000001
2024-06-03 05:00:00,2024-06-01,2024-07-01,32,18,14,0.5625,97738.88890815046,-1.4690101400000026,0.010999999999999998,0.013999999999999995,80,0.0009000000000000001
2024-06-03 06:00:00,2024-06-01,2024-07-01,32,18,14,0.5625,97738.88890815046,-1.4690101400000026,0.010999999999999998,0.013999999999999995,80,0.0009000000000000001
2024-06-03 07:00:00,2024-06-01,2024-07-01,32,18,14,0.5625,97738.88890815046,-1.4690101400000026,0.010999999999999998,0.013999999999999995,80,0.0009000000000000001
2024-06-04 01:00:00,2024-06-01,2024-07-01,32,18,14,0.5625,97738.88890815046,1.0292401099999946,0.010999999999999998,0.013999999999999995,80,0.0009000000000000001
2024-06-04 02:00:00,2024-06-01,2024-07-01,32,18,14,0.5625,97738.88890815046,1.0292401099999946,0.010999999999999998,0.013999999999999995,80,0.0009000000000000001
2024-06-05 00:00:00,2024-06-01,2024-07-01,32,18,14,0.5625,97738.88890815046,2.069073572040324,0.010999999999999998,0.013999999999999995,80,0.0009000000000000001
2024-06-05 01:00:00,2024-06-01,2024-07-01,32,18,14,0.5625,97738.88890815046,2.069073572040324,0.010999999999999998,0.013999999999999995,80,0.0009000000000000001
2024-06-05 02:00:00,2024-06-01,2024-07-01,32,18,14,0.5625,97738.88890815046,2.069073572040324,0.010999999999999998,0.013999999999999995,80,0.0009000000000000001
2024-06-05 03:00:00,2024-06-01,2024-07-01,32,18,14,0.5625,97738.88890815046,2.069073572040324,0.010999999999999998,0.013999999999999995,80,0.0009000000000000001
2024-06-05 04:00:00,2024-06-01,2024-07-01,32,18,14,0.5625,97738.88890815046,2.069073572040324,0.010999999999999998,0.013999999999999995,80,0.0009000000000000001
2024-06-05 05:00:00,2024-06-01,2024-07-01,32,18,14,0.5625,97738.88890815046,2.069073572040324,0.010999999999999998,0.013999999999999995,80,0.0009000000000000001
2024-06-05 06:00:00,2024-06-01,2024-07-01,32,18,14,0.5625,97738.88890815046,2.069073572040324,0.010999999999999998,0.013999999999999995,80,0.0009000000000000001
2024-06-05 07:00:00,2024-06-01,2024-07-01,32,18,14,0.5625,97738.88890815046,2.069073572040324,0.010999999999999998,0.013999999999999995,80,0.0009000000000000001
2024-06-05 08:00:00,2024-06-01,2024-07-01,32,18,14,0.5625,97738.88890815046,2.069073572040324,0.010999999999999998,0.013999999999999995,80,0.0009000000000000001
2024-06-05 23:00:00,2024-06-01,2024-07-01,32,18,14,0.5625,97738.88890815046,2.069073572040324,0.010999999999999998,0.013999999999999995,80,0.0009000000000000001
2024-06-06 00:00:00,2024-06-01,2024-07-01,32,18,14,0.5625,97738.88890815046,0.0,0.010999999999999998,0.013999999999999995,80,0.0009000000000000001
2024-06-06 01:00:00,2024-06-01,2024-07-01,32,18,14,0.5625,97738.88890815046,0.0,0.010999999999999998,0.013999999999999995,80,0.0009000000000000001
2024-06-06 03:00:00,2024-06-01,2024-07-01,32,18,14,0.5625,97738.88890815046,0.0,0.010999999999999998,0.013999999999999995,80,0.0009000000000000001
2024-06-06 08:00:00,2024-06-01,2024-07-01,32,18,14,0.5625,97738.88890815046,0.0,0.010999999999999998,0.013999999999999995,80,0.0009000000000000001
2024-06-06 09:00:00,2024-06-01,2024-07-01,32,18,14,0.5625,97738.88890815046,0.0,0.010999999999999998,0.013999999999999995,80,0.0009000000000000001
2024-06-06 10:00:00,2024-06-01,2024-07-01,32,18,14,0.5625,97738.88890815046,0.0,0.010999999999999998,0.013999999999999995,80,0.0009000000000000001
2024-06-06 11:00:00,2024-06-01,2024-07-01,32,18,14,0.5625,97738.88890815046,0.0,0.010999999999999998,0.013999999999999995,80,0.0009000000000000001
2024-06-06 12:00:00,2024-06-01,2024-07-01,32,18,14,0.5625,97738.88890815046,0.0,0.010999999999999998,0.013999999999999995,80,0.0009000000000000001
2024-06-06 13:00:00,2024-06-01,2024-07-01,32,18,14,0.5625,97738.88890815046,0.0,0.010999999999999998,0.013999999999999995,80,0.0009000000000000001
2024-06-06 14:00:00,2024-06-01,2024-07-01,32,18,14,0.5625,97738.88890815046,0.0,0.010999999999999998,0.013999999999999995,80,0.0009000000000000001
2024-06-07 04:00:00,2024-06-01,2024-07-01,32,18,14,0.5625,97738.88890815046,-0.45488967158084587,0.010999999999999998,0.013999999999999995,80,0.0009000000000000001
2024-06-07 05:00:00,2024-06-01,2024-07-01,32,18,14,0.5625,97738.88890815046,-0.45488967158084587,0.010999999999999998,0.013999999999999995,80,0.0009000000000000001
2024-06-07 06:00:00,2024-06-01,2024-07-01,32,18,14,0.5625,97738.88890815046,-0.45488967158084587,0.010999999999999998,0.013999999999999995,80,0.0009000000000000001
2024-06-07 17:00:00,2024-06-01,2024-07-01,32,18,14,0.5625,97738.88890815046,-0.45488967158084587,0.010999999999999998,0.013999999999999995,80,0.0009000000000000001
2024-06-07 18:00:00,2024-06-01,2024-07-01,32,18,14,0.5625,97738.88890815046,-0.45488967158084587,0.010999999999999998,0.013999999999999995,80,0.0009000000000000001
2024-06-07 23:00:00,2024-06-01,2024-07-01,32,18,14,0.5625,97738.88890815046,-0.45488967158084587,0.010999999999999998,0.013999999999999995,80,0.0009000000000000001
2024-06-08 00:00:00,2024-06-01,2024-07-01,32,18,14,0.5625,97738.88890815046,0.0,0.010999999999999998,0.013999999999999995,80,0.0009000000000000001
2024-06-08 01:00:00,2024-06-01,2024-07-01,32,18,14,0.5625,97738.88890815046,0.0,0.010999999999999998,0.013999999999999995,80,0.0009000000000000001
2024-06-08 02:00:00,2024-06-01,2024-07-01,32,18,14,0.5625,97738.88890815046,0.0,0.010999999999999998,0.013999999999999995,80,0.0009000000000000001
2024-06-10 06:00:00,2024-06-01,2024-07-01,32,18,14,0.5625,97738.88890815046,0.0,0.010999999999999998,0.013999999999999995,80,0.0009000000000000001
2024-06-10 08:00:00,2024-06-01,2024-07-01,32,18,14,0.5625,97738.88890815046,0.0,0.010999999999999998,0.013999999999999995,80,0.0009000000000000001
2024-06-10 09:00:00,2024-06-01,2024-07-01,32,18,14,0.5625,97738.88890815046,0.0,0.010999999999999998,0.013999999999999995,80,0.0009000000000000001
2024-06-10 10:00:00,2024-06-01,2024-07-01,32,18,14,0.5625,97738.88890815046,0.0,0.010999999999999998,0.013999999999999995,80,0.0009000000000000001
2024-06-10 11:00:00,2024-06-01,2024-07-01,32,18,14,0.5625,97738.88890815046,0.0,0.010999999999999998,0.013999999999999995,80,0.0009000000000000001
2024-06-10 12:00:00,2024-06-01,2024-07-01,32,18,14,0.5625,97738.88890815046,0.0,0.010999999999999998,0.013999999999999995,80,0.0009000000000000001
2024-06-11 12:00:00,2024-06-01,2024-07-01,32,18,14,0.5625,97738.88890815046,-2.916440372085758,0.010999999999999998,0.013999999999999995,80,0.0009000000000000001
2024-06-11 15:00:00,2024-06-01,2024-07-01,32,18,14,0.5625,97738.88890815046,-2.916440372085758,0.010999999999999998,0.013999999999999995,80,0.0009000000000000001
2024-06-11 16:00:00,2024-06-01,2024-07-01,32,18,14,0.5625,97738.88890815046,-2.916440372085758,0.010999999999999998,0.013999999999999995,80,0.0009000000000000001
2024-06-11 17:00:00,2024-06-01,2024-07-01,32,18,14,0.5625,97738.88890815046,-2.916440372085758,0.010999999999999998,0.013999999999999995,80,0.0009000000000000001
2024-06-13 04:00:00,2024-06-01,2024-07-01,32,18,14,0.5625,97738.88890815046,2.069073572040321,0.010999999999999998,0.013999999999999995,80,0.0009000000000000001
2024-06-13 05:00:00,2024-06-01,2024-07-01,32,18,14,0.5625,97738.88890815046,2.069073572040321,0.010999999999999998,0.013999999999999995,80,0.0009000000000000001
2024-06-13 06:00:00,2024-06-01,2024-07-01,32,18,14,0.5625,97738.88890815046,2.069073572040321,0.010999999999999998,0.013999999999999995,80,0.0009000000000000001
2024-06-13 07:00:00,2024-06-01,2024-07-01,32,18,14,0.5625,97738.88890815046,2.069073572040321,0.010999999999999998,0.013999999999999995,80,0.0009000000000000001
2024-06-13 08:00:00,2024-06-01,2024-07-01,32,18,14,0.5625,97738.88890815046,2.069073572040321,0.010999999999999998,0.013999999999999995,80,0.0009000000000000001
2024-06-13 09:00:00,2024-06-01,2024-07-01,32,18,14,0.5625,97738.88890815046,2.069073572040321,0.010999999999999998,0.013999999999999995,80,0.0009000000000000001
2024-06-13 10:00:00,2024-06-01,2024-07-01,32,18,14,0.5625,97738.88890815046,2.069073572040321,0.010999999999999998,0.013999999999999995,80,0.0009000000000000001
2024-06-13 11:00:00,2024-06-01,2024-07-01,32,18,14,0.5625,97738.88890815046,2.069073572040321,0.010999999999999998,0.013999999999999995,80,0.0009000000000000001
2024-06-13 12:00:00,2024-06-01,2024-07-01,32,18,14,0.5625,97738.88890815046,2.069073572040321,0.010999999999999998,0.013999999999999995,80,0.0009000000000000001
2024-06-13 16:00:00,2024-06-01,2024-07-01,32,18,14,0.5625,97738.88890815046,2.069073572040321,0.010999999999999998,0.013999999999999995,80,0.0009000000000000001
2024-06-13 17:00:00,2024-06-01,2024-07-01,32,18,14,0.5625,97738.88890815046,2.069073572040321,0.010999999999999998,0.013999999999999995,80,0.0009000000000000001
2024-06-13 18:00:00,2024-06-01,2024-07-01,32,18,14,0.5625,97738.88890815046,2.069073572040321,0.010999999999999998,0.013999999999999995,80,0.0009000000000000001
2024-06-13 19:00:00,2024-06-01,2024-07-01,32,18,14,0.5625,97738.88890815046,2.069073572040321,0.010999999999999998,0.013999999999999995,80,0.0009000000000000001
2024-06-13 20:00:00,2024-06-01,2024-07-01,32,18,14,0.5625,97738.88890815046,2.069073572040321,0.010999999999999998,0.013999999999999995,80,0.0009000000000000001
2024-06-13 21:00:00,2024-06-01,2024-07-01,32,18,14,0.5625,97738.88890815046,2.069073572040321,0.010999999999999998,0.013999999999999995,80,0.0009000000000000001
2024-06-14 16:00:00,2024-06-01,2024-07-01,32,18,14,0.5625,97738.88890815046,2.069073572040318,0.010999999999999998,0.013999999999999995,80,0.0009000000000000001
2024-06-14 17:00:00,2024-06-01,2024-07-01,32,18,14,0.5625,97738.88890815046,2.069073572040318,0.010999999999999998,0.013999999999999995,80,0.0009000000000000001
2024-06-14 18:00:00,2024-06-01,2024-07-01,32,18,14,0.5625,97738.88890815046,2.069073572040318,0.010999999999999998,0.013999999999999995,80,0.0009000000000000001
2024-06-14 19:00:00,2024-06-01,2024-07-01,32,18,14,0.5625,97738.88890815046,2.069073572040318,0.010999999999999998,0.013999999999999995,80,0.0009000000000000001
2024-06-14 20:00:00,2024-06-01,2024-07-01,32,18,14,0.5625,97738.88890815046,2.069073572040318,0.010999999999999998,0.013999999999999995,80,0.0009000000000000001
2024-06-14 21:00:00,2024-06-01,2024-07-01,32,18,14,0.5625,97738.88890815046,2.069073572040318,0.010999999999999998,0.013999999999999995,80,0.0009000000000000001
2024-06-14 22:00:00,2024-06-01,2024-07-01,32,18,14,0.5625,97738.88890815046,2.069073572040318,0.010999999999999998,0.013999999999999995,80,0.0009000000000000001
2024-06-16 11:00:00,2024-06-01,2024-07-01,32,18,14,0.5625,97738.88890815046,1.0292401099999922,0.010999999999999998,0.013999999999999995,80,0.0009000000000000001
2024-06-16 17:00:00,2024-06-01,2024-07-01,32,18,14,0.5625,97738.88890815046,1.0292401099999922,0.010999999999999998,0.013999999999999995,80,0.0009000000000000001
2024-06-16 18:00:00,2024-06-01,2024-07-01,32,18,14,0.5625,97738.88890815046,1.0292401099999922,0.010999999999999998,0.013999999999999995,80,0.0009000000000000001
2024-06-16 19:00:00,2024-06-01,2024-07-01,32,18,14,0.5625,97738.88890815046,1.0292401099999922,0.010999999999999998,0.013999999999999995,80,0.0009000000000000001
2024-06-17 04:00:00,2024-06-01,2024-07-01,32,18,14,0.5625,97738.88890815046,-0.45488967158082827,0.010999999999999998,0.013999999999999995,80,0.0009000000000000001
2024-06-17 12:00:00,2024-06-01,2024-07-01,32,18,14,0.5625,97738.88890815046,-0.45488967158082827,0.010999999999999998,0.013999999999999995,80,0.0009000000000000001
2024-06-17 16:00:00,2024-06-01,2024-07-01,32,18,14,0.5625,97738.88890815046,-0.45488967158082827,0.010999999999999998,0.013999999999999995,80,0.0009000000000000001
2024-06-17 17:00:00,2024-06-01,2024-07-01,32,18,14,0.5625,97738.88890815046,-0.45488967158082827,0.010999999999999998,0.013999999999999995,80,0.0009000000000000001
2024-06-17 18:00:00,2024-06-01,2024-07-01,32,18,14,0.5625,97738.88890815046,-0.45488967158082827,0.010999999999999998,0.013999999999999995,80,0.0009000000000000001
2024-06-18 02:00:00,2024-06-01,2024-07-01,32,18,14,0.5625,97738.88890815046,-1.917217436179516,0.010999999999999998,0.013999999999999995,80,0.0009000000000000001
2024-06-18 03:00:00,2024-06-01,2024-07-01,32,18,14,0.5625,97738.88890815046,-1.917217436179516,0.010999999999999998,0.013999999999999995,80,0.0009000000000000001
2024-06-18 04:00:00,2024-06-01,2024-07-01,32,18,14,0.5625,97738.88890815046,-1.917217436179516,0.010999999999999998,0.013999999999999995,80,0.0009000000000000001
2024-06-18 05:00:00,2024-06-01,2024-07-01,32,18,14,0.5625,97738.88890815046,-1.917217436179516,0.010999999999999998,0.013999999999999995,80,0.0009000000000000001
2024-06-18 06:00:00,2024-06-01,2024-07-01,32,18,14,0.5625,97738.88890815046,-1.917217436179516,0.010999999999999998,0.013999999999999995,80,0.0009000000000000001
2024-06-18 07:00:00,2024-06-01,2024-07-01,32,18,14,0.5625,97738.88890815046,-1.917217436179516,0.010999999999999998,0.013999999999999995,80,0.0009000000000000001
2024-06-18 08:00:00,2024-06-01,2024-07-01,32,18,14,0.5625,97738.88890815046,-1.917217436179516,0.010999999999999998,0.013999999999999995,80,0.0009000000000000001
2024-06-18 09:00:00,2024-06-01,2024-07-01,32,18,14,0.5625,97738.88890815046,-1.917217436179516,0.010999999999999998,0.013999999999999995,80,0.0009000000000000001
2024-06-18 10:00:00,2024-06-01,2024-07-01,32,18,14,0.5625,97738.88890815046,-1.917217436179516,0.010999999999999998,0.013999999999999995,80,0.0009000000000000001
2024-06-18 16:00:00,2024-06-01,2024-07-01,32,18,14,0.5625,97738.88890815046,-1.917217436179516,0.010999999999999998,0.013999999999999995,80,0.0009000000000000001
2024-06-18 17:00:00,2024-06-01,2024-07-01,32,18,14,0.5625,97738.88890815046,-1.917217436179516,0.010999999999999998,0.013999999999999995,80,0.0009000000000000001
2024-06-18 18:00:00,2024-06-01,2024-07-01,32,18,14,0.5625,97738.88890815046,-1.917217436179516,0.010999999999999998,0.013999999999999995,80,0.0009000000000000001
2024-06-18 19:00:00,2024-06-01,2024-07-01,32,18,14,0.5625,97738.88890815046,-1.917217436179516,0.010999999999999998,0.013999999999999995,80,0.0009000000000000001
2024-06-18 20:00:00,2024-06-01,2024-07-01,32,18,14,0.5625,97738.88890815046,-1.917217436179516,0.010999999999999998,0.013999999999999995,80,0.0009000000000000001
2024-06-18 21:00:00,2024-06-01,2024-07-01,32,18,14,0.5625,97738.88890815046,-1.917217436179516,0.010999999999999998,0.013999999999999995,80,0.0009000000000000001
2024-06-18 22:00:00,2024-06-01,2024-07-01,32,18,14,0.5625,97738.88890815046,-1.917217436179516,0.010999999999999998,0.013999999999999995,80,0.0009000000000000001
2024-06-18 23:00:00,2024-06-01,2024-07-01,32,18,14,0.5625,97738.88890815046,-1.917217436179516,0.010999999999999998,0.013999999999999995,80,0.0009000000000000001
2024-06-20 18:00:00,2024-06-01,2024-07-01,32,18,14,0.5625,97738.88890815046,1.029240110000003,0.010999999999999998,0.013999999999999995,80,0.0009000000000000001
2024-06-21 08:00:00,2024-06-01,2024-07-01,32,18,14,0.5625,97738.88890815046,1.0292401099999953,0.010999999999999998,0.013999999999999995,80,0.0009000000000000001
2024-06-21 20:00:00,2024-06-01,2024-07-01,32,18,14,0.5625,97738.88890815046,1.0292401099999953,0.010999999999999998,0.013999999999999995,80,0.0009000000000000001
2024-06-21 21:00:00,2024-06-01,2024-07-01,32,18,14,0.5625,97738.88890815046,1.0292401099999953,0.010999999999999998,0.013999999999999995,80,0.0009000000000000001
2024-06-22 04:00:00,2024-06-01,2024-07-01,32,18,14,0.5625,97738.88890815046,-1.4690101399999984,0.010999999999999998,0.013999999999999995,80,0.0009000000000000001
2024-06-22 05:00:00,2024-06-01,2024-07-01,32,18,14,0.5625,97738.88890815046,-1.4690101399999984,0.010999999999999998,0.013999999999999995,80,0.0009000000000000001
2024-06-22 06:00:00,2024-06-01,2024-07-01,32,18,14,0.5625,97738.88890815046,-1.4690101399999984,0.010999999999999998,0.013999999999999995,80,0.0009000000000000001
2024-06-22 07:00:00,2024-06-01,2024-07-01,32,18,14,0.5625,97738.88890815046,-1.4690101399999984,0.010999999999999998,0.013999999999999995,80,0.0009000000000000001
2024-06-23 12:00:00,2024-06-01,2024-07-01,32,18,14,0.5625,97738.88890815046,0.0,0.010999999999999998,0.013999999999999995,80,0.0009000000000000001
2024-06-23 13:00:00,2024-06-01,2024-07-01,32,18,14,0.5625,97738.88890815046,0.0,0.010999999999999998,0.013999999999999995,80,0.0009000000000000001
2024-06-23 14:00:00,2024-06-01,2024-07-01,32,18,14,0.5625,97738.88890815046,0.0,0.010999999999999998,0.013999999999999995,80,0.0009000000000000001
2024-06-23 15:00:00,2024-06-01,2024-07-01,32,18,14,0.5625,97738.88890815046,0.0,0.010999999999999998,0.013999999999999995,80,0.0009000000000000001
2024-06-23 16:00:00,2024-06-01,2024-07-01,32,18,14,0.5625,97738.88890815046,0.0,0.010999999999999998,0.013999999999999995,80,0.0009000000000000001
2024-06-23 17:00:00,2024-06-01,2024-07-01,32,18,14,0.5625,97738.88890815046,0.0,0.010999999999999998,0.013999999999999995,80,0.0009000000000000001
2024-06-23 18:00:00,2024-06-01,2024-07-01,32,18,14,0.5625,97738.88890815046,0.0,0.010999999999999998,0.013999999999999995,80,0.0009000000000000001
2024-06-23 19:00:00,2024-06-01,2024-07-01,32,18,14,0.5625,97738.88890815046,0.0,0.010999999999999998,0.013999999999999995,80,0.0009000000000000001
2024-06-23 20:00:00,2024-06-01,2024-07-01,32,18,14,0.5625,97738.88890815046,0.0,0.010999999999999998,0.013999999999999995,80,0.0009000000000000001
2024-06-24 02:00:00,2024-06-01,2024-07-01,32,18,14,0.5625,97738.88890815046,-1.4690101399999826,0.010999999999999998,0.013999999999999995,80,0.0009000000000000001
2024-06-24 03:00:00,2024-06-01,2024-07-01,32,18,14,0.5625,97738.88890815046,-1.4690101399999826,0.010999999999999998,0.013999999999999995,80,0.0009000000000000001
2024-06-24 04:00:00,2024-06-01,2024-07-01,32,18,14,0.5625,97738.88890815046,-1.4690101399999826,0.010999999999999998,0.013999999999999995,80,0.0009000000000000001
2024-06-24 05:00:00,2024-06-01,2024-07-01,32,18,14,0.5625,97738.88890815046,-1.4690101399999826,0.010999999999999998,0.013999999999999995,80,0.0009000000000000001
2024-06-24 06:00:00,2024-06-01,2024-07-01,32,18,14,0.5625,97738.88890815046,-1.4690101399999826,0.010999999999999998,0.013999999999999995,80,0.0009000000000000001
2024-06-25 04:00:00,2024-06-01,2024-07-01,32,18,14,0.5625,97738.88890815046,-0.45488967158084676,0.010999999999999998,0.013999999999999995,80,0.0009000000000000001
2024-06-25 12:00:00,2024-06-01,2024-07-01,32,18,14,0.5625,97738.88890815046,-0.45488967158084676,0.010999999999999998,0.013999999999999995,80,0.0009000000000000001
2024-06-25 13:00:00,2024-06-01,2024-07-01,32,18,14,0.5625,97738.88890815046,-0.45488967158084676,0.010999999999999998,0.013999999999999995,80,0.0009000000000000001
2024-06-25 14:00:00,2024-06-01,2024-07-01,32,18,14,0.5625,97738.88890815046,-0.45488967158084676,0.010999999999999998,0.013999999999999995,80,0.0009000000000000001
2024-06-25 15:00:00,2024-06-01,2024-07-01,32,18,14,0.5625,97738.88890815046,-0.45488967158084676,0.010999999999999998,0.013999999999999995,80,0.0009000000000000001
2024-06-26 13:00:00,2024-06-01,2024-07-01,32,18,14,0.5625,97738.88890815046,-0.4548896715808422,0.010999999999999998,0.013999999999999995,80,0.0009000000000000001
2024-06-26 14:00:00,2024-06-01,2024-07-01,32,18,14,0.5625,97738.88890815046,-0.4548896715808422,0.010999999999999998,0.013999999999999995,80,0.0009000000000000001
2024-06-26 15:00:00,2024-06-01,2024-07-01,32,18,14,0.5625,97738.88890815046,-0.4548896715808422,0.010999999999999998,0.013999999999999995,80,0.0009000000000000001
2024-06-26 16:00:00,2024-06-01,2024-07-01,32,18,14,0.5625,97738.88890815046,-0.4548896715808422,0.010999999999999998,0.013999999999999995,80,0.0009000000000000001
2024-06-26 17:00:00,2024-06-01,2024-07-01,32,18,14,0.5625,97738.88890815046,-0.4548896715808422,0.010999999999999998,0.013999999999999995,80,0.0009000000000000001
2024-06-26 18:00:00,2024-06-01,2024-07-01,32,18,14,0.5625,97738.88890815046,-0.4548896715808422,0.010999999999999998,0.013999999999999995,80,0.0009000000000000001
2024-06-26 19:00:00,2024-06-01,2024-07-01,32,18,14,0.5625,97738.88890815046,-0.4548896715808422,0.010999999999999998,0.013999999999999995,80,0.0009000000000000001
2024-06-26 20:00:00,2024-06-01,2024-07-01,32,18,14,0.5625,97738.88890815046,-0.4548896715808422,0.010999999999999998,0.013999999999999995,80,0.0009000000000000001
2024-06-26 21:00:00,2024-06-01,2024-07-01,32,18,14,0.5625,97738.88890815046,-0.4548896715808422,0.010999999999999998,0.013999999999999995,80,0.0009000000000000001
2024-06-26 22:00:00,2024-06-01,2024-07-01,32,18,14,0.5625,97738.88890815046,-0.4548896715808422,0.010999999999999998,0.013999999999999995,80,0.0009000000000000001
2024-06-26 23:00:00,2024-06-01,2024-07-01,32,18,14,0.5625,97738.88890815046,-0.4548896715808422,0.010999999999999998,0.013999999999999995,80,0.0009000000000000001
2024-06-27 00:00:00,2024-06-01,2024-07-01,32,18,14,0.5625,97738.88890815046,0.0,0.010999999999999998,0.013999999999999995,80,0.0009000000000000001
2024-06-27 01:00:00,2024-06-01,2024-07-01,32,18,14,0.5625,97738.88890815046,0.0,0.010999999999999998,0.013999999999999995,80,0.0009000000000000001
2024-06-27 08:00:00,2024-06-01,2024-07-01,32,18,14,0.5625,97738.88890815046,0.0,0.010999999999999998,0.013999999999999995,80,0.0009000000000000001
2024-06-27 09:00:00,2024-06-01,2024-07-01,32,18,14,0.5625,97738.88890815046,0.0,0.010999999999999998,0.013999999999999995,80,0.0009000000000000001
2024-06-27 10:00:00,2024-06-01,2024-07-01,32,18,14,0.5625,97738.88890815046,0.0,0.010999999999999998,0.013999999999999995,80,0.0009000000000000001
2024-06-27 11:00:00,2024-06-01,2024-07-01,32,18,14,0.5625,97738.88890815046,0.0,0.010999999999999998,0.013999999999999995,80,0.0009000000000000001
2024-06-27 12:00:00,2024-06-01,2024-07-01,32,18,14,0.5625,97738.88890815046,0.0,0.010999999999999998,0.013999999999999995,80,0.0009000000000000001
2024-06-27 13:00:00,2024-06-01,2024-07-01,32,18,14,0.5625,97738.88890815046,0.0,0.010999999999999998,0.013999999999999995,80,0.0009000000000000001
2024-06-28 08:00:00,2024-06-01,2024-07-01,32,18,14,0.5625,97738.88890815046,-1.4690101399999977,0.010999999999999998,0.013999999999999995,80,0.0009000000000000001
2024-06-28 09:00:00,2024-06-01,2024-07-01,32,18,14,0.5625,97738.88890815046,-1.4690101399999977,0.010999999999999998,0.013999999999999995,80,0.0009000000000000001
2024-06-28 10:00:00,2024-06-01,2024-07-01,32,18,14,0.5625,97738.88890815046,-1.4690101399999977,0.010999999999999998,0.013999999999999995,80,0.0009000000000000001
2024-06-28 11:00:00,2024-06-01,2024-07-01,32,18,14,0.5625,97738.88890815046,-1.4690101399999977,0.010999999999999998,0.013999999999999995,80,0.0009000000000000001
2024-06-28 12:00:00,2024-06-01,2024-07-01,32,18,14,0.5625,97738.88890815046,-1.4690101399999977,0.010999999999999998,0.013999999999999995,80,0.0009000000000000001
2024-06-28 16:00:00,2024-06-01,2024-07-01,32,18,14,0.5625,97738.88890815046,-1.4690101399999977,0.010999999999999998,0.013999999999999995,80,0.0009000000000000001
2024-06-29 03:00:00,2024-06-01,2024-07-01,32,18,14,0.5625,97738.88890815046,1.0292401099999944,0.010999999999999998,0.013999999999999995,80,0.0009000000000000001
2024-06-29 04:00:00,2024-06-01,2024-07-01,32,18,14,0.5625,97738.88890815046,1.0292401099999944,0.010999999999999998,0.013999999999999995,80,0.0009000000000000001
2024-06-29 05:00:00,2024-06-01,2024-07-01,32,18,14,0.5625,97738.88890815046,1.0292401099999944,0.010999999999999998,0.013999999999999995,80,0.0009000000000000001
2024-06-29 06:00:00,2024-06-01,2024-07-01,32,18,14,0.5625,97738.88890815046,1.0292401099999944,0.010999999999999998,0.013999999999999995,80,0.0009000000000000001
2024-06-30 06:00:00,2024-06-01,2024-07-01,32,18,14,0.5625,97738.88890815046,-0.45488967158084437,0.010999999999999998,0.013999999999999995,80,0.0009000000000000001
2024-06-30 07:00:00,2024-06-01,2024-07-01,32,18,14,0.5625,97738.88890815046,-0.45488967158084437,0.010999999999999998,0.013999999999999995,80,0.0009000000000000001
2024-06-30 08:00:00,2024-06-01,2024-07-01,32,18,14,0.5625,97738.88890815046,-0.45488967158084437,0.010999999999999998,0.013999999999999995,80,0.0009000000000000001
2024-06-30 09:00:00,2024-06-01,2024-07-01,32,18,14,0.5625,97738.88890815046,-0.45488967158084437,0.010999999999999998,0.013999999999999995,80,0.0009000000000000001
2024-06-30 10:00:00,2024-06-01,2024-07-01,32,18,14,0.5625,97738.88890815046,-0.45488967158084437,0.010999999999999998,0.013999999999999995,80,0.0009000000000000001
2024-06-30 18:00:00,2024-06-01,2024-07-01,32,18,14,0.5625,97738.88890815046,-0.45488967158084437,0.010999999999999998,0.013999999999999995,80,0.0009000000000000001
2024-07-02 08:00:00,2024-07-01,2024-08-01,41,23,18,0.5609756097560976,102875.02549829085,2.271090491599025,0.011999999999999997,0.011999999999999997,60,0.0011
2024-07-02 09:00:00,2024-07-01,2024-08-01,41,23,18,0.5609756097560976,102875.02549829085,2.271090491599025,0.011999999999999997,0.011999999999999997,60,0.0011
2024-07-02 10:00:00,2024-07-01,2024-08-01,41,23,18,0.5609756097560976,102875.02549829085,2.271090491599025,0.011999999999999997,0.011999999999999997,60,0.0011
2024-07-02 11:00:00,2024-07-01,2024-08-01,41,23,18,0.5609756097560976,102875.02549829085,2.271090491599025,0.011999999999999997,0.011999999999999997,60,0.0011
2024-07-02 12:00:00,2024-07-01,2024-08-01,41,23,18,0.5609756097560976,102875.02549829085,2.271090491599025,0.011999999999999997,0.011999999999999997,60,0.0011
2024-07-02 13:00:00,2024-07-01,2024-08-01,41,23,18,0.5609756097560976,102875.02549829085,2.271090491599025,0.011999999999999997,0.011999999999999997,60,0.0011
2024-07-02 14:00:00,2024-07-01,2024-08-01,41,23,18,0.5609756097560976,102875.02549829085,2.271090491599025,0.011999999999999997,0.011999999999999997,60,0.0011
2024-07-02 15:00:00,2024-07-01,2024-08-01,41,23,18,0.5609756097560976,102875.02549829085,2.271090491599025,0.011999999999999997,0.011999999999999997,60,0.0011
2024-07-02 16:00:00,2024-07-01,2024-08-01,41,23,18,0.5609756097560976,102875.02549829085,2.271090491599025,0.011999999999999997,0.011999999999999997,60,0.0011
2024-07-02 17:00:00,2024-07-01,2024-08-01,41,23,18,0.5609756097560976,102875.02549829085,2.271090491599025,0.011999999999999997,0.011999999999999997,60,0.0011
2024-07-02 18:00:00,2024-07-01,2024-08-01,41,23,18,0.5609756097560976,102875.02549829085,2.271090491599025,0.011999999999999997,0.011999999999999997,60,0.0011
2024-07-04 08:00:00,2024-07-01,2024-08-01,41,23,18,0.5609756097560976,102875.02549829085,-1.2691501199999844,0.011999999999999997,0.011999999999999997,60,0.0011
2024-07-04 09:00:00,2024-07-01,2024-08-01,41,23,18,0.5609756097560976,102875.02549829085,-1.2691501199999844,0.011999999999999997,0.011999999999999997,60,0.0011
2024-07-05 08:00:00,2024-07-01,2024-08-01,41,23,18,0.5609756097560976,102875.02549829085,-1.2691501200000055,0.011999999999999997,0.011999999999999997,60,0.0011
2024-07-05 09:00:00,2024-07-01,2024-08-01,41,23,18,0.5609756097560976,102875.02549829085,-1.2691501200000055,0.011999999999999997,0.011999999999999997,60,0.0011
2024-07-06 10:00:00,2024-07-01,2024-08-01,41,23,18,0.5609756097560976,102875.02549829085,1.129170120000008,0.011999999999999997,0.011999999999999997,60,0.0011
2024-07-06 11:00:00,2024-07-01,2024-08-01,41,23,18,0.5609756097560976,102875.02549829085,1.129170120000008,0.011999999999999997,0.011999999999999997,60,0.0011
2024-07-06 12:00:00,2024-07-01,2024-08-01,41,23,18,0.5609756097560976,102875.02549829085,1.129170120000008,0.011999999999999997,0.011999999999999997,60,0.0011
2024-07-07 00:00:00,2024-07-01,2024-08-01,41,23,18,0.5609756097560976,102875.02549829085,-0.15431086393295834,0.011999999999999997,0.011999999999999997,60,0.0011
2024-07-07 01:00:00,2024-07-01,2024-08-01,41,23,18,0.5609756097560976,102875.02549829085,-0.15431086393295834,0.011999999999999997,0.011999999999999997,60,0.0011
2024-07-07 08:00:00,2024-07-01,2024-08-01,41,23,18,0.5609756097560976,102875.02549829085,-0.15431086393295834,0.011999999999999997,0.011999999999999997,60,0.0011
2024-07-07 09:00:00,2024-07-01,2024-08-01,41,23,18,0.5609756097560976,102875.02549829085,-0.15431086393295834,0.011999999999999997,0.011999999999999997,60,0.0011
2024-07-07 10:00:00,2024-07-01,2024-08-01,41,23,18,0.5609756097560976,102875.02549829085,-0.15431086393295834,0.011999999999999997,0.011999999999999997,60,0.0011
2024-07-07 12:00:00,2024-07-01,2024-08-01,41,23,18,0.5609756097560976,102875.02549829085,-0.15431086393295834,0.011999999999999997,0.011999999999999997,60,0.0011
2024-07-07 13:00:00,2024-07-01,2024-08-01,41,23,18,0.5609756097560976,102875.02549829085,-0.15431086393295834,0.011999999999999997,0.011999999999999997,60,0.0011
2024-07-08 01:00:00,2024-07-01,2024-08-01,41,23,18,0.5609756097560976,102875.02549829085,1.1291701200000082,0.011999999999999997,0.011999999999999997,60,0.0011
2024-07-08 02:00:00,2024-07-01,2024-08-01,41,23,18,0.5609756097560976,102875.02549829085,1.1291701200000082,0.011999999999999997,0.011999999999999997,60,0.0011
2024-07-09 05:00:00,2024-07-01,2024-08-01,41,23,18,0.5609756097560976,102875.02549829085,1.1291701200000024,0.011999999999999997,0.011999999999999997,60,0.0011
2024-07-09 06:00:00,2024-07-01,2024-08-01,41,23,18,0.5609756097560976,102875.02549829085,1.1291701200000024,0.011999999999999997,0.011999999999999997,60,0.0011
2024-07-09 07:00:00,2024-07-01,2024-08-01,41,23,18,0.5609756097560976,102875.02549829085,1.1291701200000024,0.011999999999999997,0.011999999999999997,60,0.0011
2024-07-10 00:00:00,2024-07-01,2024-08-01,41,23,18,0.5609756097560976,102875.02549829085,1.1291701200000077,0.011999999999999997,0.011999999999999997,60,0.0011
2024-07-10 01:00:00,2024-07-01,2024-08-01,41,23,18,0.5609756097560976,102875.02549829085,1.1291701200000077,0.011999999999999997,0.011999999999999997,60,0.0011
2024-07-11 08:00:00,2024-07-01,2024-08-01,41,23,18,0.5609756097560976,102875.02549829085,-0.3083836094386295,0.011999999999999997,0.011999999999999997,60,0.0011
2024-07-11 11:00:00,2024-07-01,2024-08-01,41,23,18,0.5609756097560976,102875.02549829085,-0.3083836094386295,0.011999999999999997,0.011999999999999997,60,0.0011
2024-07-11 12:00:00,2024-07-01,2024-08-01,41,23,18,0.5609756097560976,102875.02549829085,-0.3083836094386295,0.011999999999999997,0.011999999999999997,60,0.0011
2024-07-11 13:00:00,2024-07-01,2024-08-01,41,23,18,0.5609756097560976,102875.02549829085,-0.3083836094386295,0.011999999999999997,0.011999999999999997,60,0.0011
2024-07-11 16:00:00,2024-07-01,2024-08-01,41,23,18,0.5609756097560976,102875.02549829085,-0.3083836094386295,0.011999999999999997,0.011999999999999997,60,0.0011
2024-07-11 18:00:00,2024-07-01,2024-08-01,41,23,18,0.5609756097560976,102875.02549829085,-0.3083836094386295,0.011999999999999997,0.011999999999999997,60,0.0011
2024-07-11 19:00:00,2024-07-01,2024-08-01,41,23,18,0.5609756097560976,102875.02549829085,-0.3083836094386295,0.011999999999999997,0.011999999999999997,60,0.0011
2024-07-11 20:00:00,2024-07-01,2024-08-01,41,23,18,0.5609756097560976,102875.02549829085,-0.3083836094386295,0.011999999999999997,0.011999999999999997,60,0.0011
2024-07-11 21:00:00,2024-07-01,2024-08-01,41,23,18,0.5609756097560976,102875.02549829085,-0.3083836094386295,0.011999999999999997,0.011999999999999997,60,0.0011
2024-07-11 22:00:00,2024-07-01,2024-08-01,41,23,18,0.5609756097560976,102875.02549829085,-0.3083836094386295,0.011999999999999997,0.011999999999999997,60,0.0011
2024-07-11 23:00:00,2024-07-01,2024-08-01,41,23,18,0.5609756097560976,102875.02549829085,-0.3083836094386295,0.011999999999999997,0.011999999999999997,60,0.0011
2024-07-12 10:00:00,2024-07-01,2024-08-01,41,23,18,0.5609756097560976,102875.02549829085,-1.2691501199999968,0.011999999999999997,0.011999999999999997,60,0.0011
2024-07-12 11:00:00,2024-07-01,2024-08-01,41,23,18,0.5609756097560976,102875.02549829085,-1.2691501199999968,0.011999999999999997,0.011999999999999997,60,0.0011
2024-07-12 12:00:00,2024-07-01,2024-08-01,41,23,18,0.5609756097560976,102875.02549829085,-1.2691501199999968,0.011999999999999997,0.011999999999999997,60,0.0011
2024-07-12 13:00:00,2024-07-01,2024-08-01,41,23,18,0.5609756097560976,102875.02549829085,-1.2691501199999968,0.011999999999999997,0.011999999999999997,60,0.0011
2024-07-13 16:00:00,2024-07-01,2024-08-01,41,23,18,0.5609756097560976,102875.02549829085,1.1291701200000093,0.011999999999999997,0.011999999999999997,60,0.0011
2024-07-13 17:00:00,2024-07-01,2024-08-01,41,23,18,0.5609756097560976,102875.02549829085,1.1291701200000093,0.011999999999999997,0.011999999999999997,60,0.0011
2024-07-13 18:00:00,2024-07-01,2024-08-01,41,23,18,0.5609756097560976,102875.02549829085,1.1291701200000093,0.011999999999999997,0.011999999999999997,60,0.0011
2024-07-13 19:00:00,2024-07-01,2024-08-01,41,23,18,0.5609756097560976,102875.02549829085,1.1291701200000093,0.011999999999999997,0.011999999999999997,60,0.0011
2024-07-13 20:00:00,2024-07-01,2024-08-01,41,23,18,0.5609756097560976,102875.02549829085,1.1291701200000093,0.011999999999999997,0.011999999999999997,60,0.0011
2024-07-14 04:00:00,2024-07-01,2024-08-01,41,23,18,0.5609756097560976,102875.02549829085,-1.2691501199999855,0.011999999999999997,0.011999999999999997,60,0.0011
2024-07-14 05:00:00,2024-07-01,2024-08-01,41,23,18,0.5609756097560976,102875.02549829085,-1.2691501199999855,0.011999999999999997,0.011999999999999997,60,0.0011
2024-07-14 06:00:00,2024-07-01,2024-08-01,41,23,18,0.5609756097560976,102875.02549829085,-1.2691501199999855,0.011999999999999997,0.011999999999999997,60,0.0011
2024-07-14 07:00:00,2024-07-01,2024-08-01,41,23,18,0.5609756097560976,102875.02549829085,-1.2691501199999855,0.011999999999999997,0.011999999999999997,60,0.0011
2024-07-15 00:00:00,2024-07-01,2024-08-01,41,23,18,0.5609756097560976,102875.02549829085,2.2710904915990113,0.011999999999999997,0.011999999999999997,60,0.0011
2024-07-15 01:00:00,2024-07-01,2024-08-01,41,23,18,0.5609756097560976,102875.02549829085,2.2710904915990113,0.011999999999999997,0.011999999999999997,60,0.0011
2024-07-15 18:00:00,2024-07-01,2024-08-01,41,23,18,0.5609756097560976,102875.02549829085,2.2710904915990113,0.011999999999999997,0.011999999999999997,60,0.0011
2024-07-15 19:00:00,2024-07-01,2024-08-01,41,23,18,0.5609756097560976,102875.02549829085,2.2710904915990113,0.011999999999999997,0.011999999999999997,60,0.0011
2024-07-15 20:00:00,2024-07-01,2024-08-01,41,23,18,0.5609756097560976,102875.02549829085,2.2710904915990113,0.011999999999999997,0.011999999999999997,60,0.0011
2024-07-15 21:00:00,2024-07-01,2024-08-01,41,23,18,0.5609756097560976,102875.02549829085,2.2710904915990113,0.011999999999999997,0.011999999999999997,60,0.0011
2024-07-16 20:00:00,2024-07-01,2024-08-01,41,23,18,0.5609756097560976,102875.02549829085,1.1291701199999975,0.011999999999999997,0.011999999999999997,60,0.0011
2024-07-16 21:00:00,2024-07-01,2024-08-01,41,23,18,0.5609756097560976,102875.02549829085,1.1291701199999975,0.011999999999999997,0.011999999999999997,60,0.0011
2024-07-17 00:00:00,2024-07-01,2024-08-01,41,23,18,0.5609756097560976,102875.02549829085,0.0,0.011999999999999997,0.011999999999999997,60,0.0011
2024-07-18 20:00:00,2024-07-01,2024-08-01,41,23,18,0.5609756097560976,102875.02549829085,-1.2691501199999948,0.011999999999999997,0.011999999999999997,60,0.0011
2024-07-18 21:00:00,2024-07-01,2024-08-01,41,23,18,0.5609756097560976,102875.02549829085,-1.2691501199999948,0.011999999999999997,0.011999999999999997,60,0.0011
2024-07-18 22:00:00,2024-07-01,2024-08-01,41,23,18,0.5609756097560976,102875.02549829085,-1.2691501199999948,0.011999999999999997,0.011999999999999997,60,0.0011
2024-07-18 23:00:00,2024-07-01,2024-08-01,41,23,18,0.5609756097560976,102875.02549829085,-1.2691501199999948,0.011999999999999997,0.011999999999999997,60,0.0011
2024-07-19 03:00:00,2024-07-01,2024-08-01,41,23,18,0.5609756097560976,102875.02549829085,-0.15431086393296567,0.011999999999999997,0.011999999999999997,60,0.0011
2024-07-19 04:00:00,2024-07-01,2024-08-01,41,23,18,0.5609756097560976,102875.02549829085,-0.15431086393296567,0.011999999999999997,0.011999999999999997,60,0.0011
2024-07-19 08:00:00,2024-07-01,2024-08-01,41,23,18,0.5609756097560976,102875.02549829085,-0.15431086393296567,0.011999999999999997,0.011999999999999997,60,0.0011
2024-07-19 09:00:00,2024-07-01,2024-08-01,41,23,18,0.5609756097560976,102875.02549829085,-0.15431086393296567,0.011999999999999997,0.011999999999999997,60,0.0011
2024-07-19 10:00:00,2024-07-01,2024-08-01,41,23,18,0.5609756097560976,102875.02549829085,-0.15431086393296567,0.011999999999999997,0.011999999999999997,60,0.0011
2024-07-19 11:00:00,2024-07-01,2024-08-01,41,23,18,0.5609756097560976,102875.02549829085,-0.15431086393296567,0.011999999999999997,0.011999999999999997,60,0.0011
2024-07-19 12:00:00,2024-07-01,2024-08-01,41,23,18,0.5609756097560976,102875.02549829085,-0.15431086393296567,0.011999999999999997,0.011999999999999997,60,0.0011
2024-07-19 13:00:00,2024-07-01,2024-08-01,41,23,18,0.5609756097560976,102875.02549829085,-0.15431086393296567,0.011999999999999997,0.011999999999999997,60,0.0011
2024-07-19 14:00:00,2024-07-01,2024-08-01,41,23,18,0.5609756097560976,102875.02549829085,-0.15431086393296567,0.011999999999999997,0.011999999999999997,60,0.0011
2024-07-19 15:00:00,2024-07-01,2024-08-01,41,23,18,0.5609756097560976,102875.02549829085,-0.15431086393296567,0.011999999999999997,0.011999999999999997,60,0.0011
2024-07-19 17:00:00,2024-07-01,2024-08-01,41,23,18,0.5609756097560976,102875.02549829085,-0.15431086393296567,0.011999999999999997,0.011999999999999997,60,0.0011
2024-07-19 18:00:00,2024-07-01,2024-08-01,41,23,18,0.5609756097560976,102875.02549829085,-0.15431086393296567,0.011999999999999997,0.011999999999999997,60,0.0011
2024-07-19 19:00:00,2024-07-01,2024-08-01,41,23,18,0.5609756097560976,102875.02549829085,-0.15431086393296567,0.011999999999999997,0.011999999999999997,60,0.0011
2024-07-19 20:00:00,2024-07-01,2024-08-01,41,23,18,0.5609756097560976,102875.02549829085,-0.15431086393296567,0.011999999999999997,0.011999999999999997,60,0.0011
2024-07-19 21:00:00,2024-07-01,2024-08-01,41,23,18,0.5609756097560976,102875.02549829085,-0.15431086393296567,0.011999999999999997,0.011999999999999997,60,0.0011
2024-07-20 01:00:00,2024-07-01,2024-08-01,41,23,18,0.5609756097560976,102875.02549829085,0.0,0.011999999999999997,0.011999999999999997,60,0.0011
2024-07-21 13:00:00,2024-07-01,2024-08-01,41,23,18,0.5609756097560976,102875.02549829085,0.9731168238996063,0.011999999999999997,0.011999999999999997,60,0.0011
2024-07-21 14:00:00,2024-07-01,2024-08-01,41,23,18,0.5609756097560976,102875.02549829085,0.9731168238996063,0.011999999999999997,0.011999999999999997,60,0.0011
2024-07-21 15:00:00,2024-07-01,2024-08-01,41,23,18,0.5609756097560976,102875.02549829085,0.9731168238996063,0.011999999999999997,0.011999999999999997,60,0.0011
2024-07-21 16:00:00,2024-07-01,2024-08-01,41,23,18,0.5609756097560976,102875.02549829085,0.9731168238996063,0.011999999999999997,0.011999999999999997,60,0.0011
2024-07-21 22:00:00,2024-07-01,2024-08-01,41,23,18,0.5609756097560976,102875.02549829085,0.9731168238996063,0.011999999999999997,0.011999999999999997,60,0.0011
2024-07-21 23:00:00,2024-07-01,2024-08-01,41,23,18,0.5609756097560976,102875.02549829085,0.9731168238996063,0.011999999999999997,0.011999999999999997,60,0.0011
2024-07-22 00:00:00,2024-07-01,2024-08-01,41,23,18,0.5609756097560976,102875.02549829085,-1.2691501199999924,0.011999999999999997,0.011999999999999997,60,0.0011
2024-07-22 20:00:00,2024-07-01,2024-08-01,41,23,18,0.5609756097560976,102875.02549829085,-1.2691501199999924,0.011999999999999997,0.011999999999999997,60,0.0011
2024-07-22 23:00:00,2024-07-01,2024-08-01,41,23,18,0.5609756097560976,102875.02549829085,-1.2691501199999924,0.011999999999999997,0.011999999999999997,60,0.0011
2024-07-23 00:00:00,2024-07-01,2024-08-01,41,23,18,0.5609756097560976,102875.02549829085,-1.2691501199999888,0.011999999999999997,0.011999999999999997,60,0.0011
2024-07-23 01:00:00,2024-07-01,2024-08-01,41,23,18,0.5609756097560976,102875.02549829085,-1.2691501199999888,0.011999999999999997,0.011999999999999997,60,0.0011
2024-07-23 02:00:00,2024-07-01,2024-08-01,41,23,18,0.5609756097560976,102875.02549829085,-1.2691501199999888,0.011999999999999997,0.011999999999999997,60,0.0011
2024-07-23 04:00:00,2024-07-01,2024-08-01,41,23,18,0.5609756097560976,102875.02549829085,-1.2691501199999888,0.011999999999999997,0.011999999999999997,60,0.0011
2024-07-24 09:00:00,2024-07-01,2024-08-01,41,23,18,0.5609756097560976,102875.02549829085,-1.2691501199999895,0.011999999999999997,0.011999999999999997,60,0.0011
2024-07-24 10:00:00,2024-07-01,2024-08-01,41,23,18,0.5609756097560976,102875.02549829085,-1.2691501199999895,0.011999999999999997,0.011999999999999997,60,0.0011
2024-07-24 11:00:00,2024-07-01,2024-08-01,41,23,18,0.5609756097560976,102875.02549829085,-1.2691501199999895,0.011999999999999997,0.011999999999999997,60,0.0011
2024-07-24 12:00:00,2024-07-01,2024-08-01,41,23,18,0.5609756097560976,102875.02549829085,-1.2691501199999895,0.011999999999999997,0.011999999999999997,60,0.0011
2024-07-24 13:00:00,2024-07-01,2024-08-01,41,23,18,0.5609756097560976,102875.02549829085,-1.2691501199999895,0.011999999999999997,0.011999999999999997,60,0.0011
2024-07-24 14:00:00,2024-07-01,2024-08-01,41,23,18,0.5609756097560976,102875.02549829085,-1.2691501199999895,0.011999999999999997,0.011999999999999997,60,0.0011
2024-07-24 15:00:00,2024-07-01,2024-08-01,41,23,18,0.5609756097560976,102875.02549829085,-1.2691501199999895,0.011999999999999997,0.011999999999999997,60,0.0011
2024-07-24 16:00:00,2024-07-01,2024-08-01,41,23,18,0.5609756097560976,102875.02549829085,-1.2691501199999895,0.011999999999999997,0.011999999999999997,60,0.0011
2024-07-24 17:00:00,2024-07-01,2024-08-01,41,23,18,0.5609756097560976,102875.02549829085,-1.2691501199999895,0.011999999999999997,0.011999999999999997,60,0.0011
2024-07-24 18:00:00,2024-07-01,2024-08-01,41,23,18,0.5609756097560976,102875.02549829085,-1.2691501199999895,0.011999999999999997,0.011999999999999997,60,0.0011
2024-07-25 22:00:00,2024-07-01,2024-08-01,41,23,18,0.5609756097560976,102875.02549829085,-1.2691501199999913,0.011999999999999997,0.011999999999999997,60,0.0011
2024-07-26 00:00:00,2024-07-01,2024-08-01,41,23,18,0.5609756097560976,102875.02549829085,0.9731168238995986,0.011999999999999997,0.011999999999999997,60,0.0011
2024-07-26 01:00:00,2024-07-01,2024-08-01,41,23,18,0.5609756097560976,102875.02549829085,0.9731168238995986,0.011999999999999997,0.011999999999999997,60,0.0011
2024-07-26 02:00:00,2024-07-01,2024-08-01,41,23,18,0.5609756097560976,102875.02549829085,0.9731168238995986,0.011999999999999997,0.011999999999999997,60,0.0011
2024-07-26 03:00:00,2024-07-01,2024-08-01,41,23,18,0.5609756097560976,102875.02549829085,0.9731168238995986,0.011999999999999997,0.011999999999999997,60,0.0011
2024-07-26 12:00:00,2024-07-01,2024-08-01,41,23,18,0.5609756097560976,102875.02549829085,0.9731168238995986,0.011999999999999997,0.011999999999999997,60,0.0011
2024-07-26 16:00:00,2024-07-01,2024-08-01,41,23,18,0.5609756097560976,102875.02549829085,0.9731168238995986,0.011999999999999997,0.011999999999999997,60,0.0011
2024-07-26 17:00:00,2024-07-01,2024-08-01,41,23,18,0.5609756097560976,102875.02549829085,0.9731168238995986,0.011999999999999997,0.011999999999999997,60,0.0011
2024-07-26 18:00:00,2024-07-01,2024-08-01,41,23,18,0.5609756097560976,102875.02549829085,0.9731168238995986,0.011999999999999997,0.011999999999999997,60,0.0011
2024-07-26 19:00:00,2024-07-01,2024-08-01,41,23,18,0.5609756097560976,102875.02549829085,0.9731168238995986,0.011999999999999997,0.011999999999999997,60,0.0011
2024-07-26 20:00:00,2024-07-01,2024-08-01,41,23,18,0.5609756097560976,102875.02549829085,0.9731168238995986,0.011999999999999997,0.011999999999999997,60,0.0011
2024-07-26 21:00:00,2024-07-01,2024-08-01,41,23,18,0.5609756097560976,102875.02549829085,0.9731168238995986,0.011999999999999997,0.011999999999999997,60,0.0011
2024-07-27 10:00:00,2024-07-01,2024-08-01,41,23,18,0.5609756097560976,102875.02549829085,-0.15431086393295812,0.011999999999999997,0.011999999999999997,60,0.0011
2024-07-27 12:00:00,2024-07-01,2024-08-01,41,23,18,0.5609756097560976,102875.02549829085,-0.15431086393295812,0.011999999999999997,0.011999999999999997,60,0.0011
2024-07-27 14:00:00,2024-07-01,2024-08-01,41,23,18,0.5609756097560976,102875.02549829085,-0.15431086393295812,0.011999999999999997,0.011999999999999997,60,0.0011
2024-07-27 16:00:00,2024-07-01,2024-08-01,41,23,18,0.5609756097560976,102875.02549829085,-0.15431086393295812,0.011999999999999997,0.011999999999999997,60,0.0011
2024-07-28 04:00:00,2024-07-01,2024-08-01,41,23,18,0.5609756097560976,102875.02549829085,-0.15431086393297705,0.011999999999999997,0.011999999999999997,60,0.0011
2024-07-28 05:00:00,2024-07-01,2024-08-01,41,23,18,0.5609756097560976,102875.02549829085,-0.15431086393297705,0.011999999999999997,0.011999999999999997,60,0.0011
2024-07-28 06:00:00,2024-07-01,2024-08-01,41,23,18,0.5609756097560976,102875.02549829085,-0.15431086393297705,0.011999999999999997,0.011999999999999997,60,0.0011
2024-07-28 07:00:00,2024-07-01,2024-08-01,41,23,18,0.5609756097560976,102875.02549829085,-0.15431086393297705,0.011999999999999997,0.011999999999999997,60,0.0011
2024-07-28 08:00:00,2024-07-01,2024-08-01,41,23,18,0.5609756097560976,102875.02549829085,-0.15431086393297705,0.011999999999999997,0.011999999999999997,60,0.0011
2024-07-28 09:00:00,2024-07-01,2024-08-01,41,23,18,0.5609756097560976,102875.02549829085,-0.15431086393297705,0.011999999999999997,0.011999999999999997,60,0.0011
2024-07-28 23:00:00,2024-07-01,2024-08-01,41,23,18,0.5609756097560976,102875.02549829085,-0.15431086393297705,0.011999999999999997,0.011999999999999997,60,0.0011
2024-07-29 00:00:00,2024-07-01,2024-08-01,41,23,18,0.5609756097560976,102875.02549829085,-0.15431086393295199,0.011999999999999997,0.011999999999999997,60,0.0011
2024-07-29 01:00:00,2024-07-01,2024-08-01,41,23,18,0.5609756097560976,102875.02549829085,-0.15431086393295199,0.011999999999999997,0.011999999999999997,60,0.0011
2024-07-29 02:00:00,2024-07-01,2024-08-01,41,23,18,0.5609756097560976,102875.02549829085,-0.15431086393295199,0.011999999999999997,0.011999999999999997,60,0.0011
2024-07-29 03:00:00,2024-07-01,2024-08-01,41,23,18,0.5609756097560976,102875.02549829085,-0.15431086393295199,0.011999999999999997,0.011999999999999997,60,0.0011
2024-07-29 04:00:00,2024-07-01,2024-08-01,41,23,18,0.5609756097560976,102875.02549829085,-0.15431086393295199,0.011999999999999997,0.011999999999999997,60,0.0011
2024-07-29 05:00:00,2024-07-01,2024-08-01,41,23,18,0.5609756097560976,102875.02549829085,-0.15431086393295199,0.011999999999999997,0.011999999999999997,60,0.0011
2024-07-29 06:00:00,2024-07-01,2024-08-01,41,23,18,0.5609756097560976,102875.02549829085,-0.15431086393295199,0.011999999999999997,0.011999999999999997,60,0.0011
2024-07-29 07:00:00,2024-07-01,2024-08-01,41,23,18,0.5609756097560976,102875.02549829085,-0.15431086393295199,0.011999999999999997,0.011999999999999997,60,0.0011
2024-07-29 08:00:00,2024-07-01,2024-08-01,41,23,18,0.5609756097560976,102875.02549829085,-0.15431086393295199,0.011999999999999997,0.011999999999999997,60,0.0011
2024-07-29 19:00:00,2024-07-01,2024-08-01,41,23,18,0.5609756097560976,102875.02549829085,-0.15431086393295199,0.011999999999999997,0.011999999999999997,60,0.0011
2024-07-29 20:00:00,2024-07-01,2024-08-01,41,23,18,0.5609756097560976,102875.02549829085,-0.15431086393295199,0.011999999999999997,0.011999999999999997,60,0.0011
2024-07-29 21:00:00,2024-07-01,2024-08-01,41,23,18,0.5609756097560976,102875.02549829085,-0.15431086393295199,0.011999999999999997,0.011999999999999997,60,0.0011
2024-07-29 22:00:00,2024-07-01,2024-08-01,41,23,18,0.5609756097560976,102875.02549829085,-0.15431086393295199,0.011999999999999997,0.011999999999999997,60,0.0011
2024-07-29 23:00:00,2024-07-01,2024-08-01,41,23,18,0.5609756097560976,102875.02549829085,-0.15431086393295199,0.011999999999999997,0.011999999999999997,60,0.0011
2024-07-30 00:00:00,2024-07-01,2024-08-01,41,23,18,0.5609756097560976,102875.02549829085,2.27109049159903,0.011999999999999997,0.011999999999999997,60,0.0011
2024-07-30 01:00:00,2024-07-01,2024-08-01,41,23,18,0.5609756097560976,102875.02549829085,2.27109049159903,0.011999999999999997,0.011999999999999997,60,0.0011
2024-07-30 15:00:00,2024-07-01,2024-08-01,41,23,18,0.5609756097560976,102875.02549829085,2.27109049159903,0.011999999999999997,0.011999999999999997,60,0.0011
2024-07-30 16:00:00,2024-07-01,2024-08-01,41,23,18,0.5609756097560976,102875.02549829085,2.27109049159903,0.011999999999999997,0.011999999999999997,60,0.0011
2024-07-30 17:00:00,2024-07-01,2024-08-01,41,23,18,0.5609756097560976,102875.02549829085,2.27109049159903,0.011999999999999997,0.011999999999999997,60,0.0011
