Date,Optimized TP,Optimized SL,Percentage Change,ROI,ATR_1,ATR_2,ATR_3,ATR_4,ATR_5,ATR_6,ATR_7,ATR_8,ATR_9,ATR_10,ATR_11,ATR_12,ATR_1_pct,ATR_2_pct,ATR_3_pct,ATR_4_pct,ATR_5_pct,ATR_6_pct,ATR_7_pct,ATR_8_pct,ATR_9_pct,ATR_10_pct,ATR_11_pct,ATR_12_pct,TP_ATR_1_residual,SL_ATR_1_residual,PC_ATR_1_residual,TP_ATR_2_residual,SL_ATR_2_residual,PC_ATR_2_residual,TP_ATR_3_residual,SL_ATR_3_residual,PC_ATR_3_residual,TP_ATR_4_residual,SL_ATR_4_residual,PC_ATR_4_residual,TP_ATR_5_residual,SL_ATR_5_residual,PC_ATR_5_residual,TP_ATR_6_residual,SL_ATR_6_residual,PC_ATR_6_residual,TP_ATR_7_residual,SL_ATR_7_residual,PC_ATR_7_residual,TP_ATR_8_residual,SL_ATR_8_residual,PC_ATR_8_residual,TP_ATR_9_residual,SL_ATR_9_residual,PC_ATR_9_residual,TP_ATR_10_residual,SL_ATR_10_residual,PC_ATR_10_residual,TP_ATR_11_residual,SL_ATR_11_residual,PC_ATR_11_residual,TP_ATR_12_residual,SL_ATR_12_residual,PC_ATR_12_residual
1/1/2024 1:00,0.007,0.008,0.0003,0.62952,370,341.8,326.8666667,374.55,331.4,306.3666667,279.3428571,269,260.3888889,261.97,260.3545455,250.3916667,0.008675691,0.008014463,0.007664309,0.008782378,0.007770605,0.007183628,0.006549979,0.006307462,0.00610555,0.006142624,0.006104745,0.005871137,-0.001675691,-0.000675691,-0.008375691,-0.001014463,-1.45E-05,-0.007714463,-0.000664309,0.000335691,-0.007364309,-0.001782378,-0.000782378,-0.008482378,-0.000770605,0.000229395,-0.007470605,-0.000183628,0.000816372,-0.006883628,0.000450021,0.001450021,-0.006249979,0.000692538,0.001692538,-0.006007462,0.00089445,0.00189445,-0.00580555,0.000857376,0.001857376,-0.005842624,0.000895255,0.001895255,-0.005804745,0.001128863,0.002128863,-0.005571137
1/1/2024 17:00,0.013,0.004,0.0003,1.2291,126,165.9,200.5666667,185.75,176.52,176.1166667,174.1,169.075,168.5333333,162.47,158.0909091,163.4333333,0.002940696,0.003871916,0.004680997,0.004335193,0.004119775,0.004110362,0.004063295,0.003946017,0.003933375,0.003791864,0.003689661,0.003814347,0.010059304,0.001059304,-0.002640696,0.009128084,0.000128084,-0.003571916,0.008319003,-0.000680997,-0.004380997,0.008664807,-0.000335193,-0.004035193,0.008880225,-0.000119775,-0.003819775,0.008889638,-0.000110362,-0.003810362,0.008936705,-6.33E-05,-0.003763295,0.009053983,5.40E-05,-0.003646017,0.009066625,6.66E-05,-0.003633375,0.009208136,0.000208136,-0.003491864,0.009310339,0.000310339,-0.003389661,0.009185653,0.000185653,-0.003514347
1/2/2024 23:00,0.012,0.008,0.0002,1.12917,265,366.45,429.9666667,437.65,450.84,432.1666667,433.8,445.975,451.0666667,488.36,484.2909091,471.5833333,0.005891534,0.00814699,0.009559106,0.009729923,0.010023166,0.009608017,0.009644329,0.009915006,0.010028205,0.010857318,0.010766853,0.010484336,0.006108466,0.002108466,-0.005691534,0.00385301,-0.00014699,-0.00794699,0.002440894,-0.001559106,-0.009359106,0.002270077,-0.001729923,-0.009529923,0.001976834,-0.002023166,-0.009823166,0.002391983,-0.001608017,-0.009408017,0.002355671,-0.001644329,-0.009444329,0.002084994,-0.001915006,-0.009715006,0.001971795,-0.002028205,-0.009828205,0.001142682,-0.002857318,-0.010657318,0.001233147,-0.002766853,-0.010566853,0.001515664,-0.002484336,-0.010284336
1/6/2024 1:00,0.011,0.003,0.0001,-0.36978,196.2,222.4,272.4333333,274.375,301.64,402.85,389.9714286,377.8,394.7,394.37,400.2454545,455.3,0.004462996,0.005058972,0.006197089,0.006241257,0.006861458,0.0091637,0.008870749,0.008593883,0.008978311,0.008970804,0.009104454,0.010356789,0.006537004,-0.001462996,-0.004362996,0.005941028,-0.002058972,-0.004958972,0.004802911,-0.003197089,-0.006097089,0.004758743,-0.003241257,-0.006141257,0.004138542,-0.003861458,-0.006761458,0.0018363,-0.0061637,-0.0090637,0.002129251,-0.005870749,-0.008770749,0.002406117,-0.005593883,-0.008493883,0.002021689,-0.005978311,-0.008878311,0.002029196,-0.005970804,-0.008870804,0.001895546,-0.006104454,-0.009004454,0.000643211,-0.007356789,-0.010256789
1/6/2024 5:00,0.011,0.011,0.0004,1.02924,293,217,213.7666667,207.3,205.08,212.3333333,235.2142857,240.8375,259.7111111,324.63,323.5454545,320.9666667,0.006705435,0.004966141,0.004892145,0.004744152,0.004693347,0.004859342,0.005382983,0.005511673,0.005943604,0.007429301,0.007404481,0.007345464,0.004294565,0.004294565,-0.006305435,0.006033859,0.006033859,-0.004566141,0.006107855,0.006107855,-0.004492145,0.006255848,0.006255848,-0.004344152,0.006306653,0.006306653,-0.004293347,0.006140658,0.006140658,-0.004459342,0.005617017,0.005617017,-0.004982983,0.005488327,0.005488327,-0.005111673,0.005056396,0.005056396,-0.005543604,0.003570699,0.003570699,-0.007029301,0.003595519,0.003595519,-0.007004481,0.003654536,0.003654536,-0.006945464
1/6/2024 21:00,0.013,0.009,0.0014,1.2291,218.3,267,241,248.525,233.96,220.9166667,206.3714286,208.6875,208.0888889,209.36,199.1,199.0416667,0.004974784,0.006084596,0.005492089,0.005663574,0.005331656,0.005034415,0.004702947,0.004755727,0.004742086,0.004771053,0.00453724,0.004535911,0.008025216,0.004025216,-0.003574784,0.006915404,0.002915404,-0.004684596,0.007507911,0.003507911,-0.004092089,0.007336426,0.003336426,-0.004263574,0.007668344,0.003668344,-0.003931656,0.007965585,0.003965585,-0.003634415,0.008297053,0.004297053,-0.003302947,0.008244273,0.004244273,-0.003355727,0.008257914,0.004257914,-0.003342086,0.008228947,0.004228947,-0.003371053,0.00846276,0.00446276,-0.00313724,0.008464089,0.004464089,-0.003135911
1/7/2024 5:00,0.013,0.012,0.0002,1.2291,238.2,198.7,175.4,197.5,199.26,226.2166667,230.6142857,225.4625,224.6666667,233.77,229.7,233.15,0.005428392,0.004528218,0.003997229,0.004500871,0.00454098,0.005155301,0.005255519,0.005138114,0.005119978,0.005327435,0.005234683,0.005313306,0.007571608,0.006571608,-0.005228392,0.008471782,0.007471782,-0.004328218,0.009002771,0.008002771,-0.003797229,0.008499129,0.007499129,-0.004300871,0.00845902,0.00745902,-0.00434098,0.007844699,0.006844699,-0.004955301,0.007744481,0.006744481,-0.005055519,0.007861886,0.006861886,-0.004938114,0.007880022,0.006880022,-0.004919978,0.007672565,0.006672565,-0.005127435,0.007765317,0.006765317,-0.005034683,0.007686694,0.006686694,-0.005113306
1/8/2024 0:00,0.005,0.003,0.0009,-0.36978,363,410.1,429.3666667,357.625,318.68,305.0833333,282.7285714,298.7625,304.6666667,325.05,315.3909091,322.05,0.008321527,0.009401263,0.009842938,0.008198309,0.007305522,0.006993827,0.00648136,0.006848926,0.006984275,0.007451549,0.007230121,0.007382777,-0.003321527,-0.005321527,-0.007421527,-0.004401263,-0.006401263,-0.008501263,-0.004842938,-0.006842938,-0.008942938,-0.003198309,-0.005198309,-0.007298309,-0.002305522,-0.004305522,-0.006405522,-0.001993827,-0.003993827,-0.006093827,-0.00148136,-0.00348136,-0.00558136,-0.001848926,-0.003848926,-0.005948926,-0.001984275,-0.003984275,-0.006084275,-0.002451549,-0.004451549,-0.006551549,-0.002230121,-0.004230121,-0.006330121,-0.002382777,-0.004382777,-0.006482777
1/8/2024 21:00,0.011,0.009,0.0008,1.02924,574.2,519.35,584.2,816.2,808.12,737.8,744.2571429,697.375,662.4888889,679.24,691.1363636,671.3583333,0.012194397,0.011029537,0.012406769,0.017333798,0.017162201,0.015668802,0.015805933,0.014810288,0.014069405,0.014425152,0.014677797,0.014257767,-0.001194397,-0.003194397,-0.011394397,-2.95E-05,-0.002029537,-0.010229537,-0.001406769,-0.003406769,-0.011606769,-0.006333798,-0.008333798,-0.016533798,-0.006162201,-0.008162201,-0.016362201,-0.004668802,-0.006668802,-0.014868802,-0.004805933,-0.006805933,-0.015005933,-0.003810288,-0.005810288,-0.014010288,-0.003069405,-0.005069405,-0.013269405,-0.003425152,-0.005425152,-0.013625152,-0.003677797,-0.005677797,-0.013877797,-0.003257767,-0.005257767,-0.013457767
1/11/2024 17:00,0.01,0.009,0.0007,0.92931,987.6,1139.7,1487.433333,1570,1392.02,1248.283333,1136.557143,1078.725,975.5222222,904.81,849.2727273,819.1916667,0.021230811,0.024500562,0.031975917,0.033750884,0.029924781,0.026834819,0.024432999,0.02318976,0.02097117,0.019451043,0.018257137,0.017610473,-0.011230811,-0.012230811,-0.020530811,-0.014500562,-0.015500562,-0.023800562,-0.021975917,-0.022975917,-0.031275917,-0.023750884,-0.024750884,-0.033050884,-0.019924781,-0.020924781,-0.029224781,-0.016834819,-0.017834819,-0.026134819,-0.014432999,-0.015432999,-0.023732999,-0.01318976,-0.01418976,-0.02248976,-0.01097117,-0.01197117,-0.02027117,-0.009451043,-0.010451043,-0.018751043,-0.008257137,-0.009257137,-0.017557137,-0.007610473,-0.008610473,-0.016910473
1/12/2024 17:00,0.013,0.011,0.0009,1.2291,524.3,1011.45,1048.366667,954.75,838.46,775.3833333,711.6857143,660.2,649.3222222,621.86,604.9454545,577.7583333,0.01196038,0.023073291,0.023915437,0.021779845,0.019127027,0.017688116,0.01623504,0.015060543,0.014812398,0.014185928,0.013800072,0.013179876,0.00103962,-0.00096038,-0.01106038,-0.010073291,-0.012073291,-0.022173291,-0.010915437,-0.012915437,-0.023015437,-0.008779845,-0.010779845,-0.020879845,-0.006127027,-0.008127027,-0.018227027,-0.004688116,-0.006688116,-0.016788116,-0.00323504,-0.00523504,-0.01533504,-0.002060543,-0.004060543,-0.014160543,-0.001812398,-0.003812398,-0.013912398,-0.001185928,-0.003185928,-0.013285928,-0.000800072,-0.002800072,-0.012900072,-0.000179876,-0.002179876,-0.012279876
1/14/2024 2:00,0.013,0.008,0.0012,1.2291,173,168.05,188.8,191.35,189.24,184.9166667,190.7,193.825,194.1444444,198.58,220.4545455,236.4083333,0.004043672,0.003927971,0.004412978,0.004472581,0.004423263,0.00432221,0.004457388,0.004530432,0.004537898,0.004641574,0.005152866,0.005525767,0.008956328,0.003956328,-0.002843672,0.009072029,0.004072029,-0.002727971,0.008587022,0.003587022,-0.003212978,0.008527419,0.003527419,-0.003272581,0.008576737,0.003576737,-0.003223263,0.00867779,0.00367779,-0.00312221,0.008542612,0.003542612,-0.003257388,0.008469568,0.003469568,-0.003330432,0.008462102,0.003462102,-0.003337898,0.008358426,0.003358426,-0.003441574,0.007847134,0.002847134,-0.003952866,0.007474233,0.002474233,-0.004325767
1/14/2024 9:00,0.013,0.01,0.0004,1.2291,271.9,207.1,196.8666667,208.875,213.04,204.4,198.2714286,195.1125,191.5555556,195.43,195.7545455,194.5083333,0.006313595,0.00480892,0.004571299,0.004850136,0.004946849,0.004746226,0.004603918,0.004530567,0.004447974,0.00453794,0.004545476,0.004516538,0.006686405,0.003686405,-0.005913595,0.00819108,0.00519108,-0.00440892,0.008428701,0.005428701,-0.004171299,0.008149864,0.005149864,-0.004450136,0.008053151,0.005053151,-0.004546849,0.008253774,0.005253774,-0.004346226,0.008396082,0.005396082,-0.004203918,0.008469433,0.005469433,-0.004130567,0.008552026,0.005552026,-0.004047974,0.00846206,0.00546206,-0.00413794,0.008454524,0.005454524,-0.004145476,0.008483462,0.005483462,-0.004116538
1/15/2024 1:00,0.003,0.008,0.0006,0.2298,233.1,442.3,499.7,523.775,548.06,582.55,542.5428571,498.225,458.3,423.97,399.7,385.1666667,0.005513128,0.010460988,0.011818575,0.012387981,0.012962354,0.013778089,0.012831866,0.01178369,0.01083941,0.010027459,0.009453441,0.009109708,-0.002513128,0.002486872,-0.004913128,-0.007460988,-0.002460988,-0.009860988,-0.008818575,-0.003818575,-0.011218575,-0.009387981,-0.004387981,-0.011787981,-0.009962354,-0.004962354,-0.012362354,-0.010778089,-0.005778089,-0.013178089,-0.009831866,-0.004831866,-0.012231866,-0.00878369,-0.00378369,-0.01118369,-0.00783941,-0.00283941,-0.01023941,-0.007027459,-0.002027459,-0.009427459,-0.006453441,-0.001453441,-0.008853441,-0.006109708,-0.001109708,-0.008509708
1/15/2024 17:00,0.003,0.003,0.0012,-0.36978,264.6,288.05,300.7333333,402.425,391.48,351.2833333,325.1714286,314.0375,298.6777778,282.92,280.7818182,273.15,0.006196083,0.006745207,0.00704221,0.009423502,0.009167205,0.008225928,0.007614471,0.00735375,0.006994075,0.006625078,0.006575009,0.006396296,-0.003196083,-0.003196083,-0.004996083,-0.003745207,-0.003745207,-0.005545207,-0.00404221,-0.00404221,-0.00584221,-0.006423502,-0.006423502,-0.008223502,-0.006167205,-0.006167205,-0.007967205,-0.005225928,-0.005225928,-0.007025928,-0.004614471,-0.004614471,-0.006414471,-0.00435375,-0.00435375,-0.00615375,-0.003994075,-0.003994075,-0.005794075,-0.003625078,-0.003625078,-0.005425078,-0.003575009,-0.003575009,-0.005375009,-0.003396296,-0.003396296,-0.005196296
1/15/2024 23:00,0.013,0.009,0.0014,1.2291,170.9,330.5,306.5333333,296.325,300.46,362.3333333,348.3714286,343.7625,341.8,378.37,375.5818182,356.8083333,0.004019758,0.007773727,0.007210004,0.006969893,0.007067153,0.008522482,0.008194083,0.008085676,0.008039515,0.008899682,0.008834101,0.008392528,0.008980242,0.004980242,-0.002619758,0.005226273,0.001226273,-0.006373727,0.005789996,0.001789996,-0.005810004,0.006030107,0.002030107,-0.005569893,0.005932847,0.001932847,-0.005667153,0.004477518,0.000477518,-0.007122482,0.004805917,0.000805917,-0.006794083,0.004914324,0.000914324,-0.006685676,0.004960485,0.000960485,-0.006639515,0.004100318,0.000100318,-0.007499682,0.004165899,0.000165899,-0.007434101,0.004607472,0.000607472,-0.006992528
1/16/2024 17:00,0.008,0.012,0.0009,0.72945,222.2,334.5,485.4666667,590.325,567.48,525.45,477.5857143,432.7625,414.1555556,403.83,384.1727273,363.0583333,0.005161272,0.007769782,0.011276443,0.013712098,0.013181453,0.012205178,0.011093384,0.010052228,0.009620025,0.009380183,0.008923583,0.008433137,0.002838728,0.006838728,-0.004261272,0.000230218,0.004230218,-0.006869782,-0.003276443,0.000723557,-0.010376443,-0.005712098,-0.001712098,-0.012812098,-0.005181453,-0.001181453,-0.012281453,-0.004205178,-0.000205178,-0.011305178,-0.003093384,0.000906616,-0.010193384,-0.002052228,0.001947772,-0.009152228,-0.001620025,0.002379975,-0.008720025,-0.001380183,0.002619817,-0.008480183,-0.000923583,0.003076417,-0.008023583,-0.000433137,0.003566863,-0.007533137
1/17/2024 21:00,0.013,0.006,0.0008,1.2291,219.5,264.4,243.5,270,270.46,275.7666667,281.6142857,318.275,314.7555556,327.23,314.2090909,308.1416667,0.005142237,0.006194112,0.005704487,0.006325303,0.00633608,0.006460399,0.006597392,0.007456244,0.007373794,0.007666033,0.007360992,0.00721885,0.007857763,0.000857763,-0.004342237,0.006805888,-0.000194112,-0.005394112,0.007295513,0.000295513,-0.004904487,0.006674697,-0.000325303,-0.005525303,0.00666392,-0.00033608,-0.00553608,0.006539601,-0.000460399,-0.005660399,0.006402608,-0.000597392,-0.005797392,0.005543756,-0.001456244,-0.006656244,0.005626206,-0.001373794,-0.006573794,0.005333967,-0.001666033,-0.006866033,0.005639008,-0.001360992,-0.006560992,0.00578115,-0.00121885,-0.00641885
1/18/2024 18:00,0.013,0.005,0.0001,1.2291,587.5,660.85,740.2333333,608.575,550.5,510.9666667,466.5142857,429.1375,424.6222222,398.92,381.6636364,360.3333333,0.014150932,0.015917691,0.017829773,0.014658559,0.013259724,0.012307497,0.011236786,0.010336503,0.010227745,0.009608664,0.009193015,0.008679238,-0.001150932,-0.009150932,-0.014050932,-0.002917691,-0.010917691,-0.015817691,-0.004829773,-0.012829773,-0.017729773,-0.001658559,-0.009658559,-0.014558559,-0.000259724,-0.008259724,-0.013159724,0.000692503,-0.007307497,-0.012207497,0.001763214,-0.006236786,-0.011136786,0.002663497,-0.005336503,-0.010236503,0.002772255,-0.005227745,-0.010127745,0.003391336,-0.004608664,-0.009508664,0.003806985,-0.004193015,-0.009093015,0.004320762,-0.003679238,-0.008579238
1/19/2024 5:00,0.012,0.004,0.0008,1.12917,184.4,186.55,259,251.425,243.72,250.5666667,237.7571429,245.3375,274.8555556,311.43,355.5727273,374.9,0.004474957,0.004527132,0.006285325,0.006101497,0.005914515,0.006080667,0.00576981,0.005953768,0.006670102,0.007557678,0.008628919,0.009097947,0.007525043,-0.000474957,-0.003674957,0.007472868,-0.000527132,-0.003727132,0.005714675,-0.002285325,-0.005485325,0.005898503,-0.002101497,-0.005301497,0.006085485,-0.001914515,-0.005114515,0.005919333,-0.002080667,-0.005280667,0.00623019,-0.00176981,-0.00496981,0.006046232,-0.001953768,-0.005153768,0.005329898,-0.002670102,-0.005870102,0.004442322,-0.003557678,-0.006757678,0.003371081,-0.004628919,-0.007828919,0.002902053,-0.005097947,-0.008297947
1/20/2024 1:00,0.013,0.009,0.0006,1.2291,221.1,224.85,187.1333333,193.55,200.36,278.1166667,286.0142857,373.875,441.3333333,462,461.5181818,473.85,0.005306625,0.005396629,0.00449139,0.004645397,0.004808844,0.006675083,0.006864634,0.00897338,0.010592449,0.01108847,0.011076906,0.011372882,0.007693375,0.003693375,-0.004706625,0.007603371,0.003603371,-0.004796629,0.00850861,0.00450861,-0.00389139,0.008354603,0.004354603,-0.004045397,0.008191156,0.004191156,-0.004208844,0.006324917,0.002324917,-0.006075083,0.006135366,0.002135366,-0.006264634,0.00402662,2.66E-05,-0.00837338,0.002407551,-0.001592449,-0.009992449,0.00191153,-0.00208847,-0.01048847,0.001923094,-0.002076906,-0.010476906,0.001627118,-0.002372882,-0.010772882
1/20/2024 9:00,0.008,0.011,0.0014,0.72945,188.5,171.5,161.4666667,141.3,129.76,122.9166667,124.3285714,125.525,136.1444444,145.39,142.3272727,148.2,0.004540079,0.004130629,0.003888973,0.003403253,0.003125309,0.002960485,0.002994491,0.003023307,0.00327908,0.003501762,0.003427995,0.003569442,0.003459921,0.006459921,-0.003140079,0.003869371,0.006869371,-0.002730629,0.004111027,0.007111027,-0.002488973,0.004596747,0.007596747,-0.002003253,0.004874691,0.007874691,-0.001725309,0.005039515,0.008039515,-0.001560485,0.005005509,0.008005509,-0.001594491,0.004976693,0.007976693,-0.001623307,0.00472092,0.00772092,-0.00187908,0.004498238,0.007498238,-0.002101762,0.004572005,0.007572005,-0.002027995,0.004430558,0.007430558,-0.002169442
1/21/2024 16:00,0.013,0.011,0.0005,1.2291,156.5,209.4,183.2,170.05,161.64,154.25,149.8142857,141.8875,133.6,128.74,127.7363636,123.2,0.003761884,0.005033472,0.004403687,0.004087593,0.003885437,0.003707799,0.003601175,0.003410634,0.003211423,0.0030946,0.003070475,0.002961432,0.009238116,0.007238116,-0.003261884,0.007966528,0.005966528,-0.004533472,0.008596313,0.006596313,-0.003903687,0.008912407,0.006912407,-0.003587593,0.009114563,0.007114563,-0.003385437,0.009292201,0.007292201,-0.003207799,0.009398825,0.007398825,-0.003101175,0.009589366,0.007589366,-0.002910634,0.009788577,0.007788577,-0.002711423,0.0099054,0.0079054,-0.0025946,0.009929525,0.007929525,-0.002570475,0.010038568,0.008038568,-0.002461432
1/22/2024 1:00,0.013,0.011,0.0001,1.2291,430.1,329.3,279.2,251.075,242.24,226.6666667,207.2285714,195.3,185.3,182.42,189.6818182,184.775,0.010397956,0.007961048,0.006749847,0.006069906,0.005856314,0.005479819,0.00500989,0.004721508,0.004479752,0.004410126,0.004585685,0.004467059,0.002602044,0.000602044,-0.010297956,0.005038952,0.003038952,-0.007861048,0.006250153,0.004250153,-0.006649847,0.006930094,0.004930094,-0.005969906,0.007143686,0.005143686,-0.005756314,0.007520181,0.005520181,-0.005379819,0.00799011,0.00599011,-0.00490989,0.008278492,0.006278492,-0.004621508,0.008520248,0.006520248,-0.004379752,0.008589874,0.006589874,-0.004310126,0.008414315,0.006414315,-0.004485685,0.008532941,0.006532941,-0.004367059
1/22/2024 18:00,0.013,0.008,0.0012,1.2291,838.2,597.1,557.5333333,549.35,534.96,511.1166667,472.7571429,449.0875,454.3333333,463.03,447.1909091,429.8416667,0.02078833,0.014808771,0.013827472,0.013624515,0.013267627,0.012676285,0.011724924,0.011137889,0.011267992,0.01148368,0.011090852,0.010660571,-0.00778833,-0.01278833,-0.01958833,-0.001808771,-0.006808771,-0.013608771,-0.000827472,-0.005827472,-0.012627472,-0.000624515,-0.005624515,-0.012424515,-0.000267627,-0.005267627,-0.012067627,0.000323715,-0.004676285,-0.011476285,0.001275076,-0.003724924,-0.010524924,0.001862111,-0.003137889,-0.009937889,0.001732008,-0.003267992,-0.010067992,0.00151632,-0.00348368,-0.01028368,0.001909148,-0.003090852,-0.009890852,0.002339429,-0.002660571,-0.009460571
1/23/2024 17:00,0.009,0.009,0.0013,0.82938,379.5,418.45,516.3666667,477.45,428.26,414.2333333,411.8714286,399.25,420.4777778,433.46,428.0909091,407.1916667,0.009631002,0.01061948,0.013104423,0.01211679,0.01086844,0.010512469,0.010452528,0.01013222,0.010670941,0.011000406,0.010864149,0.010333765,-0.000631002,-0.000631002,-0.008331002,-0.00161948,-0.00161948,-0.00931948,-0.004104423,-0.004104423,-0.011804423,-0.00311679,-0.00311679,-0.01081679,-0.00186844,-0.00186844,-0.00956844,-0.001512469,-0.001512469,-0.009212469,-0.001452528,-0.001452528,-0.009152528,-0.00113222,-0.00113222,-0.00883222,-0.001670941,-0.001670941,-0.009370941,-0.002000406,-0.002000406,-0.009700406,-0.001864149,-0.001864149,-0.009564149,-0.001333765,-0.001333765,-0.009033765
1/24/2024 17:00,0.004,0.003,0.001,-0.36978,172.2,226.45,246.1666667,302.125,289.56,295.4666667,293.7285714,329.9125,314.8555556,312.39,317.5909091,311.4333333,0.004290947,0.00564277,0.006134078,0.007528469,0.00721537,0.007362554,0.007319244,0.008220889,0.007845694,0.007784257,0.007913855,0.007760418,-0.000290947,-0.001290947,-0.003290947,-0.00164277,-0.00264277,-0.00464277,-0.002134078,-0.003134078,-0.005134078,-0.003528469,-0.004528469,-0.006528469,-0.00321537,-0.00421537,-0.00621537,-0.003362554,-0.004362554,-0.006362554,-0.003319244,-0.004319244,-0.006319244,-0.004220889,-0.005220889,-0.007220889,-0.003845694,-0.004845694,-0.006845694,-0.003784257,-0.004784257,-0.006784257,-0.003913855,-0.004913855,-0.006913855,-0.003760418,-0.004760418,-0.006760418
1/26/2024 17:00,0.013,0.009,0.0006,1.2291,254.3,427.75,413.6333333,456.525,430.34,427.75,464.4857143,493.5,482.1888889,456.31,427.3363636,406.9916667,0.006069328,0.010209025,0.009872106,0.010895793,0.01027084,0.010209025,0.01108579,0.011778268,0.011508308,0.010890661,0.010199153,0.00971359,0.006930672,0.002930672,-0.005469328,0.002790975,-0.001209025,-0.009609025,0.003127894,-0.000872106,-0.009272106,0.002104207,-0.001895793,-0.010295793,0.00272916,-0.00127084,-0.00967084,0.002790975,-0.001209025,-0.009609025,0.00191421,-0.00208579,-0.01048579,0.001221732,-0.002778268,-0.011178268,0.001491692,-0.002508308,-0.010908308,0.002109339,-0.001890661,-0.010290661,0.002800847,-0.001199153,-0.009599153,0.00328641,-0.00071359,-0.00911359
1/27/2024 1:00,0.013,0.011,0.0002,1.2291,169.8,168.95,174.1333333,177.05,176.08,216.2833333,213.5857143,231.6875,234.2,270.9,281.3090909,306.6333333,0.004061725,0.004041392,0.004165381,0.004235149,0.004211946,0.005173636,0.005109107,0.005542113,0.005602214,0.006480102,0.006729094,0.007334866,0.008938275,0.006938275,-0.003861725,0.008958608,0.006958608,-0.003841392,0.008834619,0.006834619,-0.003965381,0.008764851,0.006764851,-0.004035149,0.008788054,0.006788054,-0.004011946,0.007826364,0.005826364,-0.004973636,0.007890893,0.005890893,-0.004909107,0.007457887,0.005457887,-0.005342113,0.007397786,0.005397786,-0.005402214,0.006519898,0.004519898,-0.006280102,0.006270906,0.004270906,-0.006529094,0.005665134,0.003665134,-0.007134866
1/27/2024 17:00,0.013,0.006,0.0014,1.2291,75.6,93,117.7,114.175,109.56,109.4166667,107.4714286,113.2875,141.3555556,159.24,156.5545455,154.4333333,0.001809937,0.00222651,0.002817852,0.00273346,0.002622973,0.002619541,0.00257297,0.002712213,0.003384189,0.00381236,0.003748068,0.003697284,0.011190063,0.004190063,-0.000409937,0.01077349,0.00377349,-0.00082651,0.010182148,0.003182148,-0.001417852,0.01026654,0.00326654,-0.00133346,0.010377027,0.003377027,-0.001222973,0.010380459,0.003380459,-0.001219541,0.01042703,0.00342703,-0.00117297,0.010287787,0.003287787,-0.001312213,0.009615811,0.002615811,-0.001984189,0.00918764,0.00218764,-0.00241236,0.009251932,0.002251932,-0.002348068,0.009302716,0.002302716,-0.002297284
1/28/2024 17:00,0.006,0.008,0.0001,0.52959,225.5,223.05,238.5666667,253.075,246.42,240.6,244.0857143,232.8125,238.6333333,244.66,238.6,244.0083333,0.005349623,0.005291501,0.005659609,0.006003796,0.005845917,0.005707847,0.005790539,0.005523101,0.005661191,0.005804163,0.0056604,0.005788704,0.000650377,0.002650377,-0.005249623,0.000708499,0.002708499,-0.005191501,0.000340391,0.002340391,-0.005559609,-3.80E-06,0.001996204,-0.005903796,0.000154083,0.002154083,-0.005745917,0.000292153,0.002292153,-0.005607847,0.000209461,0.002209461,-0.005690539,0.000476899,0.002476899,-0.005423101,0.000338809,0.002338809,-0.005561191,0.000195837,0.002195837,-0.005704163,0.0003396,0.0023396,-0.0055604,0.000211296,0.002211296,-0.005688704
1/30/2024 9:00,0.012,0.011,0.0013,1.12917,143.9,196.35,173.9,172.925,164.18,163.7166667,173.2571429,198.625,225.6222222,221.88,227.3727273,219.5333333,0.003322397,0.004533375,0.004015044,0.003992533,0.003790627,0.003779929,0.004000202,0.004585901,0.005209219,0.005122818,0.005249635,0.005068637,0.008677603,0.007677603,-0.002022397,0.007466625,0.006466625,-0.003233375,0.007984956,0.006984956,-0.002715044,0.008007467,0.007007467,-0.002692533,0.008209373,0.007209373,-0.002490627,0.008220071,0.007220071,-0.002479929,0.007999798,0.006999798,-0.002700202,0.007414099,0.006414099,-0.003285901,0.006790781,0.005790781,-0.003909219,0.006877182,0.005877182,-0.003822818,0.006750365,0.005750365,-0.003949635,0.006931363,0.005931363,-0.003768637
1/30/2024 12:00,0.012,0.008,0.0013,1.12917,650.8,402.85,341.8,292.325,283.62,257.85,245.3,230.7875,223.0777778,223.82,237.6727273,254.6666667,0.015001199,0.009285853,0.007878626,0.006738207,0.006537554,0.005943545,0.005654262,0.005319744,0.005142031,0.00515914,0.005478451,0.005870168,-0.003001199,-0.007001199,-0.013701199,0.002714147,-0.001285853,-0.007985853,0.004121374,0.000121374,-0.006578626,0.005261793,0.001261793,-0.005438207,0.005462446,0.001462446,-0.005237554,0.006056455,0.002056455,-0.004643545,0.006345738,0.002345738,-0.004354262,0.006680256,0.002680256,-0.004019744,0.006857969,0.002857969,-0.003842031,0.00684086,0.00284086,-0.00385914,0.006521549,0.002521549,-0.004178451,0.006129832,0.002129832,-0.004570168
1/30/2024 17:00,0.007,0.012,0.001,0.62952,303.5,302.9,321,338.75,339.3,391.2166667,357.4571429,340.2375,318.4222222,311.46,294.8727273,284.4666667,0.00699657,0.006982738,0.007399996,0.007809186,0.007821865,0.009018697,0.008240441,0.007843477,0.007340571,0.007180071,0.006797686,0.006557795,3.43E-06,0.00500343,-0.00599657,1.73E-05,0.005017262,-0.005982738,-0.000399996,0.004600004,-0.006399996,-0.000809186,0.004190814,-0.006809186,-0.000821865,0.004178135,-0.006821865,-0.002018697,0.002981303,-0.008018697,-0.001240441,0.003759559,-0.007240441,-0.000843477,0.004156523,-0.006843477,-0.000340571,0.004659429,-0.006340571,-0.000180071,0.004819929,-0.006180071,0.000202314,0.005202314,-0.005797686,0.000442205,0.005442205,-0.005557795
2/3/2024 1:00,0.004,0.003,0.0011,-0.36978,139,191.55,163.3333333,183.675,170.78,174.4833333,172.5428571,177.7125,202.7444444,223.15,249.7454545,254.7333333,0.003217555,0.004433976,0.00378082,0.004251687,0.003953195,0.004038919,0.003994001,0.004113668,0.004693104,0.005165449,0.005781078,0.005896537,0.000782445,-0.000217555,-0.002117555,-0.000433976,-0.001433976,-0.003333976,0.00021918,-0.00078082,-0.00268082,-0.000251687,-0.001251687,-0.003151687,4.68E-05,-0.000953195,-0.002853195,-3.89E-05,-0.001038919,-0.002938919,6.00E-06,-0.000994001,-0.002894001,-0.000113668,-0.001113668,-0.003013668,-0.000693104,-0.001693104,-0.003593104,-0.001165449,-0.002165449,-0.004065449,-0.001781078,-0.002781078,-0.004681078,-0.001896537,-0.002896537,-0.004796537
2/4/2024 5:00,0.006,0.004,0.0012,0.52959,106.2,124.05,92.6,83.825,88.66,96.7,102.0714286,98.7375,95.94444444,97.14,94.94545455,105.325,0.002476968,0.002893294,0.002159767,0.001955102,0.002067872,0.002255394,0.002380675,0.002302915,0.002237771,0.002265656,0.002214471,0.00245656,0.003523032,0.001523032,-0.001276968,0.003106706,0.001106706,-0.001693294,0.003840233,0.001840233,-0.000959767,0.004044898,0.002044898,-0.000755102,0.003932128,0.001932128,-0.000867872,0.003744606,0.001744606,-0.001055394,0.003619325,0.001619325,-0.001180675,0.003697085,0.001697085,-0.001102915,0.003762229,0.001762229,-0.001037771,0.003734344,0.001734344,-0.001065656,0.003785529,0.001785529,-0.001014471,0.00354344,0.00154344,-0.00125656
2/9/2024 1:00,0.013,0.008,0.0002,1.2291,245.7,203.8,186.3,186.15,196.12,223.1166667,222.7571429,236.1625,248.9222222,284.09,306.4363636,313.4833333,0.005403099,0.004481692,0.004096856,0.004093557,0.004312804,0.004906477,0.004898571,0.005193364,0.005473958,0.00624732,0.006738731,0.006893698,0.007596901,0.002596901,-0.005203099,0.008518308,0.003518308,-0.004281692,0.008903144,0.003903144,-0.003896856,0.008906443,0.003906443,-0.003893557,0.008687196,0.003687196,-0.004112804,0.008093523,0.003093523,-0.004706477,0.008101429,0.003101429,-0.004698571,0.007806636,0.002806636,-0.004993364,0.007526042,0.002526042,-0.005273958,0.00675268,0.00175268,-0.00604732,0.006261269,0.001261269,-0.006538731,0.006106302,0.001106302,-0.006693698
2/10/2024 23:00,0.006,0.012,0.0004,0.52959,249.8,308.05,333.7666667,438.5,423.54,379.9,353.0142857,329.1,305.2666667,288.88,289.2727273,275.3666667,0.005233321,0.006453661,0.006992426,0.009186594,0.008873181,0.007958921,0.007395664,0.006894659,0.00639535,0.006052048,0.006060276,0.005768943,0.000766679,0.006766679,-0.004833321,-0.000453661,0.005546339,-0.006053661,-0.000992426,0.005007574,-0.006592426,-0.003186594,0.002813406,-0.008786594,-0.002873181,0.003126819,-0.008473181,-0.001958921,0.004041079,-0.007558921,-0.001395664,0.004604336,-0.006995664,-0.000894659,0.005105341,-0.006494659,-0.00039535,0.00560465,-0.00599535,-5.20E-05,0.005947952,-0.005652048,-6.03E-05,0.005939724,-0.005660276,0.000231057,0.006231057,-0.005368943
2/11/2024 22:00,0.012,0.004,0.0008,1.12917,152.1,163.6,246.4333333,226.725,251.92,259.9833333,260.7571429,254.2125,262.1777778,269.94,266.7727273,270.25,0.003159535,0.003398421,0.005119097,0.004709701,0.00523307,0.005400568,0.005416642,0.005280692,0.005446152,0.005607395,0.005541602,0.005613835,0.008840465,0.000840465,-0.002359535,0.008601579,0.000601579,-0.002598421,0.006880903,-0.001119097,-0.004319097,0.007290299,-0.000709701,-0.003909701,0.00676693,-0.00123307,-0.00443307,0.006599432,-0.001400568,-0.004600568,0.006583358,-0.001416642,-0.004616642,0.006719308,-0.001280692,-0.004480692,0.006553848,-0.001446152,-0.004646152,0.006392605,-0.001607395,-0.004807395,0.006458398,-0.001541602,-0.004741602,0.006386165,-0.001613835,-0.004813835
2/14/2024 1:00,0.013,0.01,0.0005,1.2291,208.3,274.8,325.9666667,323.25,340.8,367.9833333,364.6,374.5625,400.1666667,400.46,417.9090909,492.5833333,0.004213529,0.005558702,0.00659371,0.006538757,0.006893762,0.007443631,0.007375192,0.007576715,0.008094641,0.008100574,0.008453538,0.009964061,0.008786471,0.005786471,-0.003713529,0.007441298,0.004441298,-0.005058702,0.00640629,0.00340629,-0.00609371,0.006461243,0.003461243,-0.006038757,0.006106238,0.003106238,-0.006393762,0.005556369,0.002556369,-0.006943631,0.005624808,0.002624808,-0.006875192,0.005423285,0.002423285,-0.007076715,0.004905359,0.001905359,-0.007594641,0.004899426,0.001899426,-0.007600574,0.004546462,0.001546462,-0.007953538,0.003035939,3.59E-05,-0.009464061
2/14/2024 11:00,0.005,0.006,0.0001,0.42966,802.6,580.4,763.3,856.875,739.6,641.3166667,585.7285714,560.3875,515.5666667,482.93,457.9636364,448.2416667,0.015553902,0.0112478,0.014792292,0.016605718,0.014333,0.012428329,0.011351065,0.01085997,0.00999137,0.009358891,0.008875058,0.008686652,-0.010553902,-0.009553902,-0.015453902,-0.0062478,-0.0052478,-0.0111478,-0.009792292,-0.008792292,-0.014692292,-0.011605718,-0.010605718,-0.016505718,-0.009333,-0.008333,-0.014233,-0.007428329,-0.006428329,-0.012328329,-0.006351065,-0.005351065,-0.011251065,-0.00585997,-0.00485997,-0.01075997,-0.00499137,-0.00399137,-0.00989137,-0.004358891,-0.003358891,-0.009258891,-0.003875058,-0.002875058,-0.008775058,-0.003686652,-0.002686652,-0.008586652
2/17/2024 1:00,0.01,0.003,0.0009,-0.36978,184.4,176.2,208.6,187.325,201.56,205.7166667,233.7285714,233.3375,237.7111111,255.65,262.6636364,309.95,0.003546611,0.003388898,0.004012055,0.003602868,0.003876653,0.0039566,0.004495359,0.004487838,0.004571957,0.00491698,0.005051875,0.005961345,0.006453389,-0.000546611,-0.002646611,0.006611102,-0.000388898,-0.002488898,0.005987945,-0.001012055,-0.003112055,0.006397132,-0.000602868,-0.002702868,0.006123347,-0.000876653,-0.002976653,0.0060434,-0.0009566,-0.0030566,0.005504641,-0.001495359,-0.003595359,0.005512162,-0.001487838,-0.003587838,0.005428043,-0.001571957,-0.003671957,0.00508302,-0.00191698,-0.00401698,0.004948125,-0.002051875,-0.004151875,0.004038655,-0.002961345,-0.005061345
2/18/2024 2:00,0.003,0.008,0.0001,0.2298,406.7,371.4,327.3333333,284.125,288.18,346.3166667,335.1285714,321.2375,303.2888889,306.02,304.6090909,325.1083333,0.007926825,0.007238807,0.006379921,0.005537765,0.005616799,0.006749917,0.006531855,0.00626111,0.005911281,0.005964512,0.005937012,0.006336554,-0.004926825,7.32E-05,-0.007826825,-0.004238807,0.000761193,-0.007138807,-0.003379921,0.001620079,-0.006279921,-0.002537765,0.002462235,-0.005437765,-0.002616799,0.002383201,-0.005516799,-0.003749917,0.001250083,-0.006649917,-0.003531855,0.001468145,-0.006431855,-0.00326111,0.00173889,-0.00616111,-0.002911281,0.002088719,-0.005811281,-0.002964512,0.002035488,-0.005864512,-0.002937012,0.002062988,-0.005837012,-0.003336554,0.001663446,-0.006236554
2/19/2024 0:00,0.013,0.009,0.0011,1.2291,354.1,375.3,448.2,380,345.88,318.9333333,301.3,288.475,283.8888889,272.97,278.0545455,268.3,0.006780927,0.007186902,0.008582918,0.007276905,0.006623516,0.006107494,0.00576982,0.005524224,0.005436402,0.005227308,0.005324675,0.005137878,0.006219073,0.002219073,-0.005680927,0.005813098,0.001813098,-0.006086902,0.004417082,0.000417082,-0.007482918,0.005723095,0.001723095,-0.006176905,0.006376484,0.002376484,-0.005523516,0.006892506,0.002892506,-0.005007494,0.00723018,0.00323018,-0.00466982,0.007475776,0.003475776,-0.004424224,0.007563598,0.003563598,-0.004336402,0.007772692,0.003772692,-0.004127308,0.007675325,0.003675325,-0.004224675,0.007862122,0.003862122,-0.004037878
2/19/2024 9:00,0.012,0.009,0.0009,1.12917,273.6,315.45,278.8,297.875,272.72,262.8333333,252.0428571,236.7625,243.3666667,254.44,267.3545455,294.575,0.005232268,0.006032598,0.005331712,0.005696498,0.005215439,0.005026369,0.004820014,0.004527795,0.004654092,0.004865856,0.005112831,0.005633389,0.006767732,0.003767732,-0.004332268,0.005967402,0.002967402,-0.005132598,0.006668288,0.003668288,-0.004431712,0.006303502,0.003303502,-0.004796498,0.006784561,0.003784561,-0.004315439,0.006973631,0.003973631,-0.004126369,0.007179986,0.004179986,-0.003920014,0.007472205,0.004472205,-0.003627795,0.007345908,0.004345908,-0.003754092,0.007134144,0.004134144,-0.003965856,0.006887169,0.003887169,-0.004212831,0.006366611,0.003366611,-0.004733389
2/19/2024 13:00,0.013,0.006,0.0004,1.2291,267.4,258.25,224.4333333,244.775,250.54,268.3333333,259.3571429,271.325,260.3,255.61,249.4,239.4333333,0.005124952,0.004949584,0.004301459,0.004691324,0.004801815,0.00514284,0.004970804,0.005200178,0.004988874,0.004898986,0.004779966,0.004588947,0.007875048,0.000875048,-0.004724952,0.008050416,0.001050416,-0.004549584,0.008698541,0.001698541,-0.003901459,0.008308676,0.001308676,-0.004291324,0.008198185,0.001198185,-0.004401815,0.00785716,0.00085716,-0.00474284,0.008029196,0.001029196,-0.004570804,0.007799822,0.000799822,-0.004800178,0.008011126,0.001011126,-0.004588874,0.008101014,0.001101014,-0.004498986,0.008220034,0.001220034,-0.004379966,0.008411053,0.001411053,-0.004188947
2/19/2024 19:00,0.013,0.011,0.0012,1.2291,162.8,232.75,331.7333333,394.1,382.7,349.8833333,338.1,326.975,308.0666667,307.84,304.7272727,309.1083333,0.00313973,0.004488772,0.006397745,0.007600537,0.007380679,0.006747783,0.006520532,0.006305977,0.005941315,0.005936943,0.005876912,0.005961404,0.00986027,0.00786027,-0.00193973,0.008511228,0.006511228,-0.003288772,0.006602255,0.004602255,-0.005197745,0.005399463,0.003399463,-0.006400537,0.005619321,0.003619321,-0.006180679,0.006252217,0.004252217,-0.005547783,0.006479468,0.004479468,-0.005320532,0.006694023,0.004694023,-0.005105977,0.007058685,0.005058685,-0.004741315,0.007063057,0.005063057,-0.004736943,0.007123088,0.005123088,-0.004676912,0.007038596,0.005038596,-0.004761404
2/21/2024 1:00,0.013,0.007,0.0006,1.2291,252.2,246.25,288.9,298.425,294.56,289.4666667,349.8285714,344.625,377.5555556,383.1,416.5,476.4583333,0.00483695,0.004722834,0.00554082,0.0057235,0.005649373,0.005551688,0.00670937,0.006609571,0.007241147,0.007347484,0.007988063,0.009138005,0.00816305,0.00216305,-0.00423695,0.008277166,0.002277166,-0.004122834,0.00745918,0.00145918,-0.00494082,0.0072765,0.0012765,-0.0051235,0.007350627,0.001350627,-0.005049373,0.007448312,0.001448312,-0.004951688,0.00629063,0.00029063,-0.00610937,0.006390429,0.000390429,-0.006009571,0.005758853,-0.000241147,-0.006641147,0.005652516,-0.000347484,-0.006747484,0.005011937,-0.000988063,-0.007388063,0.003861995,-0.002138005,-0.008538005
2/22/2024 9:00,0.013,0.01,0.0006,1.2291,355.3,319.9,300.7333333,297.125,290.6,291.4833333,291.1428571,289.7375,312.0111111,319.31,333.6636364,331.9916667,0.006835466,0.00615442,0.005785681,0.005716262,0.00559073,0.005607724,0.005601174,0.005574137,0.006002649,0.00614307,0.006419213,0.006387047,0.006164534,0.003164534,-0.006235466,0.00684558,0.00384558,-0.00555442,0.007214319,0.004214319,-0.005185681,0.007283738,0.004283738,-0.005116262,0.00740927,0.00440927,-0.00499073,0.007392276,0.004392276,-0.005007724,0.007398826,0.004398826,-0.005001174,0.007425863,0.004425863,-0.004974137,0.006997351,0.003997351,-0.005402649,0.00685693,0.00385693,-0.00554307,0.006580787,0.003580787,-0.005819213,0.006612953,0.003612953,-0.005787047
2/24/2024 6:00,0.003,0.008,0.0011,0.2298,119.3,135.5,151.6,159.2,171.88,193.9666667,196.9571429,227.975,234.9222222,222.8,222.4363636,218.5,0.002339367,0.002657035,0.002972741,0.003121771,0.003370414,0.003803514,0.003862155,0.004470387,0.004606616,0.00436891,0.00436178,0.004284591,0.000660633,0.005660633,-0.001239367,0.000342965,0.005342965,-0.001557035,2.73E-05,0.005027259,-0.001872741,-0.000121771,0.004878229,-0.002021771,-0.000370414,0.004629586,-0.002270414,-0.000803514,0.004196486,-0.002703514,-0.000862155,0.004137845,-0.002762155,-0.001470387,0.003529613,-0.003370387,-0.001606616,0.003393384,-0.003506616,-0.00136891,0.00363109,-0.00326891,-0.00136178,0.00363822,-0.00326178,-0.001284591,0.003715409,-0.003184591
2/25/2024 9:00,0.013,0.012,0.0013,1.2291,133,169.55,147.6333333,158.375,157.06,152.1333333,154.9285714,181.6875,190.6777778,186.72,184.9818182,179.875,0.002573953,0.003281306,0.002857152,0.003065036,0.003039587,0.002944241,0.002998337,0.003516203,0.003690192,0.003613597,0.003579958,0.003481126,0.010426047,0.009426047,-0.001273953,0.009718694,0.008718694,-0.001981306,0.010142848,0.009142848,-0.001557152,0.009934964,0.008934964,-0.001765036,0.009960413,0.008960413,-0.001739587,0.010055759,0.009055759,-0.001644241,0.010001663,0.009001663,-0.001698337,0.009483797,0.008483797,-0.002216203,0.009309808,0.008309808,-0.002390192,0.009386403,0.008386403,-0.002313597,0.009420042,0.008420042,-0.002279958,0.009518874,0.008518874,-0.002181126
2/26/2024 18:00,0.005,0.003,0.0009,0.42966,347.2,330.35,524,698.275,661.48,591.3666667,547.6857143,502.1625,481.5888889,475.74,445.8181818,429.225,0.006474616,0.006160396,0.009771598,0.013021494,0.012335337,0.011027858,0.010213292,0.009364371,0.008980712,0.008871641,0.008313657,0.008004226,-0.001474616,-0.003474616,-0.005574616,-0.001160396,-0.003160396,-0.005260396,-0.004771598,-0.006771598,-0.008871598,-0.008021494,-0.010021494,-0.012121494,-0.007335337,-0.009335337,-0.011435337,-0.006027858,-0.008027858,-0.010127858,-0.005213292,-0.007213292,-0.009313292,-0.004364371,-0.006364371,-0.008464371,-0.003980712,-0.005980712,-0.008080712,-0.003871641,-0.005871641,-0.007971641,-0.003313657,-0.005313657,-0.007413657,-0.003004226,-0.005004226,-0.007104226
2/28/2024 14:00,0.013,0.008,0.0012,1.2291,1478.2,1622.6,1267.433333,1209.025,1040.84,971.2333333,1023.814286,1057.125,956.2666667,883.63,839.0727273,780.175,0.024222502,0.026588711,0.020768777,0.01981167,0.017055709,0.015915101,0.016776718,0.017322563,0.015669849,0.01447959,0.013749453,0.012784326,-0.011222502,-0.016222502,-0.023022502,-0.013588711,-0.018588711,-0.025388711,-0.007768777,-0.012768777,-0.019568777,-0.00681167,-0.01181167,-0.01861167,-0.004055709,-0.009055709,-0.015855709,-0.002915101,-0.007915101,-0.014715101,-0.003776718,-0.008776718,-0.015576718,-0.004322563,-0.009322563,-0.016122563,-0.002669849,-0.007669849,-0.014469849,-0.00147959,-0.00647959,-0.01327959,-0.000749453,-0.005749453,-0.012549453,0.000215674,-0.004784326,-0.011584326
2/29/2024 17:00,0.003,0.01,0.0004,0.2298,1874.3,1638.35,1337.566667,1203.15,1180.52,1108.883333,1060.471429,1018.4,986.8222222,971.88,940.0363636,962.8333333,0.030684529,0.026821746,0.021897563,0.019697002,0.019326522,0.018153744,0.017361183,0.016672424,0.016155458,0.015910836,0.015389518,0.015762731,-0.027684529,-0.020684529,-0.030284529,-0.023821746,-0.016821746,-0.026421746,-0.018897563,-0.011897563,-0.021497563,-0.016697002,-0.009697002,-0.019297002,-0.016326522,-0.009326522,-0.018926522,-0.015153744,-0.008153744,-0.017753744,-0.014361183,-0.007361183,-0.016961183,-0.013672424,-0.006672424,-0.016272424,-0.013155458,-0.006155458,-0.015755458,-0.012910836,-0.005910836,-0.015510836,-0.012389518,-0.005389518,-0.014989518,-0.012762731,-0.005762731,-0.015362731
2/29/2024 23:00,0.013,0.008,0.0006,1.2291,426.9,622.85,888.2,852.9,882.96,929.35,1064.342857,1106.6,1065.422222,1038.87,1043.518182,1019.116667,0.006975114,0.010176739,0.014512289,0.013935523,0.014426673,0.015184639,0.017390285,0.018080724,0.017407921,0.016974085,0.017050031,0.016651335,0.006024886,0.001024886,-0.006375114,0.002823261,-0.002176739,-0.009576739,-0.001512289,-0.006512289,-0.013912289,-0.000935523,-0.005935523,-0.013335523,-0.001426673,-0.006426673,-0.013826673,-0.002184639,-0.007184639,-0.014584639,-0.004390285,-0.009390285,-0.016790285,-0.005080724,-0.010080724,-0.017480724,-0.004407921,-0.009407921,-0.016807921,-0.003974085,-0.008974085,-0.016374085,-0.004050031,-0.009050031,-0.016450031,-0.003651335,-0.008651335,-0.016051335
3/2/2024 17:00,0.01,0.007,0.001,0.92931,205.5,227.75,237.8,271.25,275.42,288.5166667,280.1571429,272.4,282.3222222,290.86,285.5090909,289.8083333,0.003323269,0.003683088,0.003845613,0.004386554,0.004453989,0.004665784,0.004530597,0.004405151,0.004565609,0.004703679,0.004617146,0.004686672,0.006676731,0.003676731,-0.002323269,0.006316912,0.003316912,-0.002683088,0.006154387,0.003154387,-0.002845613,0.005613446,0.002613446,-0.003386554,0.005546011,0.002546011,-0.003453989,0.005334216,0.002334216,-0.003665784,0.005469403,0.002469403,-0.003530597,0.005594849,0.002594849,-0.003405151,0.005434391,0.002434391,-0.003565609,0.005296321,0.002296321,-0.003703679,0.005382854,0.002382854,-0.003617146,0.005313328,0.002313328,-0.003686672
3/3/2024 20:00,0.003,0.008,0.0013,0.2298,294.5,254.4,269.9333333,341.375,430.88,388.95,383.1714286,395.3125,444.1,420.69,401.4181818,396.8916667,0.004687341,0.004049099,0.004296331,0.005433416,0.006858001,0.006190632,0.006098659,0.0062919,0.007068414,0.006695815,0.006389079,0.006317034,-0.001687341,0.003312659,-0.003387341,-0.001049099,0.003950901,-0.002749099,-0.001296331,0.003703669,-0.002996331,-0.002433416,0.002566584,-0.004133416,-0.003858001,0.001141999,-0.005558001,-0.003190632,0.001809368,-0.004890632,-0.003098659,0.001901341,-0.004798659,-0.0032919,0.0017081,-0.0049919,-0.004068414,0.000931586,-0.005768414,-0.003695815,0.001304185,-0.005395815,-0.003389079,0.001610921,-0.005089079,-0.003317034,0.001682966,-0.005017034
3/4/2024 9:00,0.012,0.011,0.0003,1.12917,1017.4,1315.05,1158.766667,965.825,875.26,798.6333333,744.4857143,755.775,738,877.23,839.4363636,817.8916667,0.015560453,0.020112811,0.017722562,0.014771648,0.013386517,0.012214563,0.011386412,0.011559074,0.011287217,0.013416647,0.012838618,0.012509107,-0.003560453,-0.004560453,-0.015260453,-0.008112811,-0.009112811,-0.019812811,-0.005722562,-0.006722562,-0.017422562,-0.002771648,-0.003771648,-0.014471648,-0.001386517,-0.002386517,-0.013086517,-0.000214563,-0.001214563,-0.011914563,0.000613588,-0.000386412,-0.011086412,0.000440926,-0.000559074,-0.011259074,0.000712783,-0.000287217,-0.010987217,-0.001416647,-0.002416647,-0.013116647,-0.000838618,-0.001838618,-0.012538618,-0.000509107,-0.001509107,-0.012209107
3/4/2024 22:00,0.013,0.005,0.0012,1.2291,698.9,798.7,775.7333333,874.45,900.54,984.3833333,955.1857143,934.1125,1043.266667,1004.45,950.0818182,904.8583333,0.010278304,0.011746003,0.011408246,0.012860013,0.013243703,0.014476736,0.014047345,0.013737433,0.015342698,0.014771845,0.013972285,0.01330721,0.002721696,-0.005278304,-0.009078304,0.001253997,-0.006746003,-0.010546003,0.001591754,-0.006408246,-0.010208246,0.000139987,-0.007860013,-0.011660013,-0.000243703,-0.008243703,-0.012043703,-0.001476736,-0.009476736,-0.013276736,-0.001047345,-0.009047345,-0.012847345,-0.000737433,-0.008737433,-0.012537433,-0.002342698,-0.010342698,-0.014142698,-0.001771845,-0.009771845,-0.013571845,-0.000972285,-0.008972285,-0.012772285,-0.00030721,-0.00830721,-0.01210721
3/5/2024 21:00,0.012,0.013,0.0002,1.12917,2095.5,2057.55,3111,2810.475,2689.42,2667.833333,2696.142857,2559.9875,2359.877778,2200.51,2040.454545,1934.7,0.03310369,0.032504174,0.049146065,0.044398518,0.04248615,0.042145134,0.042592354,0.040441438,0.037280202,0.034762587,0.032234109,0.03056345,-0.02110369,-0.02010369,-0.03290369,-0.020504174,-0.019504174,-0.032304174,-0.037146065,-0.036146065,-0.048946065,-0.032398518,-0.031398518,-0.044198518,-0.03048615,-0.02948615,-0.04228615,-0.030145134,-0.029145134,-0.041945134,-0.030592354,-0.029592354,-0.042392354,-0.028441438,-0.027441438,-0.040241438,-0.025280202,-0.024280202,-0.037080202,-0.022762587,-0.021762587,-0.034562587,-0.020234109,-0.019234109,-0.032034109,-0.01856345,-0.01756345,-0.03036345
3/8/2024 16:00,0.013,0.003,0.0009,1.2291,1880,2495.7,2041.133333,1680.85,1430.92,1276.233333,1137.928571,1044.7625,971.4333333,919.02,907.3727273,861.1166667,0.027702586,0.036775183,0.030076953,0.024768028,0.021085205,0.018805832,0.016767853,0.015395012,0.014314476,0.013542144,0.013370517,0.012688914,-0.014702586,-0.024702586,-0.026802586,-0.023775183,-0.033775183,-0.035875183,-0.017076953,-0.027076953,-0.029176953,-0.011768028,-0.021768028,-0.023868028,-0.008085205,-0.018085205,-0.020185205,-0.005805832,-0.015805832,-0.017905832,-0.003767853,-0.013767853,-0.015867853,-0.002395012,-0.012395012,-0.014495012,-0.001314476,-0.011314476,-0.013414476,-0.000542144,-0.010542144,-0.012642144,-0.000370517,-0.010370517,-0.012470517,0.000311086,-0.009688914,-0.011788914
3/8/2024 21:00,0.009,0.003,0.0004,-0.36978,1407.8,1009.8,924.8333333,880.325,936.88,1094.066667,1382.257143,1350.975,1267.533333,1183.9,1121.981818,1054.158333,0.020636207,0.014802133,0.01355665,0.012904226,0.013733236,0.016037354,0.020261788,0.019803239,0.018580111,0.017354174,0.016446547,0.015452358,-0.011636207,-0.017636207,-0.020236207,-0.005802133,-0.011802133,-0.014402133,-0.00455665,-0.01055665,-0.01315665,-0.003904226,-0.009904226,-0.012504226,-0.004733236,-0.010733236,-0.013333236,-0.007037354,-0.013037354,-0.015637354,-0.011261788,-0.017261788,-0.019861788,-0.010803239,-0.016803239,-0.019403239,-0.009580111,-0.015580111,-0.018180111,-0.008354174,-0.014354174,-0.016954174,-0.007446547,-0.013446547,-0.016046547,-0.006452358,-0.012452358,-0.015052358
3/10/2024 2:00,0.01,0.013,0.0011,0.92931,464,718.85,561.1333333,466.9,393.06,365.3333333,337.4714286,319.2875,308.2,301.87,302.7272727,296.0083333,0.006735747,0.010435327,0.008145802,0.006777845,0.005705932,0.005303433,0.00489897,0.004634999,0.004474046,0.004382155,0.0043946,0.004297063,0.003264253,0.006264253,-0.005635747,-0.000435327,0.002564673,-0.009335327,0.001854198,0.004854198,-0.007045802,0.003222155,0.006222155,-0.005677845,0.004294068,0.007294068,-0.004605932,0.004696567,0.007696567,-0.004203433,0.00510103,0.00810103,-0.00379897,0.005365001,0.008365001,-0.003534999,0.005525954,0.008525954,-0.003374046,0.005617845,0.008617845,-0.003282155,0.0056054,0.0086054,-0.0032946,0.005702937,0.008702937,-0.003197063
3/11/2024 9:00,0.012,0.003,0.0011,-0.36978,694.9,683.2,1187.766667,1118.225,956.42,856.25,783.5,722.4375,732.9222222,861.26,841.7909091,856.7083333,0.009665538,0.0095028,0.016520944,0.015553672,0.013303085,0.011909796,0.010897898,0.010048564,0.010194399,0.011979481,0.011708681,0.011916171,0.002334462,-0.006665538,-0.008565538,0.0024972,-0.0065028,-0.0084028,-0.004520944,-0.013520944,-0.015420944,-0.003553672,-0.012553672,-0.014453672,-0.001303085,-0.010303085,-0.012203085,9.02E-05,-0.008909796,-0.010809796,0.001102102,-0.007897898,-0.009797898,0.001951436,-0.007048564,-0.008948564,0.001805601,-0.007194399,-0.009094399,2.05E-05,-0.008979481,-0.010879481,0.000291319,-0.008708681,-0.010608681,8.38E-05,-0.008916171,-0.010816171
3/12/2024 18:00,0.009,0.012,0.0007,0.82938,1043.7,1835.45,1856.3,1736.275,1730.94,1554.45,1460.728571,1344.5125,1237.1,1155.8,1124.945455,1060.858333,0.014602002,0.025679069,0.025970774,0.02429155,0.02421691,0.021747707,0.020436487,0.018810553,0.017307786,0.01617035,0.015738676,0.014842058,-0.005602002,-0.002602002,-0.013902002,-0.016679069,-0.013679069,-0.024979069,-0.016970774,-0.013970774,-0.025270774,-0.01529155,-0.01229155,-0.02359155,-0.01521691,-0.01221691,-0.02351691,-0.012747707,-0.009747707,-0.021047707,-0.011436487,-0.008436487,-0.019736487,-0.009810553,-0.006810553,-0.018110553,-0.008307786,-0.005307786,-0.016607786,-0.00717035,-0.00417035,-0.01547035,-0.006738676,-0.003738676,-0.015038676,-0.005842058,-0.002842058,-0.014142058
3/13/2024 1:00,0.013,0.013,0.0005,1.2291,760,593.75,573.7666667,584.375,581.22,610.7,589.3,646.1,866.2222222,969.4,1006.381818,1064.983333,0.010544323,0.008237752,0.007960501,0.008107683,0.00806391,0.008472918,0.008176012,0.008964062,0.012018062,0.013449561,0.013962651,0.014775695,0.002455677,0.002455677,-0.010044323,0.004762248,0.004762248,-0.007737752,0.005039499,0.005039499,-0.007460501,0.004892317,0.004892317,-0.007607683,0.00493609,0.00493609,-0.00756391,0.004527082,0.004527082,-0.007972918,0.004823988,0.004823988,-0.007676012,0.004035938,0.004035938,-0.008464062,0.000981938,0.000981938,-0.011518062,-0.000449561,-0.000449561,-0.012949561,-0.000962651,-0.000962651,-0.013462651,-0.001775695,-0.001775695,-0.014275695
3/13/2024 4:00,0.013,0.008,0.0001,1.2291,309.2,329.6,295.7333333,411.8,414.94,434.75,460.6714286,474.1625,505.7111111,501.23,550.5454545,723.6,0.004277051,0.004559237,0.004090772,0.00569628,0.005739714,0.006013739,0.0063723,0.006558917,0.006995318,0.006933332,0.007615495,0.010009296,0.008722949,0.003722949,-0.004177051,0.008440763,0.003440763,-0.004459237,0.008909228,0.003909228,-0.003990772,0.00730372,0.00230372,-0.00559628,0.007260286,0.002260286,-0.005639714,0.006986261,0.001986261,-0.005913739,0.0066277,0.0016277,-0.0062723,0.006441083,0.001441083,-0.006458917,0.006004682,0.001004682,-0.006895318,0.006066668,0.001066668,-0.006833332,0.005384505,0.000384505,-0.007515495,0.002990704,-0.002009296,-0.009909296
3/13/2024 20:00,0.007,0.013,0.0007,0.62952,508.7,549.2,552.4666667,548.45,573.84,619.6333333,662.8428571,761.675,760.5333333,727.89,687.9454545,670.6166667,0.006954584,0.007508271,0.007552931,0.007498018,0.007845132,0.008471185,0.009061915,0.010413078,0.01039747,0.009951194,0.0094051,0.009168193,4.54E-05,0.006045416,-0.006254584,-0.000508271,0.005491729,-0.006808271,-0.000552931,0.005447069,-0.006852931,-0.000498018,0.005501982,-0.006798018,-0.000845132,0.005154868,-0.007145132,-0.001471185,0.004528815,-0.007771185,-0.002061915,0.003938085,-0.008361915,-0.003413078,0.002586922,-0.009713078,-0.00339747,0.00260253,-0.00969747,-0.002951194,0.003048806,-0.009251194,-0.0024051,0.0035949,-0.0087051,-0.002168193,0.003831807,-0.008468193
3/15/2024 5:00,0.013,0.011,0.0005,1.2291,1133.9,1388.45,1863.933333,2399.625,2012.64,1873.7,1656.371429,1522.775,1449.522222,1496.99,1535.518182,1554.475,0.016803796,0.020576092,0.027622503,0.035561169,0.029826257,0.027767239,0.024546545,0.022566717,0.02148115,0.022184597,0.022755564,0.023036494,-0.003803796,-0.005803796,-0.016303796,-0.007576092,-0.009576092,-0.020076092,-0.014622503,-0.016622503,-0.027122503,-0.022561169,-0.024561169,-0.035061169,-0.016826257,-0.018826257,-0.029326257,-0.014767239,-0.016767239,-0.027267239,-0.011546545,-0.013546545,-0.024046545,-0.009566717,-0.011566717,-0.022066717,-0.00848115,-0.01048115,-0.02098115,-0.009184597,-0.011184597,-0.021684597,-0.009755564,-0.011755564,-0.022255564,-0.010036494,-0.012036494,-0.022536494
3/15/2024 21:00,0.013,0.005,0.0006,1.2291,485.4,1039.3,1405.833333,1624.275,1443.6,1353.833333,1250.671429,1194.55,1201.277778,1141.15,1142.863636,1121.191667,0.007102483,0.015207273,0.020570471,0.023766759,0.021123082,0.019809596,0.018300107,0.017478926,0.017577368,0.016697565,0.016722639,0.01640553,0.005897517,-0.002102483,-0.006502483,-0.002207273,-0.010207273,-0.014607273,-0.007570471,-0.015570471,-0.019970471,-0.010766759,-0.018766759,-0.023166759,-0.008123082,-0.016123082,-0.020523082,-0.006809596,-0.014809596,-0.019209596,-0.005300107,-0.013300107,-0.017700107,-0.004478926,-0.012478926,-0.016878926,-0.004577368,-0.012577368,-0.016977368,-0.003697565,-0.011697565,-0.016097565,-0.003722639,-0.011722639,-0.016122639,-0.00340553,-0.01140553,-0.01580553
3/16/2024 20:00,0.013,0.013,0.0002,1.2291,837.8,844.85,807,887.5,773.08,755.5,749.7857143,737.825,721.3222222,737.12,733.9818182,699.825,0.012472403,0.012577357,0.012013881,0.013212291,0.011508911,0.011247196,0.011162127,0.010984066,0.010738388,0.010973571,0.010926853,0.010418357,0.000527597,0.000527597,-0.012272403,0.000422643,0.000422643,-0.012377357,0.000986119,0.000986119,-0.011813881,-0.000212291,-0.000212291,-0.013012291,0.001491089,0.001491089,-0.011308911,0.001752804,0.001752804,-0.011047196,0.001837873,0.001837873,-0.010962127,0.002015934,0.002015934,-0.010784066,0.002261612,0.002261612,-0.010538388,0.002026429,0.002026429,-0.010773571,0.002073147,0.002073147,-0.010726853,0.002581643,0.002581643,-0.010218357
3/17/2024 3:00,0.013,0.008,0.0003,1.2291,386.1,471.35,639.1,774.925,955.78,965.0166667,1005.414286,984.4625,969.7333333,945.89,962.5363636,908.6083333,0.005799527,0.007080049,0.009599786,0.011639985,0.014356569,0.014495312,0.015102116,0.014787403,0.01456616,0.014208014,0.014458055,0.013648014,0.007200473,0.002200473,-0.005499527,0.005919951,0.000919951,-0.006780049,0.003400214,-0.001599786,-0.009299786,0.001360015,-0.003639985,-0.011339985,-0.001356569,-0.006356569,-0.014056569,-0.001495312,-0.006495312,-0.014195312,-0.002102116,-0.007102116,-0.014802116,-0.001787403,-0.006787403,-0.014487403,-0.00156616,-0.00656616,-0.01426616,-0.001208014,-0.006208014,-0.013908014,-0.001458055,-0.006458055,-0.014158055,-0.000648014,-0.005648014,-0.013348014
3/17/2024 10:00,0.007,0.003,0.0004,-0.36978,1028.9,792.95,1015.966667,1083.625,1148.34,1049.75,942.1428571,872.6375,837.5222222,851.23,881.3363636,947.825,0.01530525,0.01179541,0.015112862,0.016119303,0.017081962,0.015615401,0.014014707,0.01298079,0.012458438,0.012662346,0.013110189,0.01409923,-0.00830525,-0.01230525,-0.01490525,-0.00479541,-0.00879541,-0.01139541,-0.008112862,-0.012112862,-0.014712862,-0.009119303,-0.013119303,-0.015719303,-0.010081962,-0.014081962,-0.016681962,-0.008615401,-0.012615401,-0.015215401,-0.007014707,-0.011014707,-0.013614707,-0.00598079,-0.00998079,-0.01258079,-0.005458438,-0.009458438,-0.012058438,-0.005662346,-0.009662346,-0.012262346,-0.006110189,-0.010110189,-0.012710189,-0.00709923,-0.01109923,-0.01369923
3/17/2024 19:00,0.011,0.01,0.0007,1.02924,490.5,529.1,620,623.925,684.32,698.9,727.7428571,758.625,745.9222222,774.22,754.4727273,813.4333333,0.0071527,0.007715584,0.00904113,0.009098366,0.009979074,0.010191687,0.010612287,0.011062624,0.010877387,0.011290038,0.011002074,0.011861865,0.0038473,0.0028473,-0.0064527,0.003284416,0.002284416,-0.007015584,0.00195887,0.00095887,-0.00834113,0.001901634,0.000901634,-0.008398366,0.001020926,2.09E-05,-0.009279074,0.000808313,-0.000191687,-0.009491687,0.000387713,-0.000612287,-0.009912287,-6.26E-05,-0.001062624,-0.010362624,0.000122613,-0.000877387,-0.010177387,-0.000290038,-0.001290038,-0.010590038,-2.07E-06,-0.001002074,-0.010302074,-0.000861865,-0.001861865,-0.011161865
3/21/2024 9:00,0.013,0.008,0.0001,1.2291,707.9,703.65,610.8,569.55,659.32,627.5833333,737.5714286,700.675,657.1555556,673.83,671.0636364,676.475,0.010581528,0.010518,0.009130099,0.008513504,0.009855365,0.009380973,0.01102505,0.01047353,0.009823012,0.010072258,0.010030907,0.010111794,0.002418472,-0.002581528,-0.010481528,0.002482,-0.002518,-0.010418,0.003869901,-0.001130099,-0.009030099,0.004486496,-0.000513504,-0.008413504,0.003144635,-0.001855365,-0.009755365,0.003619027,-0.001380973,-0.009280973,0.00197495,-0.00302505,-0.01092505,0.00252647,-0.00247353,-0.01037353,0.003176988,-0.001823012,-0.009723012,0.002927742,-0.002072258,-0.009972258,0.002969093,-0.002030907,-0.009930907,0.002888206,-0.002111794,-0.010011794
3/21/2024 19:00,0.011,0.007,0.0013,1.02924,630.4,819.3,996.7333333,912.975,915.72,908.9833333,939.6571429,883.4,840.7555556,793.64,785.8454545,778.6416667,0.009657455,0.012551321,0.015269522,0.013986381,0.014028433,0.01392523,0.01439514,0.013533305,0.01288001,0.01215822,0.012038811,0.011928453,0.001342545,-0.002657455,-0.008357455,-0.001551321,-0.005551321,-0.011251321,-0.004269522,-0.008269522,-0.013969522,-0.002986381,-0.006986381,-0.012686381,-0.003028433,-0.007028433,-0.012728433,-0.00292523,-0.00692523,-0.01262523,-0.00339514,-0.00739514,-0.01309514,-0.002533305,-0.006533305,-0.012233305,-0.00188001,-0.00588001,-0.01158001,-0.00115822,-0.00515822,-0.01085822,-0.001038811,-0.005038811,-0.010738811,-0.000928453,-0.004928453,-0.010628453
3/22/2024 2:00,0.013,0.007,0.0013,1.2291,606.2,671.65,661.6333333,588.85,576.46,588.7,711.7285714,701.5625,735.6333333,797.23,784.9090909,796.725,0.009228207,0.010224555,0.010072071,0.008964087,0.008775474,0.008961804,0.010834673,0.010679914,0.011198576,0.012136264,0.011948703,0.012128577,0.003771793,-0.002228207,-0.007928207,0.002775445,-0.003224555,-0.008924555,0.002927929,-0.003072071,-0.008772071,0.004035913,-0.001964087,-0.007664087,0.004224526,-0.001775474,-0.007475474,0.004038196,-0.001961804,-0.007661804,0.002165327,-0.003834673,-0.009534673,0.002320086,-0.003679914,-0.009379914,0.001801424,-0.004198576,-0.009898576,0.000863736,-0.005136264,-0.010836264,0.001051297,-0.004948703,-0.010648703,0.000871423,-0.005128577,-0.010828577
3/22/2024 17:00,0.004,0.003,0.0012,-0.36978,534.5,837.5,1135.666667,1073.125,1185.64,1117.216667,1084.085714,1084.8125,1045.288889,997.15,936.3909091,888.025,0.008400891,0.01316323,0.017849602,0.016866617,0.018635048,0.017559618,0.01703889,0.017050313,0.016429109,0.015672496,0.014717527,0.013957346,-0.004400891,-0.005400891,-0.007200891,-0.00916323,-0.01016323,-0.01196323,-0.013849602,-0.014849602,-0.016649602,-0.012866617,-0.013866617,-0.015666617,-0.014635048,-0.015635048,-0.017435048,-0.013559618,-0.014559618,-0.016359618,-0.01303889,-0.01403889,-0.01583889,-0.013050313,-0.014050313,-0.015850313,-0.012429109,-0.013429109,-0.015229109,-0.011672496,-0.012672496,-0.014472496,-0.010717527,-0.011717527,-0.013517527,-0.009957346,-0.010957346,-0.012757346
3/24/2024 9:00,0.01,0.01,0.0005,0.92931,461,633.75,613.4,548.55,494.4,493.3666667,475.1142857,466.125,454.0333333,471.93,519.0545455,502.575,0.007100533,0.009761308,0.009447868,0.008449019,0.007614976,0.00759906,0.007317928,0.007179471,0.00699323,0.007268882,0.007994716,0.007740891,0.002899467,0.002899467,-0.006600533,0.000238692,0.000238692,-0.009261308,0.000552132,0.000552132,-0.008947868,0.001550981,0.001550981,-0.007949019,0.002385024,0.002385024,-0.007114976,0.00240094,0.00240094,-0.00709906,0.002682072,0.002682072,-0.006817928,0.002820529,0.002820529,-0.006679471,0.00300677,0.00300677,-0.00649323,0.002731118,0.002731118,-0.006768882,0.002005284,0.002005284,-0.007494716,0.002259109,0.002259109,-0.007240891
3/24/2024 17:00,0.011,0.01,0.0011,1.02924,965,815.55,654.8,647.075,633.66,631.1833333,598.0142857,589.1375,574.9,598.06,595.7545455,575.6083333,0.014758804,0.012473102,0.010014575,0.009896428,0.009691258,0.00965338,0.009146089,0.009010327,0.008792577,0.009146788,0.009111528,0.00880341,-0.003758804,-0.004758804,-0.013658804,-0.001473102,-0.002473102,-0.011373102,0.000985425,-1.46E-05,-0.008914575,0.001103572,0.000103572,-0.008796428,0.001308742,0.000308742,-0.008591258,0.00134662,0.00034662,-0.00855338,0.001853911,0.000853911,-0.008046089,0.001989673,0.000989673,-0.007910327,0.002207423,0.001207423,-0.007692577,0.001853212,0.000853212,-0.008046788,0.001888472,0.000888472,-0.008011528,0.00219659,0.00119659,-0.00770341
3/24/2024 19:00,0.003,0.003,0.0004,0.2298,373.5,560.85,695.5666667,688.2,617.22,618.3333333,612.8571429,613.6,589.7555556,583.48,572.3454545,591.8583333,0.005668814,0.008512327,0.010556996,0.010445188,0.009367886,0.009384783,0.009301668,0.009312943,0.008951043,0.008855795,0.0086868,0.008982958,-0.002668814,-0.002668814,-0.005268814,-0.005512327,-0.005512327,-0.008112327,-0.007556996,-0.007556996,-0.010156996,-0.007445188,-0.007445188,-0.010045188,-0.006367886,-0.006367886,-0.008967886,-0.006384783,-0.006384783,-0.008984783,-0.006301668,-0.006301668,-0.008901668,-0.006312943,-0.006312943,-0.008912943,-0.005951043,-0.005951043,-0.008551043,-0.005855795,-0.005855795,-0.008455795,-0.0056868,-0.0056868,-0.0082868,-0.005982958,-0.005982958,-0.008582958
3/25/2024 8:00,0.013,0.006,0.0006,1.2291,415.6,495.8,495.1666667,482.85,488.84,539.3666667,524.7285714,533.775,564.4333333,581.04,583.3454545,581.5916667,0.006204263,0.007401524,0.00739207,0.007208201,0.007297622,0.008051907,0.007833383,0.007968432,0.008426114,0.008674025,0.008708442,0.008682261,0.006795737,-0.000204263,-0.005604263,0.005598476,-0.001401524,-0.006801524,0.00560793,-0.00139207,-0.00679207,0.005791799,-0.001208201,-0.006608201,0.005702378,-0.001297622,-0.006697622,0.004948093,-0.002051907,-0.007451907,0.005166617,-0.001833383,-0.007233383,0.005031568,-0.001968432,-0.007368432,0.004573886,-0.002426114,-0.007826114,0.004325975,-0.002674025,-0.008074025,0.004291558,-0.002708442,-0.008108442,0.004317739,-0.002682261,-0.008082261
3/25/2024 10:00,0.013,0.011,0.0007,1.2291,505.8,443.8,434.4,469.8,474.62,469.8333333,475.9714286,515.475,506.7444444,515.78,542.5,558.1666667,0.007542724,0.006618151,0.006477974,0.007005876,0.007077754,0.007006373,0.007097907,0.007687002,0.007556808,0.007691551,0.008090012,0.00832364,0.005457276,0.003457276,-0.006842724,0.006381849,0.004381849,-0.005918151,0.006522026,0.004522026,-0.005777974,0.005994124,0.003994124,-0.006305876,0.005922246,0.003922246,-0.006377754,0.005993627,0.003993627,-0.006306373,0.005902093,0.003902093,-0.006397907,0.005312998,0.003312998,-0.006987002,0.005443192,0.003443192,-0.006856808,0.005308449,0.003308449,-0.006991551,0.004909988,0.002909988,-0.007390012,0.00467636,0.00267636,-0.00762364
3/25/2024 18:00,0.013,0.013,0.0001,1.2291,567.2,631.4,709.1,765.2,973.04,1013.2,938.9285714,855.8375,816.9444444,773.43,740.9,727.1583333,0.008,0.008905501,0.01000141,0.010792666,0.013724118,0.01429055,0.013242998,0.012071051,0.011522489,0.010908745,0.010449929,0.010256112,0.005,0.005,-0.0079,0.004094499,0.004094499,-0.008805501,0.00299859,0.00299859,-0.00990141,0.002207334,0.002207334,-0.010692666,-0.000724118,-0.000724118,-0.013624118,-0.00129055,-0.00129055,-0.01419055,-0.000242998,-0.000242998,-0.013142998,0.000928949,0.000928949,-0.011971051,0.001477511,0.001477511,-0.011422489,0.002091255,0.002091255,-0.010808745,0.002550071,0.002550071,-0.010349929,0.002743888,0.002743888,-0.010156112
3/27/2024 1:00,0.013,0.013,0.0013,1.2291,590,734.65,612.4333333,621.875,594.76,583.2833333,595.5714286,584.6,598.5333333,650.16,652.5090909,717.125,0.008382122,0.010437163,0.008700833,0.00883497,0.008449748,0.008286699,0.008461276,0.008305405,0.008503355,0.009236815,0.009270188,0.010188186,0.004617878,0.004617878,-0.007082122,0.002562837,0.002562837,-0.009137163,0.004299167,0.004299167,-0.007400833,0.00416503,0.00416503,-0.00753497,0.004550252,0.004550252,-0.007149748,0.004713301,0.004713301,-0.006986699,0.004538724,0.004538724,-0.007161276,0.004694595,0.004694595,-0.007005405,0.004496645,0.004496645,-0.007203355,0.003763185,0.003763185,-0.007936815,0.003729812,0.003729812,-0.007970188,0.002811814,0.002811814,-0.008888186
3/27/2024 5:00,0.012,0.01,0.0008,1.12917,382.2,424.3,417.8,423.925,457.14,527.5,504.7142857,522.9,518.8333333,519.54,533.1545455,531.0416667,0.005418978,0.006015888,0.005923729,0.006010571,0.006481506,0.007479098,0.007156033,0.007413877,0.007356218,0.007366238,0.00755927,0.007529313,0.006581022,0.004581022,-0.004618978,0.005984112,0.003984112,-0.005215888,0.006076271,0.004076271,-0.005123729,0.005989429,0.003989429,-0.005210571,0.005518494,0.003518494,-0.005681506,0.004520902,0.002520902,-0.006679098,0.004843967,0.002843967,-0.006356033,0.004586123,0.002586123,-0.006613877,0.004643782,0.002643782,-0.006556218,0.004633762,0.002633762,-0.006566238,0.00444073,0.00244073,-0.00675927,0.004470687,0.002470687,-0.006729313
3/27/2024 11:00,0.006,0.003,0.0013,-0.36978,358,324.75,460.1333333,472.85,519.12,504.2833333,486.8428571,484.2875,475.4555556,472.14,482.8545455,515.8916667,0.005093164,0.004620125,0.006546185,0.006727102,0.007385372,0.007174295,0.006926174,0.00688982,0.00676417,0.006717001,0.006869434,0.007339443,0.000906836,-0.002093164,-0.003793164,0.001379875,-0.001620125,-0.003320125,-0.000546185,-0.003546185,-0.005246185,-0.000727102,-0.003727102,-0.005427102,-0.001385372,-0.004385372,-0.006085372,-0.001174295,-0.004174295,-0.005874295,-0.000926174,-0.003926174,-0.005626174,-0.00088982,-0.00388982,-0.00558982,-0.00076417,-0.00376417,-0.00546417,-0.000717001,-0.003717001,-0.005417001,-0.000869434,-0.003869434,-0.005569434,-0.001339443,-0.004339443,-0.006039443
3/28/2024 0:00,0.013,0.01,0.0012,1.2291,640.5,611.6,583.7,524.7,530.3,524.7666667,529.8714286,574.6125,623,685.74,782.4,906.2166667,0.009183178,0.008768823,0.008368807,0.007522893,0.007603184,0.007523849,0.007597039,0.008238515,0.008932271,0.009831807,0.011217671,0.012992894,0.003816822,0.000816822,-0.007983178,0.004231177,0.001231177,-0.007568823,0.004631193,0.001631193,-0.007168807,0.005477107,0.002477107,-0.006322893,0.005396816,0.002396816,-0.006403184,0.005476151,0.002476151,-0.006323849,0.005402961,0.002402961,-0.006397039,0.004761485,0.001761485,-0.007038515,0.004067729,0.001067729,-0.007732271,0.003168193,0.000168193,-0.008631807,0.001782329,-0.001217671,-0.010017671,7.11E-06,-0.002992894,-0.011792894
3/28/2024 13:00,0.012,0.01,0.0008,1.12917,972,748.45,657.2333333,627.975,586.6,585.35,547.9857143,577.5,550.9,545.26,524.0909091,538.8833333,0.013704714,0.010552771,0.009266661,0.008854134,0.008270767,0.008253142,0.007726325,0.008142461,0.007767415,0.007687893,0.00738942,0.007597986,-0.001704714,-0.003704714,-0.012904714,0.001447229,-0.000552771,-0.009752771,0.002733339,0.000733339,-0.008466661,0.003145866,0.001145866,-0.008054134,0.003729233,0.001729233,-0.007470767,0.003746858,0.001746858,-0.007453142,0.004273675,0.002273675,-0.006926325,0.003857539,0.001857539,-0.007342461,0.004232585,0.002232585,-0.006967415,0.004312107,0.002312107,-0.006887893,0.00461058,0.00261058,-0.00658942,0.004402014,0.002402014,-0.006797986
3/28/2024 21:00,0.007,0.011,0.0013,0.62952,262.8,262,314.1333333,379.2,377.64,450.7166667,470.5142857,524.225,573.9777778,569.07,560.5,558.8083333,0.003710345,0.00369905,0.004435095,0.005353739,0.005331714,0.006363448,0.006642961,0.007401276,0.008103711,0.008034421,0.007913425,0.007889541,0.003289655,0.007289655,-0.002410345,0.00330095,0.00730095,-0.00239905,0.002564905,0.006564905,-0.003135095,0.001646261,0.005646261,-0.004053739,0.001668286,0.005668286,-0.004031714,0.000636552,0.004636552,-0.005063448,0.000357039,0.004357039,-0.005342961,-0.000401276,0.003598724,-0.006101276,-0.001103711,0.002896289,-0.006803711,-0.001034421,0.002965579,-0.006734421,-0.000913425,0.003086575,-0.006613425,-0.000889541,0.003110459,-0.006589541
3/30/2024 1:00,0.013,0.009,0.0002,1.2291,368.3,307,265.3333333,302.225,311.78,296.8333333,301.4142857,299.2375,308.2333333,328.53,406.2727273,413.8,0.005258574,0.004383335,0.00378842,0.004315157,0.004451583,0.004238175,0.004303582,0.004272502,0.004400944,0.004690739,0.005800747,0.005908221,0.007741426,0.003741426,-0.005058574,0.008616665,0.004616665,-0.004183335,0.00921158,0.00521158,-0.00358842,0.008684843,0.004684843,-0.004115157,0.008548417,0.004548417,-0.004251583,0.008761825,0.004761825,-0.004038175,0.008696418,0.004696418,-0.004103582,0.008727498,0.004727498,-0.004072502,0.008599056,0.004599056,-0.004200944,0.008309261,0.004309261,-0.004490739,0.007199253,0.003199253,-0.005600747,0.007091779,0.003091779,-0.005708221
3/31/2024 21:00,0.013,0.011,0.0004,1.2291,344.9,379.4,426.8666667,543.85,461.92,443.9166667,419.3571429,396.9375,380.9888889,370.93,354.7545455,335.1916667,0.004862547,0.005348943,0.006018148,0.007667429,0.006512345,0.006258527,0.005912276,0.005596194,0.005371344,0.005229529,0.005001481,0.004725675,0.008137453,0.006137453,-0.004462547,0.007651057,0.005651057,-0.004948943,0.006981852,0.004981852,-0.005618148,0.005332571,0.003332571,-0.007267429,0.006487655,0.004487655,-0.006112345,0.006741473,0.004741473,-0.005858527,0.007087724,0.005087724,-0.005512276,0.007403806,0.005403806,-0.005196194,0.007628656,0.005628656,-0.004971344,0.007770471,0.005770471,-0.004829529,0.007998519,0.005998519,-0.004601481,0.008274325,0.006274325,-0.004325675
4/3/2024 17:00,0.013,0.005,0.0002,1.2291,565,684,774.3,854.95,767.62,721.7333333,719.4857143,692.05,649.9,651.52,626.4454545,601.75,0.00856311,0.010366668,0.01173525,0.012957577,0.011634008,0.010938552,0.010904487,0.010488673,0.00984985,0.009874403,0.009494374,0.009120091,0.00443689,-0.00356311,-0.00836311,0.002633332,-0.005366668,-0.010166668,0.00126475,-0.00673525,-0.01153525,4.24E-05,-0.007957577,-0.012757577,0.001365992,-0.006634008,-0.011434008,0.002061448,-0.005938552,-0.010738552,0.002095513,-0.005904487,-0.010704487,0.002511327,-0.005488673,-0.010288673,0.00315015,-0.00484985,-0.00964985,0.003125597,-0.004874403,-0.009674403,0.003505626,-0.004494374,-0.009294374,0.003879909,-0.004120091,-0.008920091
4/5/2024 20:00,0.013,0.007,0.0004,1.2291,423.7,555.5,505.8,544.525,580.64,590.8666667,686.3571429,735.2625,758.9666667,755.22,732.3727273,736.4166667,0.006264693,0.008213446,0.007478598,0.008051173,0.008585158,0.008736366,0.010148258,0.010871357,0.011221839,0.011166442,0.01082863,0.010888422,0.006735307,0.000735307,-0.005864693,0.004786554,-0.001213446,-0.007813446,0.005521402,-0.000478598,-0.007078598,0.004948827,-0.001051173,-0.007651173,0.004414842,-0.001585158,-0.008185158,0.004263634,-0.001736366,-0.008336366,0.002851742,-0.003148258,-0.009748258,0.002128643,-0.003871357,-0.010471357,0.001778161,-0.004221839,-0.010821839,0.001833558,-0.004166442,-0.010766442,0.00217137,-0.00382863,-0.01042863,0.002111578,-0.003888422,-0.010488422
4/6/2024 9:00,0.008,0.007,0.001,0.72945,363.9,306.35,289.3333333,289.675,336.06,317.8166667,318.0428571,318.4125,320.5333333,328.36,331.1454545,334.2916667,0.005367652,0.00451877,0.004267768,0.004272808,0.004957003,0.004687907,0.004691244,0.004696696,0.004727979,0.004843425,0.004884511,0.004930919,0.002632348,0.001632348,-0.004367652,0.00348123,0.00248123,-0.00351877,0.003732232,0.002732232,-0.003267768,0.003727192,0.002727192,-0.003272808,0.003042997,0.002042997,-0.003957003,0.003312093,0.002312093,-0.003687907,0.003308756,0.002308756,-0.003691244,0.003303304,0.002303304,-0.003696696,0.003272021,0.002272021,-0.003727979,0.003156575,0.002156575,-0.003843425,0.003115489,0.002115489,-0.003884511,0.003069081,0.002069081,-0.003930919
4/7/2024 2:00,0.008,0.013,0.0007,0.72945,500,587.85,509.1,608.425,650.08,568.2833333,522.9857143,486.725,454.2333333,455.5,436.5,436.4583333,0.007214039,0.008481546,0.007345335,0.008778403,0.009379405,0.008199236,0.007545679,0.007022506,0.006553714,0.00657199,0.006297856,0.006297255,0.000785961,0.005785961,-0.006514039,-0.000481546,0.004518454,-0.007781546,0.000654665,0.005654665,-0.006645335,-0.000778403,0.004221597,-0.008078403,-0.001379405,0.003620595,-0.008679405,-0.000199236,0.004800764,-0.007499236,0.000454321,0.005454321,-0.006845679,0.000977494,0.005977494,-0.006322506,0.001446286,0.006446286,-0.005853714,0.00142801,0.00642801,-0.00587199,0.001702144,0.006702144,-0.005597856,0.001702745,0.006702745,-0.005597255
4/7/2024 9:00,0.003,0.004,0.0001,0.2298,297.8,272.75,270.5333333,276.575,260.32,291,289.9142857,316.175,356.1222222,355.67,405.7363636,439.9833333,0.004296675,0.003935253,0.00390327,0.00399044,0.003755912,0.004198565,0.0041829,0.004561791,0.005138152,0.005131627,0.005853988,0.006348105,-0.001296675,-0.000296675,-0.004196675,-0.000935253,6.47E-05,-0.003835253,-0.00090327,9.67E-05,-0.00380327,-0.00099044,9.56E-06,-0.00389044,-0.000755912,0.000244088,-0.003655912,-0.001198565,-0.000198565,-0.004098565,-0.0011829,-0.0001829,-0.0040829,-0.001561791,-0.000561791,-0.004461791,-0.002138152,-0.001138152,-0.005038152,-0.002131627,-0.001131627,-0.005031627,-0.002853988,-0.001853988,-0.005753988,-0.003348105,-0.002348105,-0.006248105
4/8/2024 10:00,0.013,0.013,0.0003,1.2291,595,809.85,1104.366667,1107.55,924.96,841.3,754.6285714,706.875,664.3111111,658.88,636.2181818,607.325,0.00821989,0.01118803,0.01525676,0.015300737,0.012778267,0.01162251,0.010425149,0.009765436,0.009177419,0.009102388,0.008789316,0.008390159,0.00478011,0.00478011,-0.00791989,0.00181197,0.00181197,-0.01088803,-0.00225676,-0.00225676,-0.01495676,-0.002300737,-0.002300737,-0.015000737,0.000221733,0.000221733,-0.012478267,0.00137749,0.00137749,-0.01132251,0.002574851,0.002574851,-0.010125149,0.003234564,0.003234564,-0.009465436,0.003822581,0.003822581,-0.008877419,0.003897612,0.003897612,-0.008802388,0.004210684,0.004210684,-0.008489316,0.004609841,0.004609841,-0.008090159
4/10/2024 21:00,0.013,0.011,0.0007,1.2291,509.6,461.3,599.5666667,538.625,597.7,663.9166667,640.5,683.3125,698.4222222,801.47,755.6090909,740.175,0.007274804,0.006585296,0.008559124,0.007689151,0.008532477,0.009477754,0.009143469,0.00975464,0.009970339,0.011441399,0.010786711,0.010566381,0.005725196,0.003725196,-0.006574804,0.006414704,0.004414704,-0.005885296,0.004440876,0.002440876,-0.007859124,0.005310849,0.003310849,-0.006989151,0.004467523,0.002467523,-0.007832477,0.003522246,0.001522246,-0.008777754,0.003856531,0.001856531,-0.008443469,0.00324536,0.00124536,-0.00905464,0.003029661,0.001029661,-0.009270339,0.001558601,-0.000441399,-0.010741399,0.002213289,0.000213289,-0.010086711,0.002433619,0.000433619,-0.009866381
4/11/2024 22:00,0.013,0.008,0.0012,1.2291,241.5,348.25,362.9666667,405.175,426.6,430,450.2714286,453.6125,491.5111111,576.91,635.4636364,643.6666667,0.003440097,0.00496072,0.005170355,0.0057716,0.006076793,0.006125225,0.006413986,0.006461578,0.007001433,0.008217916,0.009051995,0.009168845,0.009559903,0.004559903,-0.002240097,0.00803928,0.00303928,-0.00376072,0.007829645,0.002829645,-0.003970355,0.0072284,0.0022284,-0.0045716,0.006923207,0.001923207,-0.004876793,0.006874775,0.001874775,-0.004925225,0.006586014,0.001586014,-0.005213986,0.006538422,0.001538422,-0.005261578,0.005998567,0.000998567,-0.005801433,0.004782084,-0.000217916,-0.007017916,0.003948005,-0.001051995,-0.007851995,0.003831155,-0.001168845,-0.007968845
4/12/2024 10:00,0.013,0.013,0.0006,1.2291,263,319,320.8,340.45,337.78,327.7666667,342.5,348.4875,375.5888889,364.87,362.6,370.15,0.003712953,0.004503544,0.004528956,0.004806369,0.004768675,0.004627309,0.00483531,0.00491984,0.005302449,0.005151123,0.005119076,0.005225664,0.009287047,0.009287047,-0.003112953,0.008496456,0.008496456,-0.003903544,0.008471044,0.008471044,-0.003928956,0.008193631,0.008193631,-0.004206369,0.008231325,0.008231325,-0.004168675,0.008372691,0.008372691,-0.004027309,0.00816469,0.00816469,-0.00423531,0.00808016,0.00808016,-0.00431984,0.007697551,0.007697551,-0.004702449,0.007848877,0.007848877,-0.004551123,0.007880924,0.007880924,-0.004519076,0.007774336,0.007774336,-0.004625664
4/12/2024 22:00,0.005,0.01,0.001,0.42966,435.3,448.3,566.7333333,667.975,1201.16,1307.216667,1252.857143,1158.0625,1126.077778,1105.27,1065.490909,995.575,0.006488502,0.006682278,0.008447624,0.009956714,0.017904272,0.019485133,0.01867486,0.017261868,0.01678511,0.016474953,0.015882013,0.014839859,-0.001488502,0.003511498,-0.005488502,-0.001682278,0.003317722,-0.005682278,-0.003447624,0.001552376,-0.007447624,-0.004956714,4.33E-05,-0.008956714,-0.012904272,-0.007904272,-0.016904272,-0.014485133,-0.009485133,-0.018485133,-0.01367486,-0.00867486,-0.01767486,-0.012261868,-0.007261868,-0.016261868,-0.01178511,-0.00678511,-0.01578511,-0.011474953,-0.006474953,-0.015474953,-0.010882013,-0.005882013,-0.014882013,-0.009839859,-0.004839859,-0.013839859
4/13/2024 1:00,0.011,0.004,0.0002,1.02924,1218.1,807.6,679.4666667,618.425,587,623.1,672.9,1005.525,1097.966667,1080.84,1027.536364,1014.425,0.018476132,0.012249671,0.010306146,0.009380266,0.008903612,0.009451177,0.010206543,0.015251796,0.016653951,0.016394174,0.015585664,0.015386791,-0.007476132,-0.014476132,-0.018276132,-0.001249671,-0.008249671,-0.012049671,0.000693854,-0.006306146,-0.010106146,0.001619734,-0.005380266,-0.009180266,0.002096388,-0.004903612,-0.008703612,0.001548823,-0.005451177,-0.009251177,0.000793457,-0.006206543,-0.010006543,-0.004251796,-0.011251796,-0.015051796,-0.005653951,-0.012653951,-0.016453951,-0.005394174,-0.012394174,-0.016194174,-0.004585664,-0.011585664,-0.015385664,-0.004386791,-0.011386791,-0.015186791
4/13/2024 21:00,0.013,0.013,0.0007,1.2291,1251.7,3248.5,3411.4,2765.775,2400.78,2085.416667,1860.871429,1675.25,1526.922222,1427.73,1345.590909,1247.925,0.019892757,0.051627084,0.054215987,0.043955332,0.038154616,0.033142675,0.029574069,0.026624064,0.024266751,0.02269033,0.021384927,0.019832762,-0.006892757,-0.006892757,-0.019192757,-0.038627084,-0.038627084,-0.050927084,-0.041215987,-0.041215987,-0.053515987,-0.030955332,-0.030955332,-0.043255332,-0.025154616,-0.025154616,-0.037454616,-0.020142675,-0.020142675,-0.032442675,-0.016574069,-0.016574069,-0.028874069,-0.013624064,-0.013624064,-0.025924064,-0.011266751,-0.011266751,-0.023566751,-0.00969033,-0.00969033,-0.02199033,-0.008384927,-0.008384927,-0.020684927,-0.006832762,-0.006832762,-0.019132762
4/14/2024 1:00,0.012,0.005,0.0014,1.12917,831,1123.95,1409.2,1686.25,1599.34,2207,2425.6,2226.0125,2083.211111,1925.75,1797.372727,1678.916667,0.013037748,0.017633908,0.02210926,0.02645596,0.02509241,0.034626126,0.038055791,0.034924417,0.032683974,0.03021353,0.02819939,0.026340906,-0.001037748,-0.008037748,-0.011637748,-0.005633908,-0.012633908,-0.016233908,-0.01010926,-0.01710926,-0.02070926,-0.01445596,-0.02145596,-0.02505596,-0.01309241,-0.02009241,-0.02369241,-0.022626126,-0.029626126,-0.033226126,-0.026055791,-0.033055791,-0.036655791,-0.022924417,-0.029924417,-0.033524417,-0.020683974,-0.027683974,-0.031283974,-0.01821353,-0.02521353,-0.02881353,-0.01619939,-0.02319939,-0.02679939,-0.014340906,-0.021340906,-0.024940906
4/14/2024 6:00,0.013,0.01,0.0004,1.2291,778.1,659,699.5666667,886.5,897.46,886.3833333,962.1714286,1089.3625,1248.033333,1248.4,1611.754545,1788.875,0.012038611,0.010195919,0.010823559,0.013715755,0.013885326,0.01371395,0.014886529,0.016854404,0.019309328,0.019315001,0.024936752,0.027677125,0.000961389,-0.002038611,-0.011638611,0.002804081,-0.000195919,-0.009795919,0.002176441,-0.000823559,-0.010423559,-0.000715755,-0.003715755,-0.013315755,-0.000885326,-0.003885326,-0.013485326,-0.00071395,-0.00371395,-0.01331395,-0.001886529,-0.004886529,-0.014486529,-0.003854404,-0.006854404,-0.016454404,-0.006309328,-0.009309328,-0.018909328,-0.006315001,-0.009315001,-0.018915001,-0.011936752,-0.014936752,-0.024536752,-0.014677125,-0.017677125,-0.027277125
4/15/2024 21:00,0.012,0.013,0.0001,1.12917,848.7,772,976.8333333,972.35,1059.64,1045.016667,1034.3,1130.35,1084.722222,1021.15,1008.954545,949.5,0.013420622,0.012207753,0.015446814,0.015375918,0.016756248,0.016525007,0.016355543,0.017874396,0.017152877,0.0161476,0.015954751,0.015014588,-0.001420622,-0.000420622,-0.013320622,-0.000207753,0.000792247,-0.012107753,-0.003446814,-0.002446814,-0.015346814,-0.003375918,-0.002375918,-0.015275918,-0.004756248,-0.003756248,-0.016656248,-0.004525007,-0.003525007,-0.016425007,-0.004355543,-0.003355543,-0.016255543,-0.005874396,-0.004874396,-0.017774396,-0.005152877,-0.004152877,-0.017052877,-0.0041476,-0.0031476,-0.0160476,-0.003954751,-0.002954751,-0.015854751,-0.003014588,-0.002014588,-0.014914588
4/17/2024 13:00,0.011,0.007,0.0004,1.02924,857.2,821.65,766.8,727.9,645.64,614.4333333,632.7285714,588.0125,600.0333333,598.39,575.4454545,577.7666667,0.013691847,0.013124016,0.01224791,0.01162657,0.010312651,0.009814194,0.01010642,0.009392181,0.009584187,0.009557938,0.00919145,0.009228526,-0.002691847,-0.006691847,-0.013291847,-0.002124016,-0.006124016,-0.012724016,-0.00124791,-0.00524791,-0.01184791,-0.00062657,-0.00462657,-0.01122657,0.000687349,-0.003312651,-0.009912651,0.001185806,-0.002814194,-0.009414194,0.00089358,-0.00310642,-0.00970642,0.001607819,-0.002392181,-0.008992181,0.001415813,-0.002584187,-0.009184187,0.001442062,-0.002557938,-0.009157938,0.00180855,-0.00219145,-0.00879145,0.001771474,-0.002228526,-0.008828526
4/17/2024 17:00,0.004,0.003,0.0003,-0.36978,1247.5,1354.35,1504.7,1620.225,1467.62,1354.033333,1254.471429,1174.0625,1078.788889,1016.75,991.8181818,932.0833333,0.020369775,0.022114472,0.024569459,0.026455806,0.023963999,0.022109302,0.020483607,0.019170652,0.017614979,0.016601979,0.01619488,0.015219501,-0.016369775,-0.017369775,-0.020069775,-0.018114472,-0.019114472,-0.021814472,-0.020569459,-0.021569459,-0.024269459,-0.022455806,-0.023455806,-0.026155806,-0.019963999,-0.020963999,-0.023663999,-0.018109302,-0.019109302,-0.021809302,-0.016483607,-0.017483607,-0.020183607,-0.015170652,-0.016170652,-0.018870652,-0.013614979,-0.014614979,-0.017314979,-0.012601979,-0.013601979,-0.016301979,-0.01219488,-0.01319488,-0.01589488,-0.011219501,-0.012219501,-0.014919501
4/18/2024 16:00,0.007,0.009,0.0012,0.62952,607.3,652.4,912.0333333,920.45,966.46,1015.483333,933.0142857,864.8625,848.0666667,807.29,782.4636364,788.7916667,0.00956378,0.010274016,0.01436273,0.014495276,0.015219843,0.015991864,0.014693138,0.013619882,0.013355381,0.012713228,0.012322262,0.012421916,-0.00256378,-0.00056378,-0.00836378,-0.003274016,-0.001274016,-0.009074016,-0.00736273,-0.00536273,-0.01316273,-0.007495276,-0.005495276,-0.013295276,-0.008219843,-0.006219843,-0.014019843,-0.008991864,-0.006991864,-0.014791864,-0.007693138,-0.005693138,-0.013493138,-0.006619882,-0.004619882,-0.012419882,-0.006355381,-0.004355381,-0.012155381,-0.005713228,-0.003713228,-0.011513228,-0.005322262,-0.003322262,-0.011122262,-0.005421916,-0.003421916,-0.011221916
4/19/2024 16:00,0.013,0.005,0.0004,1.2291,1039.4,715,859.7666667,805.1,782.94,790.3666667,788.1571429,748.975,775.6444444,800.96,1018.809091,1006.066667,0.016244178,0.011174319,0.013436793,0.01258244,0.012236114,0.012352181,0.01231765,0.011705295,0.012122096,0.012517738,0.015922375,0.015723231,-0.003244178,-0.011244178,-0.015844178,0.001825681,-0.006174319,-0.010774319,-0.000436793,-0.008436793,-0.013036793,0.00041756,-0.00758244,-0.01218244,0.000763886,-0.007236114,-0.011836114,0.000647819,-0.007352181,-0.011952181,0.00068235,-0.00731765,-0.01191765,0.001294705,-0.006705295,-0.011305295,0.000877904,-0.007122096,-0.011722096,0.000482262,-0.007517738,-0.012117738,-0.002922375,-0.010922375,-0.015522375,-0.002723231,-0.010723231,-0.015323231
4/20/2024 3:00,0.013,0.01,0.0008,1.2291,270,423.4,522.9,605.05,724.38,688.35,648.8571429,650.25,612.8111111,607.9,636.5181818,670.0916667,0.00422325,0.006622682,0.008179028,0.009463991,0.011330512,0.010766942,0.010149208,0.010170995,0.009585388,0.00950857,0.009956206,0.010481351,0.00877675,0.00577675,-0.00342325,0.006377318,0.003377318,-0.005822682,0.004820972,0.001820972,-0.007379028,0.003536009,0.000536009,-0.008663991,0.001669488,-0.001330512,-0.010530512,0.002233058,-0.000766942,-0.009966942,0.002850792,-0.000149208,-0.009349208,0.002829005,-0.000170995,-0.009370995,0.003414612,0.000414612,-0.008785388,0.00349143,0.00049143,-0.00870857,0.003043794,4.38E-05,-0.009156206,0.002518649,-0.000481351,-0.009681351
4/20/2024 21:00,0.003,0.008,0.0007,0.2298,212.6,326.2,289.9666667,339.5,409.84,429.4,536.9142857,502.35,476.1,466.36,458.0272727,455.1916667,0.003285915,0.0050417,0.004481683,0.005247263,0.006334428,0.006636744,0.008298469,0.007764249,0.007358533,0.007207993,0.007079203,0.007035376,-0.000285915,0.004714085,-0.002585915,-0.0020417,0.0029583,-0.0043417,-0.001481683,0.003518317,-0.003781683,-0.002247263,0.002752737,-0.004547263,-0.003334428,0.001665572,-0.005634428,-0.003636744,0.001363256,-0.005936744,-0.005298469,-0.000298469,-0.007598469,-0.004764249,0.000235751,-0.007064249,-0.004358533,0.000641467,-0.006658533,-0.004207993,0.000792007,-0.006507993,-0.004079203,0.000920797,-0.006379203,-0.004035376,0.000964624,-0.006335376
4/21/2024 21:00,0.008,0.003,0.0006,-0.36978,631,499.55,443.6,394.625,386.24,464.2833333,436.8142857,415.125,422.6888889,426.55,433.8,416.0583333,0.009762966,0.007729143,0.006863473,0.006105722,0.005975987,0.00718349,0.006758483,0.006422902,0.006539932,0.006599672,0.006711846,0.006437343,-0.001762966,-0.006762966,-0.009162966,0.000270857,-0.004729143,-0.007129143,0.001136527,-0.003863473,-0.006263473,0.001894278,-0.003105722,-0.005505722,0.002024013,-0.002975987,-0.005375987,0.00081651,-0.00418349,-0.00658349,0.001241517,-0.003758483,-0.006158483,0.001577098,-0.003422902,-0.005822902,0.001460068,-0.003539932,-0.005939932,0.001400328,-0.003599672,-0.005999672,0.001288154,-0.003711846,-0.006111846,0.001562657,-0.003437343,-0.005837343
4/22/2024 16:00,0.013,0.012,0.0003,1.2291,531.2,494.8,506,526.15,496.14,483.6666667,453.9714286,431.1625,417.5888889,427.08,412.8,438.5583333,0.008034959,0.007484371,0.007653783,0.007958573,0.00750464,0.007315968,0.006866796,0.006521787,0.006316472,0.006460035,0.006244035,0.006633657,0.004965041,0.003965041,-0.007734959,0.005515629,0.004515629,-0.007184371,0.005346217,0.004346217,-0.007353783,0.005041427,0.004041427,-0.007658573,0.00549536,0.00449536,-0.00720464,0.005684032,0.004684032,-0.007015968,0.006133204,0.005133204,-0.006566796,0.006478213,0.005478213,-0.006221787,0.006683528,0.005683528,-0.006016472,0.006539965,0.005539965,-0.006160035,0.006755965,0.005755965,-0.005944035,0.006366343,0.005366343,-0.006333657
4/24/2024 22:00,0.011,0.011,0.0002,1.02924,464.4,468.25,528.4666667,588.75,646.26,604.6333333,608.5,623.8625,718.3222222,698.01,671.7636364,638.5916667,0.007249329,0.007309428,0.008249416,0.009190445,0.010088181,0.009438385,0.009498744,0.009738554,0.01121308,0.010896004,0.010486296,0.009968478,0.003750671,0.003750671,-0.007049329,0.003690572,0.003690572,-0.007109428,0.002750584,0.002750584,-0.008049416,0.001809555,0.001809555,-0.008990445,0.000911819,0.000911819,-0.009888181,0.001561615,0.001561615,-0.009238385,0.001501256,0.001501256,-0.009298744,0.001261446,0.001261446,-0.009538554,-0.00021308,-0.00021308,-0.01101308,0.000103996,0.000103996,-0.010696004,0.000513704,0.000513704,-0.010286296,0.001031522,0.001031522,-0.009768478
4/25/2024 9:00,0.007,0.012,0.001,0.62952,386.7,428.35,470.8,403.3,392.56,385.6333333,378.3857143,392.825,417.8777778,428.26,437.4636364,439.7083333,0.006047082,0.00669839,0.007362209,0.006306667,0.006138719,0.006030402,0.005917066,0.006142863,0.006534629,0.006696983,0.006840906,0.006876008,0.000952918,0.005952918,-0.005047082,0.00030161,0.00530161,-0.00569839,-0.000362209,0.004637791,-0.006362209,0.000693333,0.005693333,-0.005306667,0.000861281,0.005861281,-0.005138719,0.000969598,0.005969598,-0.005030402,0.001082934,0.006082934,-0.004917066,0.000857137,0.005857137,-0.005142863,0.000465371,0.005465371,-0.005534629,0.000303017,0.005303017,-0.005696983,0.000159094,0.005159094,-0.005840906,0.000123992,0.005123992,-0.005876008
4/25/2024 22:00,0.004,0.003,0.0003,-0.36978,192.8,413.25,447.1666667,394.975,434.24,447.2,463.8571429,525.15,540.0888889,568.85,619.7272727,613.7916667,0.002985394,0.006398931,0.00692411,0.006115953,0.006723949,0.006924627,0.007182553,0.008131636,0.008362956,0.008808305,0.009596109,0.0095042,0.001014606,1.46E-05,-0.002685394,-0.002398931,-0.003398931,-0.006098931,-0.00292411,-0.00392411,-0.00662411,-0.002115953,-0.003115953,-0.005815953,-0.002723949,-0.003723949,-0.006423949,-0.002924627,-0.003924627,-0.006624627,-0.003182553,-0.004182553,-0.006882553,-0.004131636,-0.005131636,-0.007831636,-0.004362956,-0.005362956,-0.008062956,-0.004808305,-0.005808305,-0.008508305,-0.005596109,-0.006596109,-0.009296109,-0.0055042,-0.0065042,-0.0092042
4/26/2024 21:00,0.013,0.006,0.0006,1.2291,263,318.4,347.4,321.725,373.14,389.7666667,430.3714286,504.3,550.0555556,553.93,522.7636364,521.125,0.004107475,0.0049727,0.005425616,0.005024629,0.005827617,0.006087289,0.006721445,0.007876045,0.008590645,0.008651155,0.008164406,0.008138814,0.008892525,0.001892525,-0.003507475,0.0080273,0.0010273,-0.0043727,0.007574384,0.000574384,-0.004825616,0.007975371,0.000975371,-0.004424629,0.007172383,0.000172383,-0.005227617,0.006912711,-8.73E-05,-0.005487289,0.006278555,-0.000721445,-0.006121445,0.005123955,-0.001876045,-0.007276045,0.004409355,-0.002590645,-0.007990645,0.004348845,-0.002651155,-0.008051155,0.004835594,-0.002164406,-0.007564406,0.004861186,-0.002138814,-0.007538814
4/27/2024 5:00,0.013,0.008,0.0001,1.2291,318.8,285.5,308.9333333,444.45,539.62,632.0666667,566.4571429,543.275,512.1333333,498.3,489.8545455,469.425,0.005063725,0.004534798,0.004907006,0.007059513,0.008571165,0.010039561,0.008997439,0.00862922,0.008134575,0.007914851,0.007780706,0.007456209,0.007936275,0.002936275,-0.004963725,0.008465202,0.003465202,-0.004434798,0.008092994,0.003092994,-0.004807006,0.005940487,0.000940487,-0.006959513,0.004428835,-0.000571165,-0.008471165,0.002960439,-0.002039561,-0.009939561,0.004002561,-0.000997439,-0.008897439,0.00437078,-0.00062922,-0.00852922,0.004865425,-0.000134575,-0.008034575,0.005085149,8.51E-05,-0.007814851,0.005219294,0.000219294,-0.007680706,0.005543791,0.000543791,-0.007356209
4/27/2024 13:00,0.005,0.007,0.0006,0.42966,261.8,315.6,302.6666667,293.25,271.58,252.6166667,247.8142857,251.325,258.8222222,258.16,267.0363636,315.7,0.004142962,0.004994343,0.004789674,0.004640656,0.00429773,0.003997637,0.00392164,0.003977196,0.004095839,0.00408536,0.004225827,0.004995925,0.000857038,0.002857038,-0.003542962,5.66E-06,0.002005657,-0.004394343,0.000210326,0.002210326,-0.004189674,0.000359344,0.002359344,-0.004040656,0.00070227,0.00270227,-0.00369773,0.001002363,0.003002363,-0.003397637,0.00107836,0.00307836,-0.00332164,0.001022804,0.003022804,-0.003377196,0.000904161,0.002904161,-0.003495839,0.00091464,0.00291464,-0.00348536,0.000774173,0.002774173,-0.003625827,4.07E-06,0.002004075,-0.004395925
4/28/2024 9:00,0.012,0.009,0.001,1.12917,166.9,243.8,221.6666667,224.275,219.26,220.6333333,253.3857143,287.525,276.4666667,281.53,283.6272727,283.0833333,0.002618927,0.00382561,0.003478303,0.003519232,0.003440538,0.003462088,0.003976025,0.004511725,0.004338202,0.004417654,0.004450563,0.004442028,0.009381073,0.006381073,-0.001618927,0.00817439,0.00517439,-0.00282561,0.008521697,0.005521697,-0.002478303,0.008480768,0.005480768,-0.002519232,0.008559462,0.005559462,-0.002440538,0.008537912,0.005537912,-0.002462088,0.008023975,0.005023975,-0.002976025,0.007488275,0.004488275,-0.003511725,0.007661798,0.004661798,-0.003338202,0.007582346,0.004582346,-0.003417654,0.007549437,0.004549437,-0.003450563,0.007557972,0.004557972,-0.003442028
4/29/2024 5:00,0.012,0.013,0.0006,1.12917,495,476.7,549.1,598.925,536.36,503.9833333,495.2714286,551.575,506.4111111,472.34,450.6545455,439.0916667,0.007929858,0.007636694,0.008796536,0.009594728,0.008592442,0.008073771,0.007934207,0.008836185,0.008112663,0.007566847,0.007219448,0.007034212,0.004070142,0.005070142,-0.007329858,0.004363306,0.005363306,-0.007036694,0.003203464,0.004203464,-0.008196536,0.002405272,0.003405272,-0.008994728,0.003407558,0.004407558,-0.007992442,0.003926229,0.004926229,-0.007473771,0.004065793,0.005065793,-0.007334207,0.003163815,0.004163815,-0.008236185,0.003887337,0.004887337,-0.007512663,0.004433153,0.005433153,-0.006966847,0.004780552,0.005780552,-0.006619448,0.004965788,0.005965788,-0.006434212
4/29/2024 10:00,0.013,0.013,0.0007,1.2291,302.1,346.8,324.2333333,361.5,399.34,415.2833333,421.4428571,455.5,488.0444444,467.85,456.4181818,455.3,0.004843807,0.005560517,0.005198688,0.005796214,0.006402932,0.006658564,0.006757325,0.00730339,0.0078252,0.007501407,0.007318112,0.007300183,0.008156193,0.008156193,-0.004143807,0.007439483,0.007439483,-0.004860517,0.007801312,0.007801312,-0.004498688,0.007203786,0.007203786,-0.005096214,0.006597068,0.006597068,-0.005702932,0.006341436,0.006341436,-0.005958564,0.006242675,0.006242675,-0.006057325,0.00569661,0.00569661,-0.00660339,0.0051748,0.0051748,-0.0071252,0.005498593,0.005498593,-0.006801407,0.005681888,0.005681888,-0.006618112,0.005699817,0.005699817,-0.006600183
4/30/2024 4:00,0.013,0.007,0.0006,1.2291,370.2,322.05,481,633.825,712.98,664.15,700.2714286,659.45,614.3,598.41,575.5727273,568.7666667,0.005840535,0.005080887,0.007588594,0.009999669,0.011248474,0.010478097,0.011047974,0.010403947,0.009691629,0.009440937,0.00908064,0.008973263,0.007159465,0.001159465,-0.005240535,0.007919113,0.001919113,-0.004480887,0.005411406,-0.000588594,-0.006988594,0.003000331,-0.002999669,-0.009399669,0.001751526,-0.004248474,-0.010648474,0.002521903,-0.003478097,-0.009878097,0.001952026,-0.004047974,-0.010447974,0.002596053,-0.003403947,-0.009803947,0.003308371,-0.002691629,-0.009091629,0.003559063,-0.002440937,-0.008840937,0.00391936,-0.00208064,-0.00848064,0.004026737,-0.001973263,-0.008373263
4/30/2024 18:00,0.013,0.013,0.0006,1.2291,529,487.8,580.1666667,636,720.5,690.8833333,678.2285714,688.3375,655.3,655.61,725.0454545,691.675,0.008760019,0.008077764,0.009607317,0.010531894,0.011931178,0.011440739,0.011231181,0.011398581,0.010851494,0.010856627,0.012006449,0.011453848,0.004239981,0.004239981,-0.008160019,0.004922236,0.004922236,-0.007477764,0.003392683,0.003392683,-0.009007317,0.002468106,0.002468106,-0.009931894,0.001068822,0.001068822,-0.011331178,0.001559261,0.001559261,-0.010840739,0.001768819,0.001768819,-0.010631181,0.001601419,0.001601419,-0.010798581,0.002148506,0.002148506,-0.010251494,0.002143373,0.002143373,-0.010256627,0.000993551,0.000993551,-0.011406449,0.001546152,0.001546152,-0.010853848
5/4/2024 12:00,0.013,0.007,0.0008,1.2291,350.7,645.55,895.5666667,735.175,650.34,585.5333333,574.3,565.95,561.0222222,528.55,513.7272727,535.125,0.005475931,0.010079805,0.013983637,0.011479235,0.010154597,0.009142687,0.008967287,0.008836907,0.008759963,0.008252933,0.008021486,0.008355597,0.007524069,0.001524069,-0.004675931,0.002920195,-0.003079805,-0.009279805,-0.000983637,-0.006983637,-0.013183637,0.001520765,-0.004479235,-0.010679235,0.002845403,-0.003154597,-0.009354597,0.003857313,-0.002142687,-0.008342687,0.004032713,-0.001967287,-0.008167287,0.004163093,-0.001836907,-0.008036907,0.004240037,-0.001759963,-0.007959963,0.004747067,-0.001252933,-0.007452933,0.004978514,-0.001021486,-0.007221486,0.004644403,-0.001355597,-0.007555597
5/5/2024 12:00,0.003,0.011,0.0001,0.2298,263.5,296.85,296.9,272.25,296.66,348.9666667,342.5142857,350.5375,332.9111111,327.32,325.6727273,358.2833333,0.00413635,0.00465987,0.004660654,0.004273706,0.004656887,0.005477983,0.005376695,0.005502641,0.005225947,0.005138179,0.005112321,0.005624233,-0.00113635,0.00686365,-0.00403635,-0.00165987,0.00634013,-0.00455987,-0.001660654,0.006339346,-0.004560654,-0.001273706,0.006726294,-0.004173706,-0.001656887,0.006343113,-0.004556887,-0.002477983,0.005522017,-0.005377983,-0.002376695,0.005623305,-0.005276695,-0.002502641,0.005497359,-0.005402641,-0.002225947,0.005774053,-0.005125947,-0.002138179,0.005861821,-0.005038179,-0.002112321,0.005887679,-0.005012321,-0.002624233,0.005375767,-0.005524233
5/5/2024 19:00,0.012,0.007,0.0008,1.12917,169.3,317.9,325.9,339.5,408.34,408.85,447.2,424.2375,413.7888889,402.11,383.5818182,384.475,0.002651693,0.004979169,0.00510447,0.005317483,0.006395702,0.00640369,0.007004354,0.0066447,0.006481046,0.006298124,0.006007922,0.006021912,0.009348307,0.004348307,-0.001851693,0.007020831,0.002020831,-0.004179169,0.00689553,0.00189553,-0.00430447,0.006682517,0.001682517,-0.004517483,0.005604298,0.000604298,-0.005595702,0.00559631,0.00059631,-0.00560369,0.004995646,-4.35E-06,-0.006204354,0.0053553,0.0003553,-0.0058447,0.005518954,0.000518954,-0.005681046,0.005701876,0.000701876,-0.005498124,0.005992078,0.000992078,-0.005207922,0.005978088,0.000978088,-0.005221912
5/6/2024 5:00,0.013,0.006,0.001,1.2291,315.7,368.25,327.5333333,348.4,363.38,362.2666667,371.4,349.35,342.3111111,341.05,325.4363636,337.1916667,0.004921585,0.00574081,0.00510606,0.00543136,0.005664889,0.005647533,0.005789917,0.00544617,0.005336437,0.005316777,0.00507337,0.005256628,0.008078415,0.001078415,-0.003921585,0.00725919,0.00025919,-0.00474081,0.00789394,0.00089394,-0.00410606,0.00756864,0.00056864,-0.00443136,0.007335111,0.000335111,-0.004664889,0.007352467,0.000352467,-0.004647533,0.007210083,0.000210083,-0.004789917,0.00755383,0.00055383,-0.00444617,0.007663563,0.000663563,-0.004336437,0.007683223,0.000683223,-0.004316777,0.00792663,0.00092663,-0.00407337,0.007743372,0.000743372,-0.004256628
5/7/2024 6:00,0.013,0.008,0.0008,1.2291,332.9,410.95,400.9,525.7,486.76,490.3,523.6142857,503.35,467.4,452.13,443.9454545,467.7916667,0.005234771,0.006462088,0.006304054,0.008266503,0.007654181,0.007709847,0.008233706,0.007915055,0.00734975,0.007109633,0.006980933,0.007355909,0.007765229,0.002765229,-0.004434771,0.006537912,0.001537912,-0.005662088,0.006695946,0.001695946,-0.005504054,0.004733497,-0.000266503,-0.007466503,0.005345819,0.000345819,-0.006854181,0.005290153,0.000290153,-0.006909847,0.004766294,-0.000233706,-0.007433706,0.005084945,8.49E-05,-0.007115055,0.00565025,0.00065025,-0.00654975,0.005890367,0.000890367,-0.006309633,0.006019067,0.001019067,-0.006180933,0.005644091,0.000644091,-0.006555909
5/8/2024 21:00,0.013,0.008,0.0004,1.2291,406.4,615.45,614.6666667,540.85,500.48,494.3166667,530.8,547.9125,566.0888889,546.52,531.2363636,510.025,0.006612001,0.010013178,0.010000434,0.00879946,0.008142653,0.008042377,0.008635949,0.008914365,0.009210089,0.008891709,0.008643049,0.008297947,0.006387999,0.001387999,-0.006212001,0.002986822,-0.002013178,-0.009613178,0.002999566,-0.002000434,-0.009600434,0.00420054,-0.00079946,-0.00839946,0.004857347,-0.000142653,-0.007742653,0.004957623,-4.24E-05,-0.007642377,0.004364051,-0.000635949,-0.008235949,0.004085635,-0.000914365,-0.008514365,0.003789911,-0.001210089,-0.008810089,0.004108291,-0.000891709,-0.008491709,0.004356951,-0.000643049,-0.008243049,0.004702053,-0.000297947,-0.007897947
5/9/2024 16:00,0.007,0.01,0.0012,0.62952,858.7,842.1,709.3666667,698.375,679.86,669.7166667,656.8428571,629.875,593.8555556,587.64,558.3181818,533.9166667,0.013887564,0.013619096,0.011472429,0.011294663,0.010995224,0.010831178,0.010622973,0.010186828,0.009604293,0.009503771,0.009029555,0.008634915,-0.006887564,-0.003887564,-0.012687564,-0.006619096,-0.003619096,-0.012419096,-0.004472429,-0.001472429,-0.010272429,-0.004294663,-0.001294663,-0.010094663,-0.003995224,-0.000995224,-0.009795224,-0.003831178,-0.000831178,-0.009631178,-0.003622973,-0.000622973,-0.009422973,-0.003186828,-0.000186828,-0.008986828,-0.002604293,0.000395707,-0.008404293,-0.002503771,0.000496229,-0.008303771,-0.002029555,0.000970445,-0.007829555,-0.001634915,0.001365085,-0.007434915
5/10/2024 13:00,0.005,0.003,0.0002,-0.36978,313.6,429.5,466.4333333,422.85,412.82,392.85,394.6285714,405.7625,395.0888889,378.35,357.5636364,351.6333333,0.004979548,0.006819885,0.007406337,0.006714292,0.006555029,0.006237932,0.006266174,0.006442965,0.006273483,0.006007692,0.005677632,0.005583467,2.05E-05,-0.001979548,-0.004779548,-0.001819885,-0.003819885,-0.006619885,-0.002406337,-0.004406337,-0.007206337,-0.001714292,-0.003714292,-0.006514292,-0.001555029,-0.003555029,-0.006355029,-0.001237932,-0.003237932,-0.006037932,-0.001266174,-0.003266174,-0.006066174,-0.001442965,-0.003442965,-0.006242965,-0.001273483,-0.003273483,-0.006073483,-0.001007692,-0.003007692,-0.005807692,-0.000677632,-0.002677632,-0.005477632,-0.000583467,-0.002583467,-0.005383467
5/11/2024 0:00,0.005,0.007,0.0006,0.42966,298.9,274.35,298.0666667,306.375,351.16,352.35,381.0428571,448.45,516.7,529.29,701.9909091,669.625,0.004919873,0.004515782,0.004906156,0.005042911,0.005780069,0.005799656,0.006271939,0.007381456,0.008504846,0.008712076,0.011554721,0.011021981,8.01E-05,0.002080127,-0.004319873,0.000484218,0.002484218,-0.003915782,9.38E-05,0.002093844,-0.004306156,-4.29E-05,0.001957089,-0.004442911,-0.000780069,0.001219931,-0.005180069,-0.000799656,0.001200344,-0.005199656,-0.001271939,0.000728061,-0.005671939,-0.002381456,-0.000381456,-0.006781456,-0.003504846,-0.001504846,-0.007904846,-0.003712076,-0.001712076,-0.008112076,-0.006554721,-0.004554721,-0.010954721,-0.006021981,-0.004021981,-0.010421981
5/12/2024 2:00,0.013,0.005,0.0006,1.2291,153.4,194.35,230.6666667,231.675,206.98,202.5,232.0857143,224.35,232.0333333,232.71,241.5545455,278.5333333,0.002518929,0.003191355,0.003787698,0.003804256,0.003398748,0.003325183,0.003811,0.003683975,0.00381014,0.003821251,0.003966485,0.004573701,0.010481071,0.002481071,-0.001918929,0.009808645,0.001808645,-0.002591355,0.009212302,0.001212302,-0.003187698,0.009195744,0.001195744,-0.003204256,0.009601252,0.001601252,-0.002798748,0.009674817,0.001674817,-0.002725183,0.009189,0.001189,-0.003211,0.009316025,0.001316025,-0.003083975,0.00918986,0.00118986,-0.00321014,0.009178749,0.001178749,-0.003221251,0.009033515,0.001033515,-0.003366485,0.008426299,0.000426299,-0.003973701
5/12/2024 21:00,0.009,0.012,0.0014,0.82938,432.9,296.55,279.8333333,284.65,325.66,360.45,376.9285714,355.0375,333.6222222,317.45,300.6454545,312.375,0.00707123,0.004844013,0.004570954,0.004649632,0.005319512,0.005887791,0.006156962,0.005799381,0.005449571,0.005185405,0.004910911,0.005102508,0.00192877,0.00492877,-0.00567123,0.004155987,0.007155987,-0.003444013,0.004429046,0.007429046,-0.003170954,0.004350368,0.007350368,-0.003249632,0.003680488,0.006680488,-0.003919512,0.003112209,0.006112209,-0.004487791,0.002843038,0.005843038,-0.004756962,0.003200619,0.006200619,-0.004399381,0.003550429,0.006550429,-0.004049571,0.003814595,0.006814595,-0.003785405,0.004089089,0.007089089,-0.003510911,0.003897492,0.006897492,-0.003702508
5/13/2024 11:00,0.013,0.012,0.0011,1.2291,287.4,503,515.3,589.25,670.3,691.0833333,624.5714286,582.05,563.7111111,563.85,546.4818182,528.6666667,0.004583732,0.008022329,0.008218501,0.009397927,0.01069059,0.011022063,0.009961267,0.009283094,0.008990608,0.008992823,0.008715818,0.008431685,0.008416268,0.007416268,-0.003483732,0.004977671,0.003977671,-0.006922329,0.004781499,0.003781499,-0.007118501,0.003602073,0.002602073,-0.008297927,0.00230941,0.00130941,-0.00959059,0.001977937,0.000977937,-0.009922063,0.003038733,0.002038733,-0.008861267,0.003716906,0.002716906,-0.008183094,0.004009392,0.003009392,-0.007890608,0.004007177,0.003007177,-0.007892823,0.004284182,0.003284182,-0.007615818,0.004568315,0.003568315,-0.007331685
5/15/2024 19:00,0.013,0.011,0.0007,1.2291,1121.2,1000.5,788.8333333,696.25,707.82,675.3666667,740.4571429,876.4625,843.7555556,820.65,837.9727273,787.225,0.016998284,0.015168376,0.011959341,0.010555704,0.010731114,0.010239096,0.011225919,0.013287869,0.012792005,0.012441707,0.012704333,0.011934957,-0.003998284,-0.005998284,-0.016298284,-0.002168376,-0.004168376,-0.014468376,0.001040659,-0.000959341,-0.011259341,0.002444296,0.000444296,-0.009855704,0.002268886,0.000268886,-0.010031114,0.002760904,0.000760904,-0.009539096,0.001774081,-0.000225919,-0.010525919,-0.000287869,-0.002287869,-0.012587869,0.000207995,-0.001792005,-0.012092005,0.000558293,-0.001441707,-0.011741707,0.000295667,-0.001704333,-0.012004333,0.001065043,-0.000934957,-0.011234957
5/17/2024 1:00,0.013,0.008,0.0003,1.2291,416.8,341.4,304,317.25,308.96,299.3666667,326.6428571,332.4625,384.9888889,419.7,431.0545455,466.8833333,0.006381773,0.005227297,0.004654652,0.004857528,0.004730597,0.00458371,0.005001345,0.005090452,0.005894702,0.006426176,0.00660003,0.007148617,0.006618227,0.001618227,-0.006081773,0.007772703,0.002772703,-0.004927297,0.008345348,0.003345348,-0.004354652,0.008142472,0.003142472,-0.004557528,0.008269403,0.003269403,-0.004430597,0.00841629,0.00341629,-0.00428371,0.007998655,0.002998655,-0.004701345,0.007909548,0.002909548,-0.004790452,0.007105298,0.002105298,-0.005594702,0.006573824,0.001573824,-0.006126176,0.00639997,0.00139997,-0.00630003,0.005851383,0.000851383,-0.006848617
5/17/2024 17:00,0.013,0.011,0.0013,1.2291,334.3,370.55,540.3666667,648.05,648.54,616.7,584.6,555,530,518.17,522.0181818,528.9583333,0.005013693,0.005557355,0.008104195,0.009719185,0.009726534,0.009249011,0.008767588,0.00832366,0.00794872,0.007771299,0.007829012,0.007933098,0.007986307,0.005986307,-0.003713693,0.007442645,0.005442645,-0.004257355,0.004895805,0.002895805,-0.006804195,0.003280815,0.001280815,-0.008419185,0.003273466,0.001273466,-0.008426534,0.003750989,0.001750989,-0.007949011,0.004232412,0.002232412,-0.007467588,0.00467634,0.00267634,-0.00702366,0.00505128,0.00305128,-0.00664872,0.005228701,0.003228701,-0.006471299,0.005170988,0.003170988,-0.006529012,0.005066902,0.003066902,-0.006633098
5/17/2024 21:00,0.013,0.008,0.0004,1.2291,182,233.7,295.3,386.1,375.74,380.9166667,452.2142857,517.075,531.9,524.46,512.4181818,498.7,0.002725404,0.003499598,0.004422042,0.005781749,0.005626611,0.00570413,0.006771794,0.007743066,0.007965067,0.007853655,0.007673332,0.007467905,0.010274596,0.005274596,-0.002325404,0.009500402,0.004500402,-0.003099598,0.008577958,0.003577958,-0.004022042,0.007218251,0.002218251,-0.005381749,0.007373389,0.002373389,-0.005226611,0.00729587,0.00229587,-0.00530413,0.006228206,0.001228206,-0.006371794,0.005256934,0.000256934,-0.007343066,0.005034933,3.49E-05,-0.007565067,0.005146345,0.000146345,-0.007453655,0.005326668,0.000326668,-0.007273332,0.005532095,0.000532095,-0.007067905
5/18/2024 13:00,0.009,0.013,0.0012,0.82938,295,317.8,302,294.225,265.8,263.4333333,287.8857143,280.175,258.5333333,253.38,244.3090909,247.0833333,0.004414093,0.00475525,0.004518834,0.004402496,0.003977172,0.00394176,0.004307642,0.004192266,0.003868441,0.003791332,0.003655603,0.003697114,0.004585907,0.008585907,-0.003214093,0.00424475,0.00824475,-0.00355525,0.004481166,0.008481166,-0.003318834,0.004597504,0.008597504,-0.003202496,0.005022828,0.009022828,-0.002777172,0.00505824,0.00905824,-0.00274176,0.004692358,0.008692358,-0.003107642,0.004807734,0.008807734,-0.002992266,0.005131559,0.009131559,-0.002668441,0.005208668,0.009208668,-0.002591332,0.005344397,0.009344397,-0.002455603,0.005302886,0.009302886,-0.002497114
5/18/2024 18:00,0.008,0.013,0.0011,0.72945,141.1,190.05,220.8333333,246.65,300.32,299.4333333,305.3142857,300.95,297.6111111,283.06,280.2,293.0666667,0.002113503,0.002846713,0.00330781,0.003694511,0.004498421,0.00448514,0.004573229,0.004507858,0.004457845,0.004239888,0.004197049,0.004389775,0.005886497,0.010886497,-0.001013503,0.005153287,0.010153287,-0.001746713,0.00469219,0.00969219,-0.00220781,0.004305489,0.009305489,-0.002594511,0.003501579,0.008501579,-0.003398421,0.00351486,0.00851486,-0.00338514,0.003426771,0.008426771,-0.003473229,0.003492142,0.008492142,-0.003407858,0.003542155,0.008542155,-0.003357845,0.003760112,0.008760112,-0.003139888,0.003802951,0.008802951,-0.003097049,0.003610225,0.008610225,-0.003289775
5/19/2024 11:00,0.013,0.01,0.0005,1.2291,446.1,555.05,440.3,394.675,389,362.5,324.2428571,309.575,300.3777778,300.79,282.4,271.4083333,0.006628204,0.008246995,0.006542027,0.005864126,0.005779806,0.005386066,0.004817637,0.0045997,0.004463047,0.004469172,0.004195931,0.004032616,0.006371796,0.003371796,-0.006128204,0.004753005,0.001753005,-0.007746995,0.006457973,0.003457973,-0.006042027,0.007135874,0.004135874,-0.005364126,0.007220194,0.004220194,-0.005279806,0.007613934,0.004613934,-0.004886066,0.008182363,0.005182363,-0.004317637,0.0084003,0.0054003,-0.0040997,0.008536953,0.005536953,-0.003963047,0.008530828,0.005530828,-0.003969172,0.008804069,0.005804069,-0.003695931,0.008967384,0.005967384,-0.003532616
5/20/2024 2:00,0.012,0.007,0.0004,1.12917,281.5,410.75,389.2666667,327.65,306.42,316.35,315.2,374.325,360.0777778,355.68,365.0818182,356.9833333,0.00422445,0.006164095,0.005841696,0.004917019,0.004598422,0.004747441,0.004730183,0.005617467,0.00540366,0.005337663,0.005478756,0.005357222,0.00777555,0.00277555,-0.00382445,0.005835905,0.000835905,-0.005764095,0.006158304,0.001158304,-0.005441696,0.007082981,0.002082981,-0.004517019,0.007401578,0.002401578,-0.004198422,0.007252559,0.002252559,-0.004347441,0.007269817,0.002269817,-0.004330183,0.006382533,0.001382533,-0.005217467,0.00659634,0.00159634,-0.00500366,0.006662337,0.001662337,-0.004937663,0.006521244,0.001521244,-0.005078756,0.006642778,0.001642778,-0.004957222
5/20/2024 13:00,0.004,0.007,0.0013,0.32973,427.4,365.2,380.0666667,411.625,381.08,370.5333333,398.0714286,460.425,437.3777778,447.32,425.3909091,413.4,0.006373036,0.005445561,0.00566724,0.006137812,0.00568235,0.005525087,0.005935712,0.006865477,0.006521816,0.006670066,0.006343078,0.006164279,-0.002373036,0.000626964,-0.005073036,-0.001445561,0.001554439,-0.004145561,-0.00166724,0.00133276,-0.00436724,-0.002137812,0.000862188,-0.004837812,-0.00168235,0.00131765,-0.00438235,-0.001525087,0.001474913,-0.004225087,-0.001935712,0.001064288,-0.004635712,-0.002865477,0.000134523,-0.005565477,-0.002521816,0.000478184,-0.005221816,-0.002670066,0.000329934,-0.005370066,-0.002343078,0.000656922,-0.005043078,-0.002164279,0.000835721,-0.004864279
5/20/2024 17:00,0.005,0.003,0.0004,-0.36978,597.7,750.4,712.8666667,625.275,585.7,538.5833333,520.1857143,518.45,489.6111111,472.43,480.6909091,515.375,0.008751777,0.010987675,0.010438096,0.009155542,0.008576068,0.007886166,0.00761678,0.007591365,0.007169094,0.006917521,0.00703848,0.00754634,-0.003751777,-0.005751777,-0.008351777,-0.005987675,-0.007987675,-0.010587675,-0.005438096,-0.007438096,-0.010038096,-0.004155542,-0.006155542,-0.008755542,-0.003576068,-0.005576068,-0.008176068,-0.002886166,-0.004886166,-0.007486166,-0.00261678,-0.00461678,-0.00721678,-0.002591365,-0.004591365,-0.007191365,-0.002169094,-0.004169094,-0.006769094,-0.001917521,-0.003917521,-0.006517521,-0.00203848,-0.00403848,-0.00663848,-0.00254634,-0.00454634,-0.00714634
5/20/2024 22:00,0.003,0.011,0.0012,0.2298,450.7,645.35,867.5333333,1043,934.7,878.5333333,882.0428571,851.5125,797.1777778,760.2,718.6363636,692.9,0.006477659,0.009275255,0.012468572,0.014990457,0.013433921,0.012626669,0.01267711,0.012238314,0.011457391,0.01092593,0.010328559,0.009958665,-0.003477659,0.004522341,-0.005277659,-0.006275255,0.001724745,-0.008075255,-0.009468572,-0.001468572,-0.011268572,-0.011990457,-0.003990457,-0.013790457,-0.010433921,-0.002433921,-0.012233921,-0.009626669,-0.001626669,-0.011426669,-0.00967711,-0.00167711,-0.01147711,-0.009238314,-0.001238314,-0.011038314,-0.008457391,-0.000457391,-0.010257391,-0.00792593,7.41E-05,-0.00972593,-0.007328559,0.000671441,-0.009128559,-0.006958665,0.001041335,-0.008758665
5/21/2024 18:00,0.012,0.013,0.0004,1.12917,460.9,447.9,491.2,574.725,608.54,644.6166667,610.7571429,594.125,565.4,529.76,502.6636364,490.7,0.006595026,0.006409009,0.007028589,0.00822375,0.00870761,0.009223831,0.008739335,0.008501345,0.008090319,0.007580345,0.007192623,0.007021435,0.005404974,0.006404974,-0.006195026,0.005590991,0.006590991,-0.006009009,0.004971411,0.005971411,-0.006628589,0.00377625,0.00477625,-0.00782375,0.00329239,0.00429239,-0.00830761,0.002776169,0.003776169,-0.008823831,0.003260665,0.004260665,-0.008339335,0.003498655,0.004498655,-0.008101345,0.003909681,0.004909681,-0.007690319,0.004419655,0.005419655,-0.007180345,0.004807377,0.005807377,-0.006792623,0.004978565,0.005978565,-0.006621435
5/21/2024 22:00,0.009,0.004,0.0001,0.82938,494.7,433.8,466.1666667,555.225,536.36,519.45,527.7857143,564.975,584.8444444,608.86,590.5636364,581.1583333,0.007043116,0.006176074,0.006636883,0.007904819,0.007636235,0.007395485,0.007514162,0.008043631,0.008326515,0.008668428,0.00840794,0.008274036,0.001956884,-0.003043116,-0.006943116,0.002823926,-0.002176074,-0.006076074,0.002363117,-0.002636883,-0.006536883,0.001095181,-0.003904819,-0.007804819,0.001363765,-0.003636235,-0.007536235,0.001604515,-0.003395485,-0.007295485,0.001485838,-0.003514162,-0.007414162,0.000956369,-0.004043631,-0.007943631,0.000673485,-0.004326515,-0.008226515,0.000331572,-0.004668428,-0.008568428,0.00059206,-0.00440794,-0.00830794,0.000725964,-0.004274036,-0.008174036
5/23/2024 1:00,0.013,0.011,0.0005,1.2291,364.5,407.75,344.8666667,384.8,505.34,518.8833333,497.9,523.025,552.1333333,545.83,558.7272727,574.7666667,0.00524256,0.00586462,0.004960176,0.005534533,0.007268245,0.007463037,0.007161236,0.007522606,0.007941268,0.007850608,0.008036108,0.008266801,0.00775744,0.00575744,-0.00474256,0.00713538,0.00513538,-0.00536462,0.008039824,0.006039824,-0.004460176,0.007465467,0.005465467,-0.005034533,0.005731755,0.003731755,-0.006768245,0.005536963,0.003536963,-0.006963037,0.005838764,0.003838764,-0.006661236,0.005477394,0.003477394,-0.007022606,0.005058732,0.003058732,-0.007441268,0.005149392,0.003149392,-0.007350608,0.004963892,0.002963892,-0.007536108,0.004733199,0.002733199,-0.007766801
5/23/2024 4:00,0.013,0.01,0.0006,1.2291,181,208.2,209.3666667,248.15,288.72,277.1166667,309.6142857,394.35,415.7111111,411.34,437.4818182,466.4416667,0.002600971,0.002991835,0.0030086,0.003565917,0.004148908,0.003982168,0.004449159,0.005666811,0.005973771,0.005910958,0.006286616,0.006702769,0.010399029,0.007399029,-0.002000971,0.010008165,0.007008165,-0.002391835,0.0099914,0.0069914,-0.0024086,0.009434083,0.006434083,-0.002965917,0.008851092,0.005851092,-0.003548908,0.009017832,0.006017832,-0.003382168,0.008550841,0.005550841,-0.003849159,0.007333189,0.004333189,-0.005066811,0.007026229,0.004026229,-0.005373771,0.007089042,0.004089042,-0.005310958,0.006713384,0.003713384,-0.005686616,0.006297231,0.003297231,-0.006102769
5/25/2024 9:00,0.013,0.013,0.0003,1.2291,319.5,319.3,278.6666667,244.2,219.48,207.75,216.5142857,217.925,213.0777778,210.51,216.2454545,215.1583333,0.004622536,0.004619643,0.004031758,0.003533093,0.003175444,0.003005734,0.003132536,0.003152946,0.003082816,0.003045665,0.003128646,0.003112918,0.008377464,0.008377464,-0.004322536,0.008380357,0.008380357,-0.004319643,0.008968242,0.008968242,-0.003731758,0.009466907,0.009466907,-0.003233093,0.009824556,0.009824556,-0.002875444,0.009994266,0.009994266,-0.002705734,0.009867464,0.009867464,-0.002832536,0.009847054,0.009847054,-0.002852946,0.009917184,0.009917184,-0.002782816,0.009954335,0.009954335,-0.002745665,0.009871354,0.009871354,-0.002828646,0.009887082,0.009887082,-0.002812918
5/25/2024 20:00,0.013,0.01,0.0005,1.2291,160.4,165,173.4,178.475,182.86,216.3333333,204,224.6125,232.1555556,259.98,277.3727273,280.8833333,0.002320598,0.002387149,0.002508677,0.0025821,0.00264554,0.003129818,0.002951385,0.003249597,0.003358727,0.003761279,0.00401291,0.0040637,0.010679402,0.007679402,-0.001820598,0.010612851,0.007612851,-0.001887149,0.010491323,0.007491323,-0.002008677,0.0104179,0.0074179,-0.0020821,0.01035446,0.00735446,-0.00214554,0.009870182,0.006870182,-0.002629818,0.010048615,0.007048615,-0.002451385,0.009750403,0.006750403,-0.002749597,0.009641273,0.006641273,-0.002858727,0.009238721,0.006238721,-0.003261279,0.00898709,0.00598709,-0.00351291,0.0089363,0.0059363,-0.0035637
5/27/2024 0:00,0.011,0.007,0.0001,1.02924,361.5,299.05,278.5666667,353.2,324.88,290.9833333,268.2714286,256.775,260.5444444,309.16,306.4909091,298,0.00525043,0.004343406,0.004045906,0.005129881,0.004718561,0.004226245,0.003896377,0.003729403,0.003784151,0.004490243,0.004451478,0.004328156,0.00574957,0.00174957,-0.00515043,0.006656594,0.002656594,-0.004243406,0.006954094,0.002954094,-0.003945906,0.005870119,0.001870119,-0.005029881,0.006281439,0.002281439,-0.004618561,0.006773755,0.002773755,-0.004126245,0.007103623,0.003103623,-0.003796377,0.007270597,0.003270597,-0.003629403,0.007215849,0.003215849,-0.003684151,0.006509757,0.002509757,-0.004390243,0.006548522,0.002548522,-0.004351478,0.006671844,0.002671844,-0.004228156
5/27/2024 9:00,0.005,0.003,0.0002,0.42966,236.3,322.45,342.7666667,315.2,348.7,318.1,327.3571429,320.1875,348.1888889,349.52,339.2545455,330.7833333,0.003443808,0.004699348,0.004995441,0.004593687,0.005081913,0.004635952,0.004770864,0.004666375,0.005074464,0.005093863,0.004944256,0.004820797,0.001556192,-0.000443808,-0.003243808,0.000300652,-0.001699348,-0.004499348,4.56E-06,-0.001995441,-0.004795441,0.000406313,-0.001593687,-0.004393687,-8.19E-05,-0.002081913,-0.004881913,0.000364048,-0.001635952,-0.004435952,0.000229136,-0.001770864,-0.004570864,0.000333625,-0.001666375,-0.004466375,-7.45E-05,-0.002074464,-0.004874464,-9.39E-05,-0.002093863,-0.004893863,5.57E-05,-0.001944256,-0.004744256,0.000179203,-0.001820797,-0.004620797
5/27/2024 14:00,0.006,0.003,0.0011,-0.36978,690,576,476.1333333,467.425,412.34,383,386.6571429,386.25,369.1666667,380.52,360.9363636,362.7666667,0.00992112,0.008281978,0.006846052,0.00672084,0.005928804,0.00550694,0.005559524,0.00555367,0.005308039,0.005471282,0.0051897,0.005216017,-0.00392112,-0.00692112,-0.00882112,-0.002281978,-0.005281978,-0.007181978,-0.000846052,-0.003846052,-0.005746052,-0.00072084,-0.00372084,-0.00562084,7.12E-05,-0.002928804,-0.004828804,0.00049306,-0.00250694,-0.00440694,0.000440476,-0.002559524,-0.004459524,0.00044633,-0.00255367,-0.00445367,0.000691961,-0.002308039,-0.004208039,0.000528718,-0.002471282,-0.004371282,0.0008103,-0.0021897,-0.0040897,0.000783983,-0.002216017,-0.004116017
5/29/2024 15:00,0.013,0.009,0.0009,1.2291,588.4,523.3,585.6333333,553.5,499.54,455.35,442.0714286,438.7,457.4666667,432.06,418.2,399.9166667,0.008727251,0.007761677,0.008686215,0.008209608,0.007409264,0.00675383,0.00655688,0.006506875,0.006785225,0.006408389,0.006202815,0.005931634,0.004272749,0.000272749,-0.007827251,0.005238323,0.001238323,-0.006861677,0.004313785,0.000313785,-0.007786215,0.004790392,0.000790392,-0.007309608,0.005590736,0.001590736,-0.006509264,0.00624617,0.00224617,-0.00585383,0.00644312,0.00244312,-0.00565688,0.006493125,0.002493125,-0.005606875,0.006214775,0.002214775,-0.005885225,0.006591611,0.002591611,-0.005508389,0.006797185,0.002797185,-0.005302815,0.007068366,0.003068366,-0.005031634
5/30/2024 13:00,0.013,0.013,0.0002,1.2291,650.8,619.2,512.2666667,500.325,460.76,492.3666667,498.8285714,494.4625,466.5666667,466.34,448.4454545,446.525,0.009479336,0.009019061,0.007461505,0.007287567,0.006711276,0.007171649,0.007265771,0.007202176,0.006795854,0.006792553,0.006531907,0.006503934,0.003520664,0.003520664,-0.009279336,0.003980939,0.003980939,-0.008819061,0.005538495,0.005538495,-0.007261505,0.005712433,0.005712433,-0.007087567,0.006288724,0.006288724,-0.006511276,0.005828351,0.005828351,-0.006971649,0.005734229,0.005734229,-0.007065771,0.005797824,0.005797824,-0.007002176,0.006204146,0.006204146,-0.006595854,0.006207447,0.006207447,-0.006592553,0.006468093,0.006468093,-0.006331907,0.006496066,0.006496066,-0.006303934
5/31/2024 17:00,0.003,0.003,0.0004,-0.36978,307.4,503.95,454.0333333,548.05,600.94,622.2666667,559.8,540.825,516.9777778,484.79,471.9818182,454.9083333,0.004562137,0.007479145,0.006738329,0.008133635,0.008918578,0.009235088,0.008308017,0.008026408,0.00767249,0.00719479,0.007004703,0.006751315,-0.001562137,-0.001562137,-0.004162137,-0.004479145,-0.004479145,-0.007079145,-0.003738329,-0.003738329,-0.006338329,-0.005133635,-0.005133635,-0.007733635,-0.005918578,-0.005918578,-0.008518578,-0.006235088,-0.006235088,-0.008835088,-0.005308017,-0.005308017,-0.007908017,-0.005026408,-0.005026408,-0.007626408,-0.00467249,-0.00467249,-0.00727249,-0.00419479,-0.00419479,-0.00679479,-0.004004703,-0.004004703,-0.006604703,-0.003751315,-0.003751315,-0.006351315
6/1/2024 1:00,0.003,0.013,0.0008,0.2298,262.1,228.3,279.9666667,254.725,244.84,237.5833333,299.5285714,297.975,299.0222222,339.17,340.5363636,381.3333333,0.003877219,0.003377219,0.004141519,0.003768121,0.003621893,0.003514546,0.004430896,0.004407914,0.004423406,0.005017308,0.00503752,0.005641026,-0.000877219,0.009122781,-0.003077219,-0.000377219,0.009622781,-0.002577219,-0.001141519,0.008858481,-0.003341519,-0.000768121,0.009231879,-0.002968121,-0.000621893,0.009378107,-0.002821893,-0.000514546,0.009485454,-0.002714546,-0.001430896,0.008569104,-0.003630896,-0.001407914,0.008592086,-0.003607914,-0.001423406,0.008576594,-0.003623406,-0.002017308,0.007982692,-0.004217308,-0.00203752,0.00796248,-0.00423752,-0.002641026,0.007358974,-0.004841026
6/2/2024 0:00,0.012,0.007,0.0006,1.12917,175.6,139.7,157.0333333,146.775,136.8,132.4833333,127.8285714,146.5125,143.9555556,145.75,151.0454545,149.525,0.002585288,0.002056747,0.002311938,0.002160909,0.002014051,0.001950499,0.001881969,0.002157044,0.0021194,0.002145818,0.002223781,0.002201396,0.009414712,0.004414712,-0.001985288,0.009943253,0.004943253,-0.001456747,0.009688062,0.004688062,-0.001711938,0.009839091,0.004839091,-0.001560909,0.009985949,0.004985949,-0.001414051,0.010049501,0.005049501,-0.001350499,0.010118031,0.005118031,-0.001281969,0.009842956,0.004842956,-0.001557044,0.0098806,0.0048806,-0.0015194,0.009854182,0.004854182,-0.001545818,0.009776219,0.004776219,-0.001623781,0.009798604,0.004798604,-0.001601396
6/2/2024 17:00,0.008,0.006,0.0001,0.72945,277.1,251.95,263.7,306.925,334.32,356.3333333,425.2,399.5375,396.3,372.25,350.2545455,332.2583333,0.004079692,0.003709413,0.003882406,0.0045188,0.004922131,0.005246229,0.00626014,0.005882316,0.005834651,0.005480567,0.005156732,0.004891778,0.003920308,0.001920308,-0.003979692,0.004290587,0.002290587,-0.003609413,0.004117594,0.002117594,-0.003782406,0.0034812,0.0014812,-0.0044188,0.003077869,0.001077869,-0.004822131,0.002753771,0.000753771,-0.005146229,0.00173986,-0.00026014,-0.00616014,0.002117684,0.000117684,-0.005782316,0.002165349,0.000165349,-0.005734651,0.002519433,0.000519433,-0.005380567,0.002843268,0.000843268,-0.005056732,0.003108222,0.001108222,-0.004791778
6/4/2024 2:00,0.012,0.009,0.0011,1.12917,229.2,276.95,343.4,342.25,340.76,333.75,343.7285714,335.4,330.6444444,357.78,399.7818182,437.25,0.003313288,0.004003556,0.004964149,0.004947525,0.004925986,0.00482465,0.004968899,0.004848502,0.004779757,0.005172025,0.005779198,0.006320834,0.008686712,0.005686712,-0.002213288,0.007996444,0.004996444,-0.002903556,0.007035851,0.004035851,-0.003864149,0.007052475,0.004052475,-0.003847525,0.007074014,0.004074014,-0.003825986,0.00717535,0.00417535,-0.00372465,0.007031101,0.004031101,-0.003868899,0.007151498,0.004151498,-0.003748502,0.007220243,0.004220243,-0.003679757,0.006827975,0.003827975,-0.004072025,0.006220802,0.003220802,-0.004679198,0.005679166,0.002679166,-0.005220834
6/6/2024 0:00,0.009,0.01,0.0011,0.82938,238.2,433.95,353.5,309.625,288.52,327.9,402.8714286,411.8375,424.0555556,480.59,499.3909091,507.1666667,0.003352517,0.006107576,0.004975292,0.004357779,0.004060739,0.004614988,0.005670165,0.005796356,0.005968318,0.006764005,0.007028616,0.007138055,0.005647483,0.006647483,-0.002252517,0.002892424,0.003892424,-0.005007576,0.004024708,0.005024708,-0.003875292,0.004642221,0.005642221,-0.003257779,0.004939261,0.005939261,-0.002960739,0.004385012,0.005385012,-0.003514988,0.003329835,0.004329835,-0.004570165,0.003203644,0.004203644,-0.004696356,0.003031682,0.004031682,-0.004868318,0.002235995,0.003235995,-0.005664005,0.001971384,0.002971384,-0.005928616,0.001861945,0.002861945,-0.006038055
6/7/2024 18:00,0.013,0.009,0.0005,1.2291,1519.8,1310.55,1021.233333,906.675,803.28,768.2666667,869.3714286,815.975,752.2,702.08,652.5181818,618.975,0.021966713,0.018942279,0.014760587,0.013104796,0.011610358,0.011104286,0.012565622,0.011793847,0.010872063,0.010147644,0.009431293,0.008946471,-0.008966713,-0.012966713,-0.021466713,-0.005942279,-0.009942279,-0.018442279,-0.001760587,-0.005760587,-0.014260587,-0.000104796,-0.004104796,-0.012604796,0.001389642,-0.002610358,-0.011110358,0.001895714,-0.002104286,-0.010604286,0.000434378,-0.003565622,-0.012065622,0.001206153,-0.002793847,-0.011293847,0.002127937,-0.001872063,-0.010372063,0.002852356,-0.001147644,-0.009647644,0.003568707,-0.000431293,-0.008931293,0.004053529,5.35E-05,-0.008446471
6/8/2024 0:00,0.012,0.012,0.0006,1.12917,203.1,197,281.4333333,257.6,277.4,340.5333333,509,583.0375,567.4333333,566.99,550.8727273,554.4,0.002925211,0.002837353,0.004053431,0.003710164,0.003995339,0.004904637,0.00733103,0.008397378,0.008172634,0.008166249,0.007934115,0.007984917,0.009074789,0.009074789,-0.002325211,0.009162647,0.009162647,-0.002237353,0.007946569,0.007946569,-0.003453431,0.008289836,0.008289836,-0.003110164,0.008004661,0.008004661,-0.003395339,0.007095363,0.007095363,-0.004304637,0.00466897,0.00466897,-0.00673103,0.003602622,0.003602622,-0.007797378,0.003827366,0.003827366,-0.007572634,0.003833751,0.003833751,-0.007566249,0.004065885,0.004065885,-0.007334115,0.004015083,0.004015083,-0.007384917
6/10/2024 7:00,0.012,0.011,0.0001,1.12917,267.2,303.1,254.7333333,231.575,227.22,224.3666667,216.0857143,218.425,206.1888889,203.02,206.1909091,202.2333333,0.003854293,0.004372141,0.003674464,0.003340411,0.003277591,0.003236433,0.003116982,0.003150726,0.002974223,0.002928512,0.002974252,0.002917165,0.008145707,0.007145707,-0.003754293,0.007627859,0.006627859,-0.004272141,0.008325536,0.007325536,-0.003574464,0.008659589,0.007659589,-0.003240411,0.008722409,0.007722409,-0.003177591,0.008763567,0.007763567,-0.003136433,0.008883018,0.007883018,-0.003016982,0.008849274,0.007849274,-0.003050726,0.009025777,0.008025777,-0.002874223,0.009071488,0.008071488,-0.002828512,0.009025748,0.008025748,-0.002874252,0.009082835,0.008082835,-0.002817165
6/10/2024 9:00,0.013,0.012,0.0001,1.2291,307.4,263.35,264.6333333,283.225,258.18,242.1666667,237.5428571,234.1125,226.5888889,227.41,216.5818182,213.075,0.00442483,0.003790758,0.00380923,0.004076846,0.003716339,0.003485837,0.00341928,0.003369902,0.003261605,0.003273424,0.003117559,0.003067081,0.00857517,0.00757517,-0.00432483,0.009209242,0.008209242,-0.003690758,0.00919077,0.00819077,-0.00370923,0.008923154,0.007923154,-0.003976846,0.009283661,0.008283661,-0.003616339,0.009514163,0.008514163,-0.003385837,0.00958072,0.00858072,-0.00331928,0.009630098,0.008630098,-0.003269902,0.009738395,0.008738395,-0.003161605,0.009726576,0.008726576,-0.003173424,0.009882441,0.008882441,-0.003017559,0.009932919,0.008932919,-0.002967081
6/11/2024 13:00,0.005,0.007,0.0014,0.42966,764.7,585.35,513.7,539.975,592.54,554.7833333,524.1285714,547.0375,531.8333333,565.26,543.5454545,591.1666667,0.011441969,0.008758411,0.007686334,0.008079479,0.008865993,0.008301051,0.007842374,0.008185153,0.007957658,0.00845781,0.008132902,0.008845444,-0.006441969,-0.004441969,-0.010041969,-0.003758411,-0.001758411,-0.007358411,-0.002686334,-0.000686334,-0.006286334,-0.003079479,-0.001079479,-0.006679479,-0.003865993,-0.001865993,-0.007465993,-0.003301051,-0.001301051,-0.006901051,-0.002842374,-0.000842374,-0.006442374,-0.003185153,-0.001185153,-0.006785153,-0.002957658,-0.000957658,-0.006557658,-0.00345781,-0.00145781,-0.00705781,-0.003132902,-0.001132902,-0.006732902,-0.003845444,-0.001845444,-0.007445444
6/11/2024 16:00,0.006,0.003,0.0013,-0.36978,581.7,835.8,664.3666667,689.45,632.76,589.0333333,593.2857143,619.475,591.3111111,566.2,579.0363636,564.9666667,0.008746487,0.012567155,0.00998947,0.010366625,0.009514229,0.008856752,0.008920691,0.009314475,0.008891001,0.008513428,0.008706437,0.008494883,-0.002746487,-0.005746487,-0.007446487,-0.006567155,-0.009567155,-0.011267155,-0.00398947,-0.00698947,-0.00868947,-0.004366625,-0.007366625,-0.009066625,-0.003514229,-0.006514229,-0.008214229,-0.002856752,-0.005856752,-0.007556752,-0.002920691,-0.005920691,-0.007620691,-0.003314475,-0.006314475,-0.008014475,-0.002891001,-0.005891001,-0.007591001,-0.002513428,-0.005513428,-0.007213428,-0.002706437,-0.005706437,-0.007406437,-0.002494883,-0.005494883,-0.007194883
6/13/2024 17:00,0.012,0.013,0.0003,1.12917,435.5,611.2,807.6666667,756.275,757,825.8833333,754.7857143,752.6375,713.8111111,667.51,636.6818182,609.7416667,0.006507761,0.00913328,0.012069119,0.011301164,0.011311997,0.012341334,0.011278909,0.011246808,0.010666618,0.009974731,0.00951406,0.009111488,0.005492239,0.006492239,-0.006207761,0.00286672,0.00386672,-0.00883328,-6.91E-05,0.000930881,-0.011769119,0.000698836,0.001698836,-0.011001164,0.000688003,0.001688003,-0.011011997,-0.000341334,0.000658666,-0.012041334,0.000721091,0.001721091,-0.010978909,0.000753192,0.001753192,-0.010946808,0.001333382,0.002333382,-0.010366618,0.002025269,0.003025269,-0.009674731,0.00248594,0.00348594,-0.00921406,0.002888512,0.003888512,-0.008811488
6/14/2024 17:00,0.004,0.006,0.0011,0.32973,695.3,1008.65,916.3666667,824.95,743.26,673.1833333,626.9,573.025,537.6333333,522.96,494.3090909,474.3416667,0.010631336,0.015422547,0.014011508,0.012613722,0.011364658,0.010293166,0.00958548,0.008761716,0.008220567,0.007996208,0.007558127,0.00725282,-0.006631336,-0.004631336,-0.009531336,-0.011422547,-0.009422547,-0.014322547,-0.010011508,-0.008011508,-0.012911508,-0.008613722,-0.006613722,-0.011513722,-0.007364658,-0.005364658,-0.010264658,-0.006293166,-0.004293166,-0.009193166,-0.00558548,-0.00358548,-0.00848548,-0.004761716,-0.002761716,-0.007661716,-0.004220567,-0.002220567,-0.007120567,-0.003996208,-0.001996208,-0.006896208,-0.003558127,-0.001558127,-0.006458127,-0.00325282,-0.00125282,-0.00615282
6/16/2024 12:00,0.007,0.009,0.0002,0.62952,180,242.9,305.1,291.775,254.46,230.2666667,224.1142857,208.8625,206,195.63,184.4454545,178.5666667,0.002703636,0.003648407,0.004582664,0.004382519,0.003822041,0.003458652,0.003366242,0.003137157,0.003094162,0.002938402,0.002770408,0.002682107,0.004296364,0.006296364,-0.002503636,0.003351593,0.005351593,-0.003448407,0.002417336,0.004417336,-0.004382664,0.002617481,0.004617481,-0.004182519,0.003177959,0.005177959,-0.003622041,0.003541348,0.005541348,-0.003258652,0.003633758,0.005633758,-0.003166242,0.003862843,0.005862843,-0.002937157,0.003905838,0.005905838,-0.002894162,0.004061598,0.006061598,-0.002738402,0.004229592,0.006229592,-0.002570408,0.004317893,0.006317893,-0.002482107
6/16/2024 18:00,0.013,0.011,0.0004,1.2291,100,128.6,153.7666667,171.025,197.4,200.4,197.4857143,211.025,235.3,236.95,224.9727273,215.3333333,0.001502088,0.001931685,0.00230971,0.002568946,0.002965122,0.003010184,0.002966409,0.003169781,0.003534413,0.003559197,0.003379288,0.003234496,0.011497912,0.009497912,-0.001102088,0.011068315,0.009068315,-0.001531685,0.01069029,0.00869029,-0.00190971,0.010431054,0.008431054,-0.002168946,0.010034878,0.008034878,-0.002565122,0.009989816,0.007989816,-0.002610184,0.010033591,0.008033591,-0.002566409,0.009830219,0.007830219,-0.002769781,0.009465587,0.007465587,-0.003134413,0.009440803,0.007440803,-0.003159197,0.009620712,0.007620712,-0.002979288,0.009765504,0.007765504,-0.002834496
6/17/2024 5:00,0.013,0.005,0.001,1.2291,286.3,282.9,288.2666667,298.125,308.8,323.5666667,307.1571429,324.975,298.2666667,284.75,271.6090909,257.3083333,0.004316024,0.004264768,0.004345672,0.004494288,0.004655216,0.004877826,0.004630449,0.004899057,0.004496424,0.004292657,0.004094556,0.003878969,0.008683976,0.000683976,-0.003316024,0.008735232,0.000735232,-0.003264768,0.008654328,0.000654328,-0.003345672,0.008505712,0.000505712,-0.003494288,0.008344784,0.000344784,-0.003655216,0.008122174,0.000122174,-0.003877826,0.008369551,0.000369551,-0.003630449,0.008100943,0.000100943,-0.003899057,0.008503576,0.000503576,-0.003496424,0.008707343,0.000707343,-0.003292657,0.008905444,0.000905444,-0.003094556,0.009121031,0.001121031,-0.002878969
6/17/2024 13:00,0.013,0.009,0.0011,1.2291,625,468.3,401,407.325,455.94,436.75,437.3714286,422.6,407.4555556,394.66,385.9636364,381.1083333,0.009588728,0.007184642,0.006152128,0.006249166,0.006995015,0.006700603,0.006710137,0.006483514,0.006251169,0.00605486,0.00592144,0.005846951,0.003411272,-0.000588728,-0.008488728,0.005815358,0.001815358,-0.006084642,0.006847872,0.002847872,-0.005052128,0.006750834,0.002750834,-0.005149166,0.006004985,0.002004985,-0.005895015,0.006299397,0.002299397,-0.005600603,0.006289863,0.002289863,-0.005610137,0.006516486,0.002516486,-0.005383514,0.006748831,0.002748831,-0.005151169,0.00694514,0.00294514,-0.00495486,0.00707856,0.00307856,-0.00482144,0.007153049,0.003153049,-0.004746951
6/18/2024 17:00,0.011,0.013,0.0008,1.02924,522.4,524.55,582.2666667,707.2,693.4,651.85,613.4714286,569.225,536.6333333,499.23,482.8727273,472.0916667,0.008088415,0.008121704,0.009015342,0.010949708,0.01073604,0.010092713,0.009498491,0.008813415,0.008308792,0.00772967,0.007476407,0.007309482,0.002911585,0.004911585,-0.007288415,0.002878296,0.004878296,-0.007321704,0.001984658,0.003984658,-0.008215342,5.03E-05,0.002050292,-0.010149708,0.00026396,0.00226396,-0.00993604,0.000907287,0.002907287,-0.009292713,0.001501509,0.003501509,-0.008698491,0.002186585,0.004186585,-0.008013415,0.002691208,0.004691208,-0.007508792,0.00327033,0.00527033,-0.00692967,0.003523593,0.005523593,-0.006676407,0.003690518,0.005690518,-0.006509482
6/20/2024 19:00,0.013,0.01,0.0011,1.2291,283.2,288.1,308.7666667,332.5,336.38,370.9833333,442.9714286,443.775,437.3888889,460.77,435.1636364,424.9666667,0.004354719,0.004430065,0.004747853,0.005112797,0.005172459,0.005704549,0.006811497,0.006823854,0.006725656,0.007085183,0.006691438,0.006534641,0.008645281,0.005645281,-0.003254719,0.008569935,0.005569935,-0.003330065,0.008252147,0.005252147,-0.003647853,0.007887203,0.004887203,-0.004012797,0.007827541,0.004827541,-0.004072459,0.007295451,0.004295451,-0.004604549,0.006188503,0.003188503,-0.005711497,0.006176146,0.003176146,-0.005723854,0.006274344,0.003274344,-0.005625656,0.005914817,0.002914817,-0.005985183,0.006308562,0.003308562,-0.005591438,0.006465359,0.003465359,-0.005434641
6/21/2024 9:00,0.013,0.006,0.0005,1.2291,757.7,811.35,723.8333333,587.05,506.62,480.5166667,483.7285714,469.3875,457.2666667,443.67,422.0181818,402.6,0.011824522,0.012661774,0.011296005,0.009161391,0.007906215,0.007498852,0.007548976,0.007325172,0.007136017,0.00692383,0.006585935,0.006282899,0.001175478,-0.005824522,-0.011324522,0.000338226,-0.006661774,-0.012161774,0.001703995,-0.005296005,-0.010796005,0.003838609,-0.003161391,-0.008661391,0.005093785,-0.001906215,-0.007406215,0.005501148,-0.001498852,-0.006998852,0.005451024,-0.001548976,-0.007048976,0.005674828,-0.001325172,-0.006825172,0.005863983,-0.001136017,-0.006636017,0.00607617,-0.00092383,-0.00642383,0.006414065,-0.000585935,-0.006085935,0.006717101,-0.000282899,-0.005782899
6/22/2024 5:00,0.004,0.012,0.0012,0.32973,164.7,141.2,115.2,134.15,144.52,161.5666667,162.4,157.825,183.6222222,202.13,212.7272727,240.1333333,0.002557739,0.002192792,0.00178902,0.002083307,0.00224435,0.00250908,0.002522021,0.002450973,0.002851596,0.003139016,0.003303588,0.003729195,0.001442261,0.009442261,-0.001357739,0.001807208,0.009807208,-0.000992792,0.00221098,0.01021098,-0.00058902,0.001916693,0.009916693,-0.000883307,0.00175565,0.00975565,-0.00104435,0.00149092,0.00949092,-0.00130908,0.001477979,0.009477979,-0.001322021,0.001549027,0.009549027,-0.001250973,0.001148404,0.009148404,-0.001651596,0.000860984,0.008860984,-0.001939016,0.000696412,0.008696412,-0.002103588,0.000270805,0.008270805,-0.002529195
6/23/2024 13:00,0.012,0.011,0.0009,1.12917,190.8,130.75,120.1666667,122.875,107.08,99.91666667,95.31428571,88.6,87.98888889,84.95,86.67272727,91.56666667,0.002968546,0.002034263,0.001869603,0.00191174,0.001665995,0.001554545,0.001482939,0.001378476,0.001368968,0.001321687,0.00134849,0.001424632,0.009031454,0.008031454,-0.002068546,0.009965737,0.008965737,-0.001134263,0.010130397,0.009130397,-0.000969603,0.01008826,0.00908826,-0.00101174,0.010334005,0.009334005,-0.000765995,0.010445455,0.009445455,-0.000654545,0.010517061,0.009517061,-0.000582939,0.010621524,0.009621524,-0.000478476,0.010631032,0.009631032,-0.000468968,0.010678313,0.009678313,-0.000421687,0.01065151,0.00965151,-0.00044849,0.010575368,0.009575368,-0.000524632
6/24/2024 3:00,0.003,0.005,0.0007,0.2298,315.2,517.1,489.8,473.525,485.84,441.35,424.6714286,438.175,400.2,369.63,359.6909091,352.125,0.005015905,0.008228822,0.007794386,0.007535395,0.007731369,0.007023382,0.006757969,0.006972857,0.006368545,0.005882072,0.005723907,0.005603508,-0.002015905,-1.59E-05,-0.004315905,-0.005228822,-0.003228822,-0.007528822,-0.004794386,-0.002794386,-0.007094386,-0.004535395,-0.002535395,-0.006835395,-0.004731369,-0.002731369,-0.007031369,-0.004023382,-0.002023382,-0.006323382,-0.003757969,-0.001757969,-0.006057969,-0.003972857,-0.001972857,-0.006272857,-0.003368545,-0.001368545,-0.005668545,-0.002882072,-0.000882072,-0.005182072,-0.002723907,-0.000723907,-0.005023907,-0.002603508,-0.000603508,-0.004903508
6/25/2024 5:00,0.012,0.011,0.0014,1.12917,471.8,367.15,568.1666667,505.95,452.58,443.4,445.8428571,427.825,458.1444444,555.17,637.3363636,649.4166667,0.007734566,0.006018961,0.009314376,0.008294412,0.007419478,0.007268984,0.007309031,0.007013651,0.0075107,0.009101312,0.010448326,0.010646367,0.004265434,0.003265434,-0.006334566,0.005981039,0.004981039,-0.004618961,0.002685624,0.001685624,-0.007914376,0.003705588,0.002705588,-0.006894412,0.004580522,0.003580522,-0.006019478,0.004731016,0.003731016,-0.005868984,0.004690969,0.003690969,-0.005909031,0.004986349,0.003986349,-0.005613651,0.0044893,0.0034893,-0.0061107,0.002898688,0.001898688,-0.007701312,0.001551674,0.000551674,-0.009048326,0.001353633,0.000353633,-0.009246367
6/25/2024 13:00,0.012,0.003,0.0009,-0.36978,423.7,370.7,368.9,350.95,436.02,404.9666667,437.3285714,410.475,417.2888889,401.81,453.4818182,442.3,0.006925579,0.006059269,0.006029847,0.005736446,0.007126955,0.006619374,0.007148345,0.00670941,0.006820786,0.006567777,0.007412377,0.007229605,0.005074421,-0.003925579,-0.006025579,0.005940731,-0.003059269,-0.005159269,0.005970153,-0.003029847,-0.005129847,0.006263554,-0.002736446,-0.004836446,0.004873045,-0.004126955,-0.006226955,0.005380626,-0.003619374,-0.005719374,0.004851655,-0.004148345,-0.006248345,0.00529059,-0.00370941,-0.00580941,0.005179214,-0.003820786,-0.005920786,0.005432223,-0.003567777,-0.005667777,0.004587623,-0.004412377,-0.006512377,0.004770395,-0.004229605,-0.006329605
6/26/2024 14:00,0.013,0.008,0.0004,1.2291,436.4,440.1,381.8666667,364.15,342.68,319.9833333,330.2714286,323.1375,305.3888889,298.98,297.4909091,291.8333333,0.007072922,0.00713289,0.006189077,0.005901935,0.005553962,0.005186107,0.005352851,0.005237228,0.004949569,0.004845697,0.004821563,0.004729868,0.005927078,0.000927078,-0.006672922,0.00586711,0.00086711,-0.00673289,0.006810923,0.001810923,-0.005789077,0.007098065,0.002098065,-0.005501935,0.007446038,0.002446038,-0.005153962,0.007813893,0.002813893,-0.004786107,0.007647149,0.002647149,-0.004952851,0.007762772,0.002762772,-0.004837228,0.008050431,0.003050431,-0.004549569,0.008154303,0.003154303,-0.004445697,0.008178437,0.003178437,-0.004421563,0.008270132,0.003270132,-0.004329868
6/28/2024 17:00,0.013,0.009,0.0012,1.2291,378.2,436.75,443.9,514.95,538.36,554.85,521.5857143,476.6125,448.9222222,431.79,430.6181818,408.625,0.006219137,0.007181935,0.00729951,0.008467859,0.008852814,0.009123977,0.008576977,0.007837436,0.007382096,0.007100373,0.007081103,0.006719447,0.006780863,0.002780863,-0.005019137,0.005818065,0.001818065,-0.005981935,0.00570049,0.00170049,-0.00609951,0.004532141,0.000532141,-0.007267859,0.004147186,0.000147186,-0.007652814,0.003876023,-0.000123977,-0.007923977,0.004423023,0.000423023,-0.007376977,0.005162564,0.001162564,-0.006637436,0.005617904,0.001617904,-0.006182096,0.005899627,0.001899627,-0.005900373,0.005918897,0.001918897,-0.005881103,0.006280553,0.002280553,-0.005519447
6/29/2024 4:00,0.013,0.006,0.0003,1.2291,96,99.45,156.9666667,185.85,232.66,211.75,200.7428571,208.9625,222.2777778,276.83,271.3818182,280.2833333,0.001579592,0.001636358,0.002582742,0.003057991,0.003828206,0.003484151,0.003303039,0.003438286,0.003657376,0.004554983,0.004465338,0.004611804,0.011420408,0.004420408,-0.001279592,0.011363642,0.004363642,-0.001336358,0.010417258,0.003417258,-0.002282742,0.009942009,0.002942009,-0.002757991,0.009171794,0.002171794,-0.003528206,0.009515849,0.002515849,-0.003184151,0.009696961,0.002696961,-0.003003039,0.009561714,0.002561714,-0.003138286,0.009342624,0.002342624,-0.003357376,0.008445017,0.001445017,-0.004254983,0.008534662,0.001534662,-0.004165338,0.008388196,0.001388196,-0.004311804
6/30/2024 7:00,0.008,0.003,0.0005,-0.36978,764.5,521.75,384.6,324.625,292.92,278.8,257.1142857,246.225,233.0111111,227.4,221.5,214.1416667,0.012424107,0.008479107,0.006250244,0.005275573,0.004760326,0.004530858,0.004178437,0.004001472,0.00378673,0.003695542,0.003599659,0.003480077,-0.004424107,-0.009424107,-0.011924107,-0.000479107,-0.005479107,-0.007979107,0.001749756,-0.003250244,-0.005750244,0.002724427,-0.002275573,-0.004775573,0.003239674,-0.001760326,-0.004260326,0.003469142,-0.001530858,-0.004030858,0.003821563,-0.001178437,-0.003678437,0.003998528,-0.001001472,-0.003501472,0.00421327,-0.00078673,-0.00328673,0.004304458,-0.000695542,-0.003195542,0.004400341,-0.000599659,-0.003099659,0.004519923,-0.000480077,-0.002980077
6/30/2024 19:00,0.013,0.008,0.0013,1.2291,213,323.8,305.5666667,272.875,259.34,275.2,279.4571429,286.4125,272.9111111,259.53,255.9363636,252.025,0.003434553,0.005221166,0.00492716,0.004400017,0.00418177,0.004437507,0.004506152,0.004618305,0.0044006,0.004184834,0.004126888,0.004063818,0.009565447,0.004565447,-0.002134553,0.007778834,0.002778834,-0.003921166,0.00807284,0.00307284,-0.00362716,0.008599983,0.003599983,-0.003100017,0.00881823,0.00381823,-0.00288177,0.008562493,0.003562493,-0.003137507,0.008493848,0.003493848,-0.003206152,0.008381695,0.003381695,-0.003318305,0.0085994,0.0035994,-0.0031006,0.008815166,0.003815166,-0.002884834,0.008873112,0.003873112,-0.002826888,0.008936182,0.003936182,-0.002763818
7/2/2024 9:00,0.013,0.012,0.0004,1.2291,169.1,266.05,276.9,262.6,232.32,228.5333333,240.0285714,235.6625,227.1333333,225.38,224.6090909,236.5083333,0.002699045,0.004246486,0.004419666,0.00419142,0.003708114,0.003647674,0.003831152,0.003761464,0.003625328,0.003597343,0.003585038,0.003774965,0.010300955,0.009300955,-0.002299045,0.008753514,0.007753514,-0.003846486,0.008580334,0.007580334,-0.004019666,0.00880858,0.00780858,-0.00379142,0.009291886,0.008291886,-0.003308114,0.009352326,0.008352326,-0.003247674,0.009168848,0.008168848,-0.003431152,0.009238536,0.008238536,-0.003361464,0.009374672,0.008374672,-0.003225328,0.009402657,0.008402657,-0.003197343,0.009414962,0.008414962,-0.003185038,0.009225035,0.008225035,-0.003374965
7/4/2024 9:00,0.005,0.013,0.0009,0.42966,940.2,1212.35,1061,935.25,783.8,724.7333333,665.6857143,767.675,917.0444444,852.05,789.8363636,744.1583333,0.016287316,0.021001838,0.018379965,0.016201566,0.013577961,0.012554734,0.011531838,0.013298623,0.015886187,0.014760272,0.01368253,0.012891238,-0.011287316,-0.003287316,-0.015387316,-0.016001838,-0.008001838,-0.020101838,-0.013379965,-0.005379965,-0.017479965,-0.011201566,-0.003201566,-0.015301566,-0.008577961,-0.000577961,-0.012677961,-0.007554734,0.000445266,-0.011654734,-0.006531838,0.001468162,-0.010631838,-0.008298623,-0.000298623,-0.012398623,-0.010886187,-0.002886187,-0.014986187,-0.009760272,-0.001760272,-0.013860272,-0.00868253,-0.00068253,-0.01278253,-0.007891238,0.000108762,-0.011991238
7/6/2024 11:00,0.013,0.006,0.0003,1.2291,138.2,184.1,235.1333333,214.1,229.08,228.7833333,264.7857143,279.4125,276.7,281.48,293.4454545,322.9,0.002436822,0.003246158,0.004146007,0.003775135,0.004039271,0.00403404,0.004668855,0.004926763,0.004878935,0.004963218,0.0051742,0.00569356,0.010563178,0.003563178,-0.002136822,0.009753842,0.002753842,-0.002946158,0.008853993,0.001853993,-0.003846007,0.009224865,0.002224865,-0.003475135,0.008960729,0.001960729,-0.003739271,0.00896596,0.00196596,-0.00373404,0.008331145,0.001331145,-0.004368855,0.008073237,0.001073237,-0.004626763,0.008121065,0.001121065,-0.004578935,0.008036782,0.001036782,-0.004663218,0.0078258,0.0008258,-0.0048742,0.00730644,0.00030644,-0.00539356
7/7/2024 1:00,0.01,0.004,0.0013,0.92931,480,433.6,418.8,377.3,393.28,395.2166667,368.5714286,357.5,348.8444444,407.95,418.1,417.85,0.008261689,0.007463059,0.007208324,0.006494032,0.006769077,0.006802411,0.006343797,0.006153237,0.006004259,0.007021575,0.007196275,0.007191972,0.001738311,-0.004261689,-0.006961689,0.002536941,-0.003463059,-0.006163059,0.002791676,-0.003208324,-0.005908324,0.003505968,-0.002494032,-0.005194032,0.003230923,-0.002769077,-0.005469077,0.003197589,-0.002802411,-0.005502411,0.003656203,-0.002343797,-0.005043797,0.003846763,-0.002153237,-0.004853237,0.003995741,-0.002004259,-0.004704259,0.002978425,-0.003021575,-0.005721575,0.002803725,-0.003196275,-0.005896275,0.002808028,-0.003191972,-0.005891972
7/7/2024 9:00,0.013,0.005,0.0002,1.2291,177.7,240.5,372.6,327.225,342.9,358.3,380.6142857,376.8375,388.3,388.19,388.2818182,376.9916667,0.003079189,0.004167389,0.00645642,0.005670161,0.005941778,0.006208629,0.006595292,0.006529848,0.00672847,0.006726564,0.006728155,0.006532519,0.009920811,0.001920811,-0.002879189,0.008832611,0.000832611,-0.003967389,0.00654358,-0.00145642,-0.00625642,0.007329839,-0.000670161,-0.005470161,0.007058222,-0.000941778,-0.005741778,0.006791371,-0.001208629,-0.006008629,0.006404708,-0.001595292,-0.006395292,0.006470152,-0.001529848,-0.006329848,0.00627153,-0.00172847,-0.00652847,0.006273436,-0.001726564,-0.006526564,0.006271845,-0.001728155,-0.006528155,0.006467481,-0.001532519,-0.006332519
7/7/2024 13:00,0.01,0.009,0.0003,0.92931,588.8,504.3,401.8666667,407.7,361.7,351.9666667,392.6571429,367.4625,371.7,378.06,390.4636364,387.125,0.010357791,0.008871321,0.00706938,0.007171996,0.006362794,0.006191571,0.006907372,0.006464164,0.006538707,0.006650588,0.006868785,0.006810054,-0.000357791,-0.001357791,-0.010057791,0.001128679,0.000128679,-0.008571321,0.00293062,0.00193062,-0.00676938,0.002828004,0.001828004,-0.006871996,0.003637206,0.002637206,-0.006062794,0.003808429,0.002808429,-0.005891571,0.003092628,0.002092628,-0.006607372,0.003535836,0.002535836,-0.006164164,0.003461293,0.002461293,-0.006238707,0.003349412,0.002349412,-0.006350588,0.003131215,0.002131215,-0.006568785,0.003189946,0.002189946,-0.006510054
7/8/2024 2:00,0.013,0.011,0.0004,1.2291,852.8,850.2,898.1333333,878.3,783.64,835.0833333,756.3428571,684.175,638.9666667,625.42,607.3818182,585.3333333,0.015403984,0.015357021,0.016222833,0.015864587,0.014154759,0.015083971,0.013661695,0.012358139,0.011541548,0.011296857,0.010971037,0.010572778,-0.002403984,-0.004403984,-0.015003984,-0.002357021,-0.004357021,-0.014957021,-0.003222833,-0.005222833,-0.015822833,-0.002864587,-0.004864587,-0.015464587,-0.001154759,-0.003154759,-0.013754759,-0.002083971,-0.004083971,-0.014683971,-0.000661695,-0.002661695,-0.013261695,0.000641861,-0.001358139,-0.011958139,0.001458452,-0.000541548,-0.011141548,0.001703143,-0.000296857,-0.010896857,0.002028963,2.90E-05,-0.010571037,0.002427222,0.000427222,-0.010172778
7/9/2024 6:00,0.013,0.005,0.0014,1.2291,582.2,456.55,393.0333333,396.475,526.32,579.4833333,566.8428571,528.35,516.8666667,527.14,513.8181818,504.6333333,0.010134382,0.007947187,0.006841549,0.006901459,0.009161677,0.010087093,0.00986706,0.009197013,0.008997122,0.00917595,0.008944057,0.008784176,0.002865618,-0.005134382,-0.008734382,0.005052813,-0.002947187,-0.006547187,0.006158451,-0.001841549,-0.005441549,0.006098541,-0.001901459,-0.005501459,0.003838323,-0.004161677,-0.007761677,0.002912907,-0.005087093,-0.008687093,0.00313294,-0.00486706,-0.00846706,0.003802987,-0.004197013,-0.007797013,0.004002878,-0.003997122,-0.007597122,0.00382405,-0.00417595,-0.00777595,0.004055943,-0.003944057,-0.007544057,0.004215824,-0.003784176,-0.007384176
7/11/2024 17:00,0.006,0.006,0.001,0.52959,362.4,464.75,592.4666667,731.95,734.36,828.45,784.2428571,728.2125,683.4666667,644.74,620.9181818,588.3166667,0.006272251,0.008043677,0.010254138,0.012668251,0.012709962,0.014338428,0.013573311,0.012603564,0.011829124,0.011158861,0.010746564,0.010182312,-0.000272251,-0.000272251,-0.005272251,-0.002043677,-0.002043677,-0.007043677,-0.004254138,-0.004254138,-0.009254138,-0.006668251,-0.006668251,-0.011668251,-0.006709962,-0.006709962,-0.011709962,-0.008338428,-0.008338428,-0.013338428,-0.007573311,-0.007573311,-0.012573311,-0.006603564,-0.006603564,-0.011603564,-0.005829124,-0.005829124,-0.010829124,-0.005158861,-0.005158861,-0.010158861,-0.004746564,-0.004746564,-0.009746564,-0.004182312,-0.004182312,-0.009182312
7/11/2024 19:00,0.01,0.003,0.0006,-0.36978,523.9,421.75,401.9666667,443.25,524.18,628.55,645.0428571,726.775,703.6888889,666.92,635.8818182,607.575,0.009134387,0.007353364,0.007008435,0.007728225,0.009139268,0.010958997,0.011246556,0.012671586,0.012269071,0.011627992,0.01108683,0.010593291,0.000865613,-0.006134387,-0.008534387,0.002646636,-0.004353364,-0.006753364,0.002991565,-0.004008435,-0.006408435,0.002271775,-0.004728225,-0.007128225,0.000860732,-0.006139268,-0.008539268,-0.000958997,-0.007958997,-0.010358997,-0.001246556,-0.008246556,-0.010646556,-0.002671586,-0.009671586,-0.012071586,-0.002269071,-0.009269071,-0.011669071,-0.001627992,-0.008627992,-0.011027992,-0.00108683,-0.00808683,-0.01048683,-0.000593291,-0.007593291,-0.009993291
7/13/2024 17:00,0.012,0.01,0.0005,1.12917,147.4,264.1,240.0666667,263.5,261.24,295.2,285.7714286,301.6875,381.2444444,370.44,350.4,339.7833333,0.002511659,0.004500199,0.004090676,0.004489975,0.004451465,0.005030135,0.004869474,0.00514068,0.006496311,0.006312206,0.005970729,0.005789824,0.009488341,0.007488341,-0.002011659,0.007499801,0.005499801,-0.004000199,0.007909324,0.005909324,-0.003590676,0.007510025,0.005510025,-0.003989975,0.007548535,0.005548535,-0.003951465,0.006969865,0.004969865,-0.004530135,0.007130526,0.005130526,-0.004369474,0.00685932,0.00485932,-0.00464068,0.005503689,0.003503689,-0.005996311,0.005687794,0.003687794,-0.005812206,0.006029271,0.004029271,-0.005470729,0.006210176,0.004210176,-0.005289824
7/14/2024 5:00,0.007,0.01,0.0005,0.62952,528.6,614.6,489.6666667,485.25,471.5,493.2833333,529.9571429,628.75,572.9666667,526.5,492.0090909,471.0916667,0.008776153,0.01020398,0.008129757,0.008056429,0.007828143,0.008189804,0.008798685,0.010438907,0.009512757,0.008741288,0.008168648,0.007821363,-0.001776153,0.001223847,-0.008276153,-0.00320398,-0.00020398,-0.00970398,-0.001129757,0.001870243,-0.007629757,-0.001056429,0.001943571,-0.007556429,-0.000828143,0.002171857,-0.007328143,-0.001189804,0.001810196,-0.007689804,-0.001798685,0.001201315,-0.008298685,-0.003438907,-0.000438907,-0.009938907,-0.002512757,0.000487243,-0.009012757,-0.001741288,0.001258712,-0.008241288,-0.001168648,0.001831352,-0.007668648,-0.000821363,0.002178637,-0.007321363
7/15/2024 1:00,0.012,0.007,0.0003,1.12917,639.7,655.8,594.3333333,605.5,769.4,729.5,644.1428571,582.325,547.7222222,516.2,494.9363636,518.8583333,0.010423133,0.010685463,0.009683939,0.009865886,0.012536437,0.011886315,0.010495524,0.009488277,0.008924467,0.008410851,0.008064386,0.008454165,0.001576867,-0.003423133,-0.010123133,0.001314537,-0.003685463,-0.010385463,0.002316061,-0.002683939,-0.009383939,0.002134114,-0.002865886,-0.009565886,-0.000536437,-0.005536437,-0.012236437,0.000113685,-0.004886315,-0.011586315,0.001504476,-0.003495524,-0.010195524,0.002511723,-0.002488277,-0.009188277,0.003075533,-0.001924467,-0.008624467,0.003589149,-0.001410851,-0.008110851,0.003935614,-0.001064386,-0.007764386,0.003545835,-0.001454165,-0.008154165
7/15/2024 19:00,0.013,0.013,0.0012,1.2291,627,632.2,640.3,672.025,632.42,609.5333333,595.7142857,565.9875,538.7444444,526.4,510.6727273,507.5,0.009903664,0.0099858,0.010113742,0.010614849,0.009989275,0.009627773,0.009409497,0.008939953,0.00850964,0.008314655,0.008066238,0.008016124,0.003096336,0.003096336,-0.008703664,0.0030142,0.0030142,-0.0087858,0.002886258,0.002886258,-0.008913742,0.002385151,0.002385151,-0.009414849,0.003010725,0.003010725,-0.008789275,0.003372227,0.003372227,-0.008427773,0.003590503,0.003590503,-0.008209497,0.004060047,0.004060047,-0.007739953,0.00449036,0.00449036,-0.00730964,0.004685345,0.004685345,-0.007114655,0.004933762,0.004933762,-0.006866238,0.004983876,0.004983876,-0.006816124
7/16/2024 21:00,0.013,0.008,0.0011,1.2291,371.4,471,515.6333333,514.175,520.06,601.3,683.5714286,704.0625,704.2444444,703.13,706.0090909,696.1916667,0.00576131,0.007306347,0.007998718,0.007976095,0.008067386,0.009327614,0.010603843,0.010921709,0.010924531,0.010907244,0.010951905,0.010799613,0.00723869,0.00223869,-0.00466131,0.005693653,0.000693653,-0.006206347,0.005001282,1.28E-06,-0.006898718,0.005023905,2.39E-05,-0.006876095,0.004932614,-6.74E-05,-0.006967386,0.003672386,-0.001327614,-0.008227614,0.002396157,-0.002603843,-0.009503843,0.002078291,-0.002921709,-0.009821709,0.002075469,-0.002924531,-0.009824531,0.002092756,-0.002907244,-0.009807244,0.002048095,-0.002951905,-0.009851905,0.002200387,-0.002799613,-0.009699613
7/18/2024 21:00,0.008,0.012,0.0002,0.72945,162.1,288.5,365.3666667,359.025,380.98,418.5333333,445.3857143,516.175,528.8555556,506.11,489.2545455,479.0583333,0.002540072,0.004520732,0.005725216,0.005625843,0.005969873,0.006558326,0.006979097,0.008088349,0.008287051,0.007930633,0.007666512,0.007506739,0.005459928,0.009459928,-0.002340072,0.003479268,0.007479268,-0.004320732,0.002274784,0.006274784,-0.005525216,0.002374157,0.006374157,-0.005425843,0.002030127,0.006030127,-0.005769873,0.001441674,0.005441674,-0.006358326,0.001020903,0.005020903,-0.006779097,-8.83E-05,0.003911651,-0.007888349,-0.000287051,0.003712949,-0.008087051,6.94E-05,0.004069367,-0.007730633,0.000333488,0.004333488,-0.007466512,0.000493261,0.004493261,-0.007306739
7/19/2024 4:00,0.013,0.011,0.0008,1.2291,247,402.4,370.7666667,421.275,433.04,385.1,389.4142857,361,366.9888889,382.2,378.3636364,385.9,0.003852693,0.006276614,0.005783199,0.006571025,0.006754535,0.00600677,0.006074064,0.005630859,0.005724273,0.005961535,0.005901696,0.006019248,0.009147307,0.007147307,-0.003052693,0.006723386,0.004723386,-0.005476614,0.007216801,0.005216801,-0.004983199,0.006428975,0.004428975,-0.005771025,0.006245465,0.004245465,-0.005954535,0.00699323,0.00499323,-0.00520677,0.006925936,0.004925936,-0.005274064,0.007369141,0.005369141,-0.004830859,0.007275727,0.005275727,-0.004924273,0.007038465,0.005038465,-0.005161535,0.007098304,0.005098304,-0.005101696,0.006980752,0.004980752,-0.005219248
7/19/2024 9:00,0.003,0.006,0.0005,0.2298,486.7,531.05,560.6666667,510.075,442.1,409.5833333,430.7571429,415.35,432.8444444,437.57,411.0090909,411.3666667,0.007643862,0.008340401,0.008805545,0.008010978,0.006943397,0.006432707,0.006765252,0.006523276,0.006798034,0.006872252,0.006455099,0.006460715,-0.004643862,-0.001643862,-0.007143862,-0.005340401,-0.002340401,-0.007840401,-0.005805545,-0.002805545,-0.008305545,-0.005010978,-0.002010978,-0.007510978,-0.003943397,-0.000943397,-0.006443397,-0.003432707,-0.000432707,-0.005932707,-0.003765252,-0.000765252,-0.006265252,-0.003523276,-0.000523276,-0.006023276,-0.003798034,-0.000798034,-0.006298034,-0.003872252,-0.000872252,-0.006372252,-0.003455099,-0.000455099,-0.005955099,-0.003460715,-0.000460715,-0.005960715
7/19/2024 18:00,0.013,0.011,0.0001,1.2291,387.7,491.2,565.4666667,566.1,633.28,742.7166667,693.7428571,639.5875,625.8444444,611.93,608.6090909,609.55,0.005808553,0.007359198,0.008471868,0.008481356,0.009487853,0.011127442,0.010393712,0.009582352,0.009376452,0.009167985,0.009118231,0.009132328,0.007191447,0.005191447,-0.005708553,0.005640802,0.003640802,-0.007259198,0.004528132,0.002528132,-0.008371868,0.004518644,0.002518644,-0.008381356,0.003512147,0.001512147,-0.009387853,0.001872558,-0.000127442,-0.011027442,0.002606288,0.000606288,-0.010293712,0.003417648,0.001417648,-0.009482352,0.003623548,0.001623548,-0.009276452,0.003832015,0.001832015,-0.009067985,0.003881769,0.001881769,-0.009018231,0.003867672,0.001867672,-0.009032328
7/20/2024 2:00,0.013,0.005,0.0005,1.2291,311.9,414.7,466.0666667,422.7,406.8,417.8,405.0571429,431.4875,426.6222222,443.43,468.0272727,476.3583333,0.004687765,0.006232819,0.007004845,0.006353057,0.006114084,0.006279411,0.00608789,0.00648513,0.006412007,0.006664623,0.007034312,0.007159526,0.008312235,0.000312235,-0.004187765,0.006767181,-0.001232819,-0.005732819,0.005995155,-0.002004845,-0.006504845,0.006646943,-0.001353057,-0.005853057,0.006885916,-0.001114084,-0.005614084,0.006720589,-0.001279411,-0.005779411,0.00691211,-0.00108789,-0.00558789,0.00651487,-0.00148513,-0.00598513,0.006587993,-0.001412007,-0.005912007,0.006335377,-0.001664623,-0.006164623,0.005965688,-0.002034312,-0.006534312,0.005840474,-0.002159526,-0.006659526
7/21/2024 14:00,0.013,0.005,0.0003,1.2291,735.9,549.8,417.9,348.65,333.54,323.3833333,308.4714286,299.525,320.2222222,310.01,302.9909091,297.225,0.010942621,0.008175367,0.006214052,0.005184325,0.004959644,0.004808617,0.004586881,0.00445385,0.004761612,0.004609759,0.004505387,0.00441965,0.002057379,-0.005942621,-0.010642621,0.004824633,-0.003175367,-0.007875367,0.006785948,-0.001214052,-0.005914052,0.007815675,-0.000184325,-0.004884325,0.008040356,4.04E-05,-0.004659644,0.008191383,0.000191383,-0.004508617,0.008413119,0.000413119,-0.004286881,0.00854615,0.00054615,-0.00415385,0.008238388,0.000238388,-0.004461612,0.008390241,0.000390241,-0.004309759,0.008494613,0.000494613,-0.004205387,0.00858035,0.00058035,-0.00411965
7/21/2024 23:00,0.013,0.012,0.001,1.2291,322.6,385.9,513.8666667,625.15,689.66,836.7166667,905.8714286,877.775,842.0444444,831.43,788.9090909,736.0083333,0.004734509,0.005663506,0.007541558,0.009174763,0.010121518,0.012279736,0.013294658,0.012882312,0.012357927,0.012202149,0.011578108,0.010801731,0.008265491,0.007265491,-0.003734509,0.007336494,0.006336494,-0.004663506,0.005458442,0.004458442,-0.006541558,0.003825237,0.002825237,-0.008174763,0.002878482,0.001878482,-0.009121518,0.000720264,-0.000279736,-0.011279736,-0.000294658,-0.001294658,-0.012294658,0.000117688,-0.000882312,-0.011882312,0.000642073,-0.000357927,-0.011357927,0.000797851,-0.000202149,-0.011202149,0.001421892,0.000421892,-0.010578108,0.002198269,0.001198269,-0.009801731
7/22/2024 21:00,0.012,0.004,0.0007,-0.46971,531,483.75,618.5666667,551.025,532.5,529.4333333,543.9285714,565.9,611.8444444,583.91,559.1363636,531.4916667,0.007829295,0.00713262,0.009120416,0.008124552,0.007851411,0.007806195,0.008019919,0.008343876,0.0090213,0.008609423,0.00824415,0.007836544,0.004170705,-0.003829295,-0.007129295,0.00486738,-0.00313262,-0.00643262,0.002879584,-0.005120416,-0.008420416,0.003875448,-0.004124552,-0.007424552,0.004148589,-0.003851411,-0.007151411,0.004193805,-0.003806195,-0.007106195,0.003980081,-0.004019919,-0.007319919,0.003656124,-0.004343876,-0.007643876,0.0029787,-0.0050213,-0.0083213,0.003390577,-0.004609423,-0.007909423,0.00375585,-0.00424415,-0.00754415,0.004163456,-0.003836544,-0.007136544
7/23/2024 0:00,0.004,0.005,0.0007,0.32973,314.7,363.95,366.3,407.475,413.28,492.4333333,471.8571429,470.175,475.0555556,490.64,511.4636364,550.4583333,0.004665118,0.005395201,0.005430037,0.006040416,0.00612647,0.00729984,0.006994818,0.006969882,0.007042231,0.007273256,0.007581945,0.008160004,-0.000665118,0.000334882,-0.003965118,-0.001395201,-0.000395201,-0.004695201,-0.001430037,-0.000430037,-0.004730037,-0.002040416,-0.001040416,-0.005340416,-0.00212647,-0.00112647,-0.00542647,-0.00329984,-0.00229984,-0.00659984,-0.002994818,-0.001994818,-0.006294818,-0.002969882,-0.001969882,-0.006269882,-0.003042231,-0.002042231,-0.006342231,-0.003273256,-0.002273256,-0.006573256,-0.003581945,-0.002581945,-0.006881945,-0.004160004,-0.003160004,-0.007460004
7/23/2024 5:00,0.003,0.012,0.0014,0.2298,647,616,506.3333333,498.175,458.1,434.2,431.2,423.675,435.6,435.69,476.8272727,466.125,0.009743991,0.009277122,0.007625513,0.007502647,0.006899107,0.006539166,0.006493986,0.006380657,0.006560251,0.006561606,0.007181144,0.007019965,-0.006743991,0.002256009,-0.008343991,-0.006277122,0.002722878,-0.007877122,-0.004625513,0.004374487,-0.006225513,-0.004502647,0.004497353,-0.006102647,-0.003899107,0.005100893,-0.005499107,-0.003539166,0.005460834,-0.005139166,-0.003493986,0.005506014,-0.005093986,-0.003380657,0.005619343,-0.004980657,-0.003560251,0.005439749,-0.005160251,-0.003561606,0.005438394,-0.005161606,-0.004181144,0.004818856,-0.005781144,-0.004019965,0.004980035,-0.005619965
7/25/2024 23:00,0.004,0.003,0.0003,-0.36978,195.9,365.05,512.4666667,608.65,610.1,643.8333333,598.1857143,591.425,579.4444444,658.81,656.3909091,642.6666667,0.002978426,0.00555015,0.007791444,0.009253797,0.009275843,0.009788718,0.0090947,0.008991912,0.008809762,0.01001642,0.009979641,0.00977098,0.001021574,2.16E-05,-0.002678426,-0.00155015,-0.00255015,-0.00525015,-0.003791444,-0.004791444,-0.007491444,-0.005253797,-0.006253797,-0.008953797,-0.005275843,-0.006275843,-0.008975843,-0.005788718,-0.006788718,-0.009488718,-0.0050947,-0.0060947,-0.0087947,-0.004991912,-0.005991912,-0.008691912,-0.004809762,-0.005809762,-0.008509762,-0.00601642,-0.00701642,-0.00971642,-0.005979641,-0.006979641,-0.009679641,-0.00577098,-0.00677098,-0.00947098
7/26/2024 17:00,0.013,0.008,0.0002,1.2291,299.6,318.55,375.4666667,560.775,611.8,563.9166667,515.7142857,483.0625,474.8777778,451.52,437.9636364,425.375,0.004449045,0.004730451,0.005575661,0.00832748,0.009085199,0.008374134,0.007658331,0.007173453,0.007051911,0.006705049,0.006503738,0.006316797,0.008550955,0.003550955,-0.004249045,0.008269549,0.003269549,-0.004530451,0.007424339,0.002424339,-0.005375661,0.00467252,-0.00032748,-0.00812748,0.003914801,-0.001085199,-0.008885199,0.004625866,-0.000374134,-0.008174134,0.005341669,0.000341669,-0.007458331,0.005826547,0.000826547,-0.006973453,0.005948089,0.000948089,-0.006851911,0.006294951,0.001294951,-0.006505049,0.006496262,0.001496262,-0.006303738,0.006683203,0.001683203,-0.006116797
7/27/2024 11:00,0.01,0.003,0.0014,-0.36978,219.7,207.15,231.5666667,244.875,250.8,242.0833333,227.1285714,214.4,225.6444444,245.55,246.8090909,239.1416667,0.00322213,0.003038072,0.003396168,0.003591348,0.003678245,0.003550405,0.003331078,0.0031444,0.003309312,0.003601248,0.003619714,0.003507263,0.00677787,-0.00022213,-0.00182213,0.006961928,-3.81E-05,-0.001638072,0.006603832,-0.000396168,-0.001996168,0.006408652,-0.000591348,-0.002191348,0.006321755,-0.000678245,-0.002278245,0.006449595,-0.000550405,-0.002150405,0.006668922,-0.000331078,-0.001931078,0.0068556,-0.0001444,-0.0017444,0.006690688,-0.000309312,-0.001909312,0.006398752,-0.000601248,-0.002201248,0.006380286,-0.000619714,-0.002219714,0.006492737,-0.000507263,-0.002107263
7/27/2024 13:00,0.013,0.003,0.0013,-0.36978,1002,644.55,502.9333333,425.85,396.76,378.1,363.3,342.7,319.8888889,300.43,301.8090909,312.05,0.014478534,0.009313512,0.007267203,0.006153377,0.005733037,0.005463407,0.005249552,0.00495189,0.004622278,0.004341104,0.004361031,0.004509009,-0.001478534,-0.011478534,-0.013178534,0.003686488,-0.006313512,-0.008013512,0.005732797,-0.004267203,-0.005967203,0.006846623,-0.003153377,-0.004853377,0.007266963,-0.002733037,-0.004433037,0.007536593,-0.002463407,-0.004163407,0.007750448,-0.002249552,-0.003949552,0.00804811,-0.00195189,-0.00365189,0.008377722,-0.001622278,-0.003322278,0.008658896,-0.001341104,-0.003041104,0.008638969,-0.001361031,-0.003061031,0.008490991,-0.001509009,-0.003209009
7/27/2024 15:00,0.013,0.009,0.0006,1.2291,510.1,565.5,711,605.025,527.96,472.4,444.9714286,424.95,408.2333333,387.26,364.5454545,344.6083333,0.007411874,0.008216849,0.010330999,0.008791157,0.007671384,0.006864084,0.006465541,0.006174624,0.005931727,0.00562698,0.005296932,0.005007241,0.005588126,0.001588126,-0.006811874,0.004783151,0.000783151,-0.007616849,0.002669001,-0.001330999,-0.009730999,0.004208843,0.000208843,-0.008191157,0.005328616,0.001328616,-0.007071384,0.006135916,0.002135916,-0.006264084,0.006534459,0.002534459,-0.005865541,0.006825376,0.002825376,-0.005574624,0.007068273,0.003068273,-0.005331727,0.00737302,0.00337302,-0.00502698,0.007703068,0.003703068,-0.004696932,0.007992759,0.003992759,-0.004407241
7/27/2024 17:00,0.013,0.013,0.0002,1.2291,337.8,342.1,398.1,453.8,563.44,517.3833333,474.8571429,439.825,422.1111111,408.38,396.2090909,379.7333333,0.004930343,0.004993104,0.005810449,0.006623415,0.008223661,0.007551443,0.006930754,0.006419444,0.006160902,0.00596049,0.00578285,0.005542379,0.008069657,0.008069657,-0.004730343,0.008006896,0.008006896,-0.004793104,0.007189551,0.007189551,-0.005610449,0.006376585,0.006376585,-0.006423415,0.004776339,0.004776339,-0.008023661,0.005448557,0.005448557,-0.007351443,0.006069246,0.006069246,-0.006730754,0.006580556,0.006580556,-0.006219444,0.006839098,0.006839098,-0.005960902,0.00703951,0.00703951,-0.00576049,0.00721715,0.00721715,-0.00558285,0.007457621,0.007457621,-0.005342379
7/28/2024 5:00,0.013,0.009,0.001,1.2291,435.3,569.4,450.3666667,386.1,382.2,457.7,514.5714286,489.3875,617.3444444,738.7,768.0545455,746.25,0.006458792,0.00844851,0.006682345,0.005728784,0.005670918,0.006791154,0.007634987,0.007261319,0.009159889,0.01096051,0.01139606,0.011072533,0.006541208,0.002541208,-0.005458792,0.00455149,0.00055149,-0.00744851,0.006317655,0.002317655,-0.005682345,0.007271216,0.003271216,-0.004728784,0.007329082,0.003329082,-0.004670918,0.006208846,0.002208846,-0.005791154,0.005365013,0.001365013,-0.006634987,0.005738681,0.001738681,-0.006261319,0.003840111,-0.000159889,-0.008159889,0.00203949,-0.00196051,-0.00996051,0.00160394,-0.00239606,-0.01039606,0.001927467,-0.002072533,-0.010072533
7/29/2024 0:00,0.008,0.003,0.0005,-0.36978,969.9,652.05,541.2333333,476.2,425,391.0166667,392.3,382.5,356.4888889,343.97,347.6363636,334.2833333,0.014120473,0.009492994,0.007879648,0.006932848,0.006187443,0.00569269,0.005711374,0.005568699,0.005190011,0.005007753,0.00506113,0.004866727,-0.006120473,-0.011120473,-0.013620473,-0.001492994,-0.006492994,-0.008992994,0.000120352,-0.004879648,-0.007379648,0.001067152,-0.003932848,-0.006432848,0.001812557,-0.003187443,-0.005687443,0.00230731,-0.00269269,-0.00519269,0.002288626,-0.002711374,-0.005211374,0.002431301,-0.002568699,-0.005068699,0.002809989,-0.002190011,-0.004690011,0.002992247,-0.002007753,-0.004507753,0.00293887,-0.00206113,-0.00456113,0.003133273,-0.001866727,-0.004366727
7/29/2024 20:00,0.004,0.007,0.0011,0.32973,247.7,291.5,408.3,499.775,669.02,662.2333333,746.3142857,781.725,758.9333333,712.18,680.7545455,640.7666667,0.00367789,0.004328239,0.006062505,0.007420741,0.009933718,0.009832948,0.011081396,0.01160718,0.011268766,0.010574565,0.010107954,0.009514208,0.00032211,0.00332211,-0.00257789,-0.000328239,0.002671761,-0.003228239,-0.002062505,0.000937495,-0.004962505,-0.003420741,-0.000420741,-0.006320741,-0.005933718,-0.002933718,-0.008833718,-0.005832948,-0.002832948,-0.008732948,-0.007081396,-0.004081396,-0.009981396,-0.00760718,-0.00460718,-0.01050718,-0.007268766,-0.004268766,-0.010168766,-0.006574565,-0.003574565,-0.009474565,-0.006107954,-0.003107954,-0.009007954,-0.005514208,-0.002514208,-0.008414208
7/30/2024 16:00,0.013,0.005,0.0007,1.2291,406.1,613.25,684.2666667,668.475,654.18,583.5333333,543.5428571,533.7125,504.7666667,477.64,462.9090909,465.1916667,0.006139059,0.009270569,0.010344136,0.010105412,0.009889313,0.008821339,0.008216798,0.008068192,0.007630614,0.007220538,0.006997849,0.007032355,0.006860941,-0.001139059,-0.005439059,0.003729431,-0.004270569,-0.008570569,0.002655864,-0.005344136,-0.009644136,0.002894588,-0.005105412,-0.009405412,0.003110687,-0.004889313,-0.009189313,0.004178661,-0.003821339,-0.008121339,0.004783202,-0.003216798,-0.007516798,0.004931808,-0.003068192,-0.007368192,0.005369386,-0.002630614,-0.006930614,0.005779462,-0.002220538,-0.006520538,0.006002151,-0.001997849,-0.006297849,0.005967645,-0.002032355,-0.006332355
7/31/2024 22:00,0.013,0.011,0.0005,1.2291,429.5,525.45,648.4666667,917.85,854.86,804.4833333,758.9571429,694.325,702.3444444,704.53,669.1818182,629.25,0.006613451,0.008090891,0.009985105,0.014133076,0.013163154,0.012387453,0.01168644,0.010691233,0.010814716,0.01084837,0.010304077,0.009689206,0.006386549,0.004386549,-0.006113451,0.004909109,0.002909109,-0.007590891,0.003014895,0.001014895,-0.009485105,-0.001133076,-0.003133076,-0.013633076,-0.000163154,-0.002163154,-0.012663154,0.000612547,-0.001387453,-0.011887453,0.00131356,-0.00068644,-0.01118644,0.002308767,0.000308767,-0.010191233,0.002185284,0.000185284,-0.010314716,0.00215163,0.00015163,-0.01034837,0.002695923,0.000695923,-0.009804077,0.003310794,0.001310794,-0.009189206
