TP_ATR_1_residual,TP_ATR_2_residual,TP_ATR_3_residual,TP_ATR_4_residual,TP_ATR_5_residual,TP_ATR_6_residual,TP_ATR_7_residual,TP_ATR_8_residual,TP_ATR_9_residual,TP_ATR_10_residual,TP_ATR_11_residual,TP_ATR_12_residual,TP_ATR_13_residual,TP_ATR_14_residual,TP_ATR_15_residual,TP_ATR_16_residual,TP_ATR_17_residual,TP_ATR_18_residual,TP_ATR_19_residual,TP_ATR_20_residual,TP_ATR_21_residual,TP_ATR_22_residual,TP_ATR_23_residual,TP_ATR_24_residual,TP_ATR_25_residual,TP_ATR_26_residual,TP_ATR_27_residual,TP_ATR_28_residual,TP_ATR_29_residual,TP_ATR_30_residual,TP_ATR_31_residual,TP_ATR_32_residual,TP_ATR_33_residual,TP_ATR_34_residual,TP_ATR_35_residual,TP_ATR_36_residual,TP_ATR_37_residual,TP_ATR_38_residual,TP_ATR_39_residual,TP_ATR_40_residual,TP_ATR_41_residual,TP_ATR_42_residual,TP_ATR_43_residual,TP_ATR_44_residual,TP_ATR_45_residual,TP_ATR_46_residual,TP_ATR_47_residual,TP_ATR_48_residual,TP_ATR_49_residual,TP_ATR_50_residual,TP_ATR_51_residual,TP_ATR_52_residual,TP_ATR_53_residual,TP_ATR_54_residual,TP_ATR_55_residual,TP_ATR_56_residual,TP_ATR_57_residual,TP_ATR_58_residual,TP_ATR_59_residual,TP_ATR_60_residual,SL_ATR_1_residual,SL_ATR_2_residual,SL_ATR_3_residual,SL_ATR_4_residual,SL_ATR_5_residual,SL_ATR_6_residual,SL_ATR_7_residual,SL_ATR_8_residual,SL_ATR_9_residual,SL_ATR_10_residual,SL_ATR_11_residual,SL_ATR_12_residual,SL_ATR_13_residual,SL_ATR_14_residual,SL_ATR_15_residual,SL_ATR_16_residual,SL_ATR_17_residual,SL_ATR_18_residual,SL_ATR_19_residual,SL_ATR_20_residual,SL_ATR_21_residual,SL_ATR_22_residual,SL_ATR_23_residual,SL_ATR_24_residual,SL_ATR_25_residual,SL_ATR_26_residual,SL_ATR_27_residual,SL_ATR_28_residual,SL_ATR_29_residual,SL_ATR_30_residual,SL_ATR_31_residual,SL_ATR_32_residual,SL_ATR_33_residual,SL_ATR_34_residual,SL_ATR_35_residual,SL_ATR_36_residual,SL_ATR_37_residual,SL_ATR_38_residual,SL_ATR_39_residual,SL_ATR_40_residual,SL_ATR_41_residual,SL_ATR_42_residual,SL_ATR_43_residual,SL_ATR_44_residual,SL_ATR_45_residual,SL_ATR_46_residual,SL_ATR_47_residual,SL_ATR_48_residual,SL_ATR_49_residual,SL_ATR_50_residual,SL_ATR_51_residual,SL_ATR_52_residual,SL_ATR_53_residual,SL_ATR_54_residual,SL_ATR_55_residual,SL_ATR_56_residual,SL_ATR_57_residual,SL_ATR_58_residual,SL_ATR_59_residual,SL_ATR_60_residual,PC_ATR_1_residual,PC_ATR_2_residual,PC_ATR_3_residual,PC_ATR_4_residual,PC_ATR_5_residual,PC_ATR_6_residual,PC_ATR_7_residual,PC_ATR_8_residual,PC_ATR_9_residual,PC_ATR_10_residual,PC_ATR_11_residual,PC_ATR_12_residual,PC_ATR_13_residual,PC_ATR_14_residual,PC_ATR_15_residual,PC_ATR_16_residual,PC_ATR_17_residual,PC_ATR_18_residual,PC_ATR_19_residual,PC_ATR_20_residual,PC_ATR_21_residual,PC_ATR_22_residual,PC_ATR_23_residual,PC_ATR_24_residual,PC_ATR_25_residual,PC_ATR_26_residual,PC_ATR_27_residual,PC_ATR_28_residual,PC_ATR_29_residual,PC_ATR_30_residual,PC_ATR_31_residual,PC_ATR_32_residual,PC_ATR_33_residual,PC_ATR_34_residual,PC_ATR_35_residual,PC_ATR_36_residual,PC_ATR_37_residual,PC_ATR_38_residual,PC_ATR_39_residual,PC_ATR_40_residual,PC_ATR_41_residual,PC_ATR_42_residual,PC_ATR_43_residual,PC_ATR_44_residual,PC_ATR_45_residual,PC_ATR_46_residual,PC_ATR_47_residual,PC_ATR_48_residual,PC_ATR_49_residual,PC_ATR_50_residual,PC_ATR_51_residual,PC_ATR_52_residual,PC_ATR_53_residual,PC_ATR_54_residual,PC_ATR_55_residual,PC_ATR_56_residual,PC_ATR_57_residual,PC_ATR_58_residual,PC_ATR_59_residual,PC_ATR_60_residual
0.010060806,0.009104025,0.009333702,0.009380094,0.00803804,0.007765093,0.009230489,0.010077792,0.009130897,0.009197569,0.009235111,0.009206505,0.009082438,0.009027104,0.009017022,0.010200984,0.010242154,0.010309426,0.010351963,0.010352143,0.010333836,0.01034955,0.010380962,0.009582737,0.009433651,0.009215103,0.010042166,0.009924683,0.008149941,0.008668937,0.008711526,0.008722317,0.008686124,0.008634653,0.008586526,0.009006017,0.009022768,0.009087844,0.009115036,0.009170568,0.008573555,0.008604409,0.008652834,0.008693454,0.008741558,0.008784814,0.008840171,0.008882359,0.008924646,0.008920432,0.008939178,0.00897861,0.009015093,0.009046092,0.009078697,0.009115463,0.00914068,0.009164178,0.009181704,0.009204752,0.002526049,0.004583607,0.006227351,0.005763991,0.005056304,0.00529122,0.005356153,0.005122779,0.005000353,0.004331322,0.004438302,0.005969776,0.006043682,0.006096924,0.006087244,0.006200984,0.006242154,0.004949632,0.004996858,0.005001242,0.005044203,0.005070102,0.005108788,0.00513425,0.006421551,0.008165691,0.005229212,0.005243542,0.003148529,0.003195108,0.003054457,0.006550005,0.00655324,0.005290504,0.005288317,0.002698253,0.002731078,0.002801459,0.005277252,0.005258257,0.005277952,0.005310492,0.005334022,0.00565324,0.005557761,0.006654413,0.006678589,0.006701284,0.006710805,0.006715975,0.006720138,0.006689521,0.006684683,0.006695997,0.006690346,0.006637187,0.006631005,0.006596162,0.006825058,0.00681741,-0.001739194,-0.001256876,-0.003591758,-0.001936009,-0.002643696,-0.00240878,-0.002343847,-0.002577221,-0.002699647,-0.002392822,-0.002306437,-0.003247455,-0.002281167,-0.00305229,-0.002981597,-0.002905034,-0.002034386,-0.002750368,-0.002703142,-0.002698758,-0.002081392,-0.002079218,-0.00206403,-0.002035508,-0.002014874,-0.001986754,-0.001955093,-0.002456458,-0.002423075,-0.002437959,-0.002392828,-0.00241758,-0.0023932,-0.002409496,-0.002411683,-0.002381263,-0.002392743,-0.002394579,-0.002422748,-0.002441743,-0.002422048,-0.003123377,-0.003129888,-0.0031248,-0.003112889,-0.003113946,-0.003152774,-0.003133896,-0.00318931,-0.003235252,-0.003251969,-0.00262139,-0.002584907,-0.002553908,-0.002521303,-0.002484537,-0.00231201,-0.002289599,-0.002286068,-0.002280303
0.009133686,0.008583607,0.008455756,0.00897497,0.009428919,0.00787886,0.007965779,0.009235215,0.010102302,0.00994464,0.009937609,0.009969776,0.010043682,0.010096924,0.010087244,0.009805927,0.009771899,0.00974803,0.009715205,0.00963997,0.009711488,0.009629308,0.009622024,0.009143766,0.009052563,0.010080617,0.009779576,0.009791409,0.008700588,0.00898899,0.00900341,0.009054492,0.009083946,0.009103329,0.008955906,0.008569392,0.008625017,0.008673405,0.008744941,0.008820006,0.009213676,0.009243517,0.009227123,0.009261266,0.009286394,0.009308596,0.009351789,0.009398747,0.009412419,0.009449397,0.009476196,0.009491781,0.009494663,0.009499738,0.009510039,0.00953717,0.009541068,0.009571577,0.009575306,0.009604686,0.002362454,0.005858726,0.004208242,0.006558062,0.00381374,0.005831166,0.003965779,0.006025867,0.006102302,0.004573744,0.004687476,0.00590782,0.00587745,0.005894033,0.005897331,0.006341362,0.006181206,0.005695242,0.005743772,0.005762648,0.004209018,0.00634955,0.006380962,0.006427343,0.005708323,0.007924996,0.004598786,0.004654315,0.003793437,0.003913241,0.003749812,0.006801715,0.006830001,0.005520858,0.005516891,0.002972539,0.0030616,0.003139489,0.005278155,0.005266655,0.005212576,0.005763412,0.00572645,0.00639322,0.006410807,0.005583245,0.005573796,0.006392775,0.006425097,0.006443884,0.006472999,0.006474544,0.006481228,0.00651101,0.006517936,0.006893681,0.006872448,0.006844686,0.006587753,0.006579244,-0.002431881,-0.001495975,-0.002807311,-0.002182475,-0.002127465,-0.002183838,-0.002687946,-0.002622208,-0.00247842,-0.001402431,-0.001364889,-0.003805682,-0.001517562,-0.003088643,-0.002948123,-0.002825311,-0.001714602,-0.002607309,-0.002313365,-0.002343741,-0.001899267,-0.00197365,-0.00199147,-0.002058759,-0.002300361,-0.001142725,-0.001134323,-0.002474844,-0.002450059,-0.002524881,-0.002516273,-0.002547915,-0.002742535,-0.002261129,-0.002247272,-0.002264911,-0.001810199,-0.001798128,-0.001780566,-0.001771123,-0.001774904,-0.002995591,-0.002947166,-0.002906546,-0.002858442,-0.002815186,-0.002759829,-0.002717641,-0.002675354,-0.002679568,-0.002660822,-0.003187684,-0.003152304,-0.003144416,-0.003113304,-0.003128575,-0.00245932,-0.002297013,-0.002293767,-0.002282944
0.010287116,0.009223464,0.009404032,0.009020628,0.009605815,0.009445879,0.009678013,0.010025867,0.009779143,0.009788646,0.009692255,0.008855644,0.00889316,0.009742619,0.009761699,0.010107007,0.010181206,0.009760456,0.009664311,0.009442166,0.00912931,0.009169068,0.01010534,0.010120073,0.01009678,0.00997001,0.009972697,0.009970353,0.008960567,0.008182812,0.008219485,0.008288264,0.008391192,0.008463909,0.008526759,0.009496232,0.009486142,0.0094722,0.009475966,0.009429118,0.008866677,0.008936415,0.008987339,0.009024616,0.009045678,0.009097607,0.009145789,0.009183884,0.009213592,0.009256804,0.009269985,0.009305819,0.009350299,0.009395985,0.009429281,0.009473302,0.009503102,0.009545703,0.009377347,0.009378467,0.003062237,0.005158923,0.006331871,0.006228929,0.003248456,0.005956367,0.003749805,0.005800199,0.00576673,0.003976199,0.004276565,0.006470455,0.006471564,0.006463241,0.006344138,0.006702078,0.006494288,0.004934105,0.005194434,0.00531555,0.00512931,0.005741124,0.00572256,0.005738785,0.006157932,0.008080617,0.004659947,0.004500473,0.002823549,0.002846869,0.004105657,0.006023047,0.006030369,0.004634653,0.005128323,0.002576126,0.002627849,0.002657364,0.005147588,0.005162983,0.005184388,0.005597109,0.005480507,0.006318317,0.006154032,0.006374482,0.006359402,0.006204218,0.006245796,0.006267439,0.006296796,0.006296552,0.006311133,0.006332978,0.006339298,0.006522565,0.006519883,0.00652257,0.006734202,0.006731284,-0.002863972,-0.001273003,-0.002001149,-0.002733323,-0.00286196,-0.004034907,-0.002971021,-0.003085572,-0.001469103,-0.00165536,-0.001662391,-0.003429291,-0.001556318,-0.003527105,-0.003332047,-0.003174985,-0.001357846,-0.002978411,-0.002579731,-0.002550346,-0.001266164,-0.00125045,-0.001219038,-0.001172657,-0.001178449,-0.002253812,-0.00230241,-0.002337154,-0.002283267,-0.002281127,-0.002294657,-0.002269154,-0.002276171,-0.00234388,-0.002372631,-0.002449431,-0.002392098,-0.002377382,-0.00235917,-0.002367478,-0.002360367,-0.002956483,-0.002972877,-0.002938734,-0.002913606,-0.002891404,-0.002848211,-0.002801253,-0.003304859,-0.003267241,-0.003224407,-0.002708219,-0.002705337,-0.002700262,-0.002689961,-0.00266283,-0.003075942,-0.002435822,-0.002418296,-0.002395248
0.010397839,0.008564666,0.009775551,0.009963103,0.009219951,0.007585095,0.008593963,0.009566628,0.010111473,0.010191397,0.010080108,0.009755255,0.00968906,0.010157958,0.010121032,0.009893313,0.010149246,0.010194727,0.010201713,0.010311191,0.010167942,0.010126681,0.010179908,0.010145068,0.010066755,0.009986419,0.010050074,0.010044937,0.008187629,0.008663136,0.008527155,0.008386009,0.008341603,0.009077355,0.009492164,0.008987987,0.00944672,0.009467836,0.009379768,0.00941423,0.009373001,0.008545962,0.008619058,0.008693716,0.008765639,0.008832826,0.008894716,0.008949898,0.009003802,0.009052446,0.009093704,0.009142192,0.009179524,0.009226307,0.009264313,0.009298104,0.009341727,0.009367419,0.008734202,0.008731284,0.00415175,0.004564666,0.004200407,0.005963103,0.003146078,0.006320121,0.004319917,0.005031033,0.004947906,0.003803437,0.004924414,0.005775638,0.005861749,0.005891839,0.005904164,0.006433496,0.00646876,0.005760456,0.005664311,0.005442166,0.003978462,0.005690747,0.005868462,0.005984838,0.005978406,0.008070467,0.004427556,0.004405412,0.003121472,0.003038873,0.003044894,0.006088611,0.006042167,0.005137938,0.006047229,0.002832978,0.002795392,0.002861537,0.005785983,0.00579434,0.005765556,0.005244279,0.00637882,0.005929468,0.00593695,0.006171849,0.006173056,0.005906299,0.005886774,0.005891619,0.005871342,0.005856403,0.005845984,0.005802754,0.006032426,0.006343306,0.006353893,0.006352954,0.006530452,0.006513171,-0.001849281,-0.001654654,-0.003399593,-0.00191058,-0.001994185,-0.00302114,-0.002182287,-0.001740313,-0.001497698,-0.001586229,-0.001898155,-0.003289612,-0.001914499,-0.002712763,-0.002820917,-0.002778458,-0.002068194,-0.003077846,-0.002879924,-0.002803584,-0.00226501,-0.002250841,-0.00223188,-0.00223655,-0.002269467,-0.002231435,-0.002187314,-0.002358713,-0.00229317,-0.002405174,-0.002369242,-0.002337553,-0.002330126,-0.002122765,-0.002107668,-0.00208326,-0.002408999,-0.002384811,-0.002397975,-0.002377326,-0.0023804,-0.002978362,-0.002968866,-0.002948576,-0.002962451,-0.002912322,-0.00289177,-0.002844267,-0.002787581,-0.002750603,-0.002723804,-0.002741229,-0.002734468,-0.002707862,-0.00268567,-0.002720938,-0.002658932,-0.003058547,-0.00303218,-0.0030029
0.010279546,0.008563739,0.008526638,0.008852762,0.00915399,0.009607438,0.008749805,0.010099223,0.0101004,0.010145913,0.009756605,0.010071731,0.010156439,0.009891839,0.009904164,0.009079576,0.009819957,0.009863512,0.009880524,0.010162385,0.010166844,0.010197706,0.009925805,0.009928463,0.009978406,0.010007654,0.009129527,0.009229646,0.0086831,0.008434475,0.009146544,0.009113517,0.009084001,0.009036967,0.009086752,0.00899865,0.009026513,0.009057655,0.009051152,0.009484093,0.009438077,0.009269479,0.009207386,0.009211577,0.00920197,0.009165213,0.009181539,0.009208899,0.009221079,0.009197217,0.009128735,0.009103424,0.009032479,0.009021055,0.00892269,0.008893681,0.008872448,0.008844686,0.009442211,0.009429781,0.003279546,0.004627599,0.005775551,0.006852762,0.003771592,0.006258457,0.00436357,0.004977347,0.006553277,0.004242657,0.005481466,0.005724175,0.005694696,0.006733863,0.006704701,0.007379707,0.00744458,0.005137342,0.005154079,0.00512306,0.00444509,0.005169068,0.005123406,0.005143766,0.006294246,0.007632185,0.005083462,0.005118237,0.003693491,0.003558608,0.003625915,0.006222463,0.006254691,0.004796157,0.004765571,0.002851322,0.002840314,0.002842083,0.005959078,0.005783244,0.005665102,0.006347245,0.006372785,0.00603365,0.005673869,0.005931712,0.005932033,0.005641042,0.005693892,0.005764277,0.005834881,0.005870061,0.005911415,0.005978556,0.00598106,0.006072339,0.006117853,0.006155101,0.006365324,0.006377218,-0.00324825,-0.002439941,-0.001795968,-0.00322503,-0.001887626,-0.00224553,-0.003634221,-0.002251093,-0.001489417,-0.001911748,-0.00181898,-0.002744356,-0.001793161,-0.002457381,-0.002438301,-0.002394073,-0.001758652,-0.00245197,-0.003180851,-0.00256003,-0.001694778,-0.001058876,-0.00107744,-0.002273735,-0.002249685,-0.001197632,-0.00118933,-0.002945685,-0.002307803,-0.002267704,-0.002225356,-0.002176359,-0.002148005,-0.002965347,-0.002771677,-0.00283433,-0.002062893,-0.002075774,-0.002058085,-0.002041515,-0.001696183,-0.003530521,-0.002757504,-0.002731923,-0.002765976,-0.002763317,-0.0028012,-0.00284101,-0.002822022,-0.002796076,-0.002772615,-0.002981749,-0.003220476,-0.003173693,-0.003135687,-0.003101896,-0.002702315,-0.002628423,-0.002592396,-0.002562842
0.009847686,0.009422004,0.00943328,0.009352722,0.009959256,0.009152208,0.008319917,0.008737462,0.009685217,0.009665452,0.009217851,0.009775638,0.009861749,0.009184058,0.009133941,0.009702078,0.009099037,0.009173444,0.010363131,0.009892855,0.009918857,0.009948122,0.010008123,0.010014451,0.010028129,0.009126151,0.009314795,0.010204367,0.008515504,0.009154016,0.009093202,0.009088611,0.009042167,0.009295056,0.009003731,0.009258557,0.008991,0.008989611,0.008959078,0.009055669,0.009449879,0.009452396,0.009468567,0.009486464,0.00950674,0.009525683,0.009509999,0.009534996,0.009530905,0.009530479,0.00952876,0.009515676,0.009505217,0.009492499,0.009479867,0.009471512,0.009461025,0.009438904,0.009573858,0.009592898,0.004076691,0.00540797,0.00443328,0.004618035,0.003929751,0.005038357,0.004824442,0.005550317,0.005067578,0.00482346,0.004878124,0.006991609,0.006873839,0.00633349,0.006314109,0.007276326,0.007333922,0.005863512,0.005880524,0.005892855,0.005070173,0.005097051,0.0050706,0.005928463,0.006149864,0.007502391,0.005050074,0.005044937,0.00280016,0.002820976,0.004253146,0.006711933,0.006692236,0.005380993,0.006003731,0.003435247,0.003470418,0.003491183,0.00523028,0.005250877,0.005232767,0.006468655,0.005931799,0.006123814,0.006172577,0.005636378,0.005551551,0.005687811,0.005741272,0.005803679,0.005698248,0.005735021,0.00580175,0.005905842,0.006204499,0.006006107,0.006038059,0.006111546,0.006162596,0.006196271,-0.001920454,-0.001976536,-0.002624449,-0.002179372,-0.002980049,-0.004014905,-0.002521987,-0.002633372,-0.001800592,-0.002711414,-0.002507745,-0.002502248,-0.001928436,-0.002348372,-0.002419292,-0.002462521,-0.002218794,-0.00235724,-0.002484795,-0.002535973,-0.001246022,-0.001676691,-0.001685006,-0.001061215,-0.001091677,-0.001675004,-0.001689833,-0.003205113,-0.002899412,-0.002931063,-0.002888474,-0.002877683,-0.002913876,-0.003045599,-0.002363649,-0.002333494,-0.002823222,-0.002797859,-0.001790012,-0.001809513,-0.001997017,-0.002727551,-0.003430454,-0.003424275,-0.002760494,-0.002818922,-0.002995429,-0.003002591,-0.002860289,-0.0029422,-0.002956416,-0.003131369,-0.003030893,-0.003021309,-0.002980755,-0.002953708,-0.003058273,-0.002681926,-0.00265635,-0.002645806
0.009920322,0.009598107,0.008584167,0.010237603,0.009262907,0.009666064,0.009433857,0.01005906,0.009074226,0.009245112,0.010097123,0.009271277,0.009345558,0.009733863,0.009704701,0.009684746,0.009494288,0.009496676,0.009230619,0.010152939,0.010038317,0.010043347,0.009217284,0.009152735,0.009071088,0.00929324,0.010189741,0.009718123,0.009159425,0.009142622,0.009076996,0.008988083,0.009340288,0.008932369,0.009264866,0.008972074,0.009277242,0.009564694,0.009543503,0.008783244,0.00905956,0.009394334,0.009369546,0.009375725,0.009557761,0.009302992,0.009309019,0.0093387,0.009536826,0.009551246,0.009482844,0.00950749,0.009524328,0.009534048,0.009545373,0.009558218,0.009573105,0.009587124,0.009553125,0.009540952,0.003497695,0.004563739,0.004584167,0.005052573,0.00449801,0.005343909,0.005433857,0.005825039,0.005685217,0.004742739,0.004266638,0.006532613,0.00638193,0.007286975,0.006506459,0.006506132,0.006458593,0.005461089,0.005363131,0.005152939,0.005038317,0.005948122,0.005925805,0.006268941,0.006669844,0.008403804,0.005174029,0.005183269,0.003360748,0.003339239,0.003330015,0.005904789,0.00727167,0.005947308,0.005369377,0.003258557,0.003277242,0.003286892,0.00628965,0.006312598,0.006328408,0.005929903,0.005378443,0.005648054,0.005682667,0.006218819,0.005624423,0.006186176,0.006209557,0.006222955,0.006233022,0.006258651,0.006242697,0.006241466,0.005855237,0.006166845,0.006188229,0.006207469,0.006183871,0.00624828,-0.002707715,-0.002105075,-0.00203764,-0.002436897,-0.00204601,-0.002592562,-0.002606037,-0.002848303,-0.002474035,-0.002411354,-0.00196299,-0.002488509,-0.001497798,-0.002409101,-0.002315889,-0.002216254,-0.001404043,-0.002639544,-0.002503154,-0.002957834,-0.002019462,-0.001254997,-0.001246897,-0.001682527,-0.001682485,-0.001230402,-0.001186511,-0.002444671,-0.003239433,-0.00321101,-0.00319659,-0.003145508,-0.003116054,-0.002762062,-0.002505009,-0.002480044,-0.002334386,-0.002283517,-0.002752412,-0.002211844,-0.001812487,-0.003405666,-0.002687106,-0.002730173,-0.002681516,-0.002617128,-0.00255274,-0.002499085,-0.002991824,-0.003009763,-0.003089445,-0.003096156,-0.003130234,-0.002395753,-0.002403496,-0.002371397,-0.002926986,-0.003032581,-0.003022653,-0.002838068
0.009150871,0.009464948,0.008926698,0.009175802,0.008771592,0.008792911,0.009169818,0.009550317,0.010089089,0.01015149,0.009566348,0.009991609,0.009873839,0.009493024,0.009644566,0.009433496,0.009766334,0.009862238,0.009320291,0.009277404,0.00911009,0.009179338,0.009334972,0.009268941,0.009294246,0.010171416,0.009691849,0.009736605,0.009116033,0.009197428,0.009195154,0.009190944,0.008945125,0.009081858,0.008966429,0.009084227,0.008908312,0.009286892,0.00920818,0.009494067,0.008665102,0.009028062,0.009036857,0.008991732,0.009327492,0.008965377,0.009004538,0.009025973,0.009361766,0.009402755,0.009419853,0.009435529,0.009441954,0.00946988,0.009488406,0.009509777,0.009519017,0.00955457,0.009181946,0.009183989,0.003561974,0.004613237,0.004646726,0.005175802,0.005134845,0.005919466,0.005188887,0.005193152,0.005695733,0.003840902,0.004950841,0.006496173,0.006518867,0.006515508,0.006328026,0.006469589,0.006725956,0.005317302,0.005206248,0.004884528,0.004940595,0.005043347,0.005008123,0.006091207,0.006169272,0.00784033,0.004258372,0.004283319,0.003812019,0.003716284,0.003670153,0.006043384,0.005932422,0.005214232,0.005966101,0.002260024,0.002369455,0.00241849,0.005964924,0.005925385,0.005940529,0.005329064,0.006067087,0.006304813,0.006307643,0.005738982,0.006161669,0.005793705,0.005818056,0.005816323,0.005808043,0.005803844,0.005818841,0.005842326,0.006853882,0.005845984,0.005820057,0.006768684,0.00618871,0.00621661,-0.002552314,-0.001677694,-0.00236672,-0.00206867,-0.002440744,-0.002141543,-0.001907218,-0.001840579,-0.002420857,-0.002666176,-0.001535412,-0.003687299,-0.002105837,-0.00348332,-0.002795144,-0.002847427,-0.002185042,-0.003410238,-0.002735689,-0.003198985,-0.00208991,-0.001967923,-0.001917199,-0.001267299,-0.001255416,-0.001813368,-0.0017774,-0.003222703,-0.0025169,-0.002536864,-0.002672845,-0.002813991,-0.002858397,-0.002405798,-0.002113248,-0.002212013,-0.002450604,-0.002467308,-0.002245994,-0.002462279,-0.002171727,-0.002655721,-0.002780469,-0.002719772,-0.003327423,-0.003281181,-0.003338331,-0.003313824,-0.002455618,-0.003277045,-0.003266978,-0.003142014,-0.003081159,-0.003115763,-0.003083953,-0.003053625,-0.002324645,-0.002886644,-0.00287349,-0.002275686
0.010297144,0.009316019,0.010015558,0.01002666,0.009915995,0.00810223,0.008011836,0.009063093,0.009805916,0.008742739,0.009000126,0.009110822,0.009351718,0.00933349,0.009314109,0.009379707,0.00946876,0.009516812,0.009905458,0.00935239,0.009327077,0.009261659,0.010048158,0.010091207,0.010149864,0.009687494,0.009704405,0.009786879,0.009209376,0.009278317,0.009297613,0.009279446,0.009064763,0.009281605,0.009121349,0.009245908,0.008909576,0.008875804,0.008814014,0.009044147,0.009496561,0.008597109,0.009372785,0.009318317,0.00900505,0.009171849,0.009173056,0.009204218,0.00905289,0.009078107,0.009106,0.009129945,0.009157218,0.009179366,0.009202974,0.009201302,0.009194223,0.009199132,0.009365324,0.009377218,0.002567469,0.004099254,0.004845653,0.005905859,0.003413225,0.006927185,0.005361577,0.005189173,0.005370814,0.004286122,0.005131533,0.005673877,0.00577761,0.006069654,0.006097385,0.006105104,0.006157172,0.005862238,0.005905458,0.005938522,0.003971757,0.006261659,0.006334972,0.006632687,0.006228523,0.007083656,0.004762007,0.004650632,0.002932361,0.004223294,0.004201058,0.006906475,0.005971087,0.004875127,0.005079317,0.002739919,0.002738651,0.00284745,0.005184902,0.005276628,0.005345308,0.006097751,0.006086344,0.006308041,0.006315514,0.006333353,0.005784706,0.006276278,0.006226849,0.006194169,0.00611292,0.006825528,0.006829855,0.006854918,0.00598344,0.00682857,0.006739594,0.006306497,0.006774515,0.00678916,-0.001585205,-0.001641077,-0.003056532,-0.002447278,-0.001959966,-0.003233936,-0.002967655,-0.001761475,-0.002824315,-0.001994708,-0.002533455,-0.002936079,-0.002105304,-0.002793779,-0.002702587,-0.002691791,-0.002153442,-0.002762658,-0.003310869,-0.002488809,-0.001158137,-0.002020662,-0.001982716,-0.001893092,-0.001863588,-0.002073849,-0.002070473,-0.002875317,-0.003152452,-0.003138611,-0.003077939,-0.003074931,-0.003074827,-0.003003843,-0.002530623,-0.002553083,-0.002173487,-0.002142345,-0.002475431,-0.002144331,-0.001751552,-0.00341899,-0.003413656,-0.003376186,-0.003217333,-0.003161018,-0.003115294,-0.003106295,-0.003290443,-0.003083677,-0.003091957,-0.002962957,-0.003208248,-0.003057674,-0.003044763,-0.003054016,-0.002355035,-0.002304252,-0.002289018,-0.002392597
0.010381192,0.008741522,0.010225591,0.010149466,0.009213397,0.009343909,0.009361577,0.009189173,0.009722482,0.009790317,0.009878626,0.009532613,0.00938193,0.009408729,0.009426945,0.010044202,0.00944458,0.010346555,0.009536015,0.009938522,0.009986655,0.010001023,0.009632021,0.009632687,0.009669844,0.009632185,0.009815192,0.009306117,0.009221914,0.009278632,0.009123162,0.009032193,0.009291222,0.008927353,0.009301683,0.008747329,0.009229668,0.008950756,0.008954868,0.008663158,0.009029439,0.009468655,0.008805865,0.008752115,0.009154032,0.008778461,0.008778564,0.008750197,0.009245796,0.009267439,0.009296796,0.009296552,0.009311133,0.009332978,0.009339298,0.009343306,0.009353893,0.009352954,0.008630294,0.008664335,0.002297144,0.005712841,0.004926698,0.005059886,0.004328535,0.005197764,0.004468678,0.005211054,0.006512336,0.005129045,0.005146853,0.006496157,0.005791944,0.005969312,0.007236562,0.007337029,0.007298506,0.005661415,0.005773854,0.005905061,0.004182317,0.004945046,0.004999348,0.006183032,0.006054711,0.007227459,0.004276064,0.004306117,0.002700912,0.003143744,0.003344043,0.007114896,0.006629412,0.005544611,0.004791234,0.002648159,0.002682061,0.00269451,0.006282073,0.006343692,0.006068741,0.006060206,0.00561588,0.006098055,0.006108401,0.006351492,0.006342134,0.006341391,0.006356509,0.006356672,0.006316786,0.006057986,0.005991752,0.006016635,0.006221793,0.005918383,0.005856604,0.005966298,0.006320625,0.006291842,-0.001879678,-0.001951047,-0.001774784,-0.002943643,-0.003637093,-0.003007089,-0.003050195,-0.002800777,-0.001846723,-0.001578238,-0.001931905,-0.002800038,-0.001854442,-0.002766864,-0.002795299,-0.002797922,-0.002235528,-0.002844973,-0.002297486,-0.00277694,-0.001913345,-0.001307798,-0.00131784,-0.002047265,-0.002128912,-0.001353466,-0.001380061,-0.002781763,-0.002983378,-0.002948807,-0.002997202,-0.003069041,-0.00308686,-0.002531196,-0.002150677,-0.002164753,-0.002645079,-0.002648679,-0.002148848,-0.001830058,-0.002425634,-0.002820237,-0.00328412,-0.003251946,-0.003325295,-0.003292501,-0.003290009,-0.003304109,-0.003081944,-0.003005831,-0.00308708,-0.002769759,-0.002942668,-0.003183365,-0.002978207,-0.002949804,-0.00301782,-0.002384469,-0.002386499,-0.002949446
0.00948018,0.008638291,0.009638433,0.009812076,0.008228237,0.009666534,0.009855136,0.009825175,0.009837077,0.008929048,0.010255296,0.009195841,0.0093334,0.010068054,0.010127745,0.010276326,0.010051366,0.00951189,0.01038506,0.009505799,0.009564192,0.009595513,0.009633408,0.009638084,0.009667696,0.00985951,0.009276064,0.009243061,0.009205197,0.009101904,0.008578038,0.008537173,0.008967045,0.008564874,0.008817621,0.008603109,0.008661768,0.009274183,0.009208747,0.008938919,0.008548323,0.00898101,0.008755983,0.008740789,0.008747461,0.009007499,0.009009991,0.008995891,0.008647637,0.00868304,0.0086912,0.008709475,0.00868596,0.008705283,0.008530463,0.008559737,0.008541486,0.008585023,0.008626003,0.008654547,0.003842282,0.005186838,0.005714613,0.005812076,0.004538242,0.005862769,0.004416739,0.005455682,0.005123478,0.005220569,0.005550149,0.006913764,0.006273987,0.007246892,0.006231584,0.006800819,0.006706697,0.005221192,0.005281155,0.004769714,0.004774417,0.006001023,0.006048158,0.006166976,0.00551156,0.007529446,0.005004161,0.004959181,0.004050741,0.004197428,0.004076996,0.006223778,0.007142701,0.0053297,0.005538637,0.002084227,0.003462733,0.003477274,0.006115944,0.006060327,0.006044315,0.00557139,0.006259473,0.005740445,0.005768908,0.00610237,0.006345132,0.006018497,0.006033848,0.006030048,0.006019284,0.006237043,0.006257332,0.006188756,0.005974743,0.006250196,0.006271779,0.006260339,0.005982716,0.006006108,-0.002253209,-0.00249203,-0.003054347,-0.001868499,-0.003028408,-0.002479819,-0.002719022,-0.003062538,-0.001631116,-0.002708603,-0.002130056,-0.002508391,-0.001050248,-0.002766137,-0.002485514,-0.00256727,-0.002100963,-0.002338911,-0.002745921,-0.003308538,-0.001535808,-0.001898977,-0.001851842,-0.001358219,-0.001365749,-0.001728584,-0.001710259,-0.002780095,-0.002738112,-0.002717431,-0.002756935,-0.002776126,-0.002739803,-0.002122645,-0.001912333,-0.00195963,-0.002129582,-0.002108817,-0.001766808,-0.002649123,-0.00214044,-0.003439794,-0.003151153,-0.003181738,-0.002892357,-0.002866647,-0.002857866,-0.002923722,-0.002973151,-0.002843328,-0.002883214,-0.002814877,-0.002765689,-0.003011244,-0.00271009,-0.00270438,-0.002337124,-0.002995604,-0.002982996,-0.002269985
0.010109597,0.009142887,0.010027277,0.009866833,0.009778633,0.008178936,0.009874265,0.009862099,0.010162763,0.009840902,0.009587453,0.009980977,0.009972996,0.010286975,0.009834477,0.009886121,0.010333922,0.00994629,0.009542569,0.009541147,0.009536095,0.009597792,0.009828513,0.009738355,0.009789117,0.009351205,0.009315992,0.009235862,0.009053633,0.008561028,0.008815874,0.008650452,0.008553918,0.008848305,0.008600039,0.00887899,0.008529008,0.008706133,0.00866796,0.009205381,0.008817594,0.008738871,0.009148847,0.009118262,0.008974705,0.008700189,0.008722638,0.008747232,0.008893853,0.008826721,0.008839666,0.008825528,0.008829855,0.008854918,0.008647535,0.008655068,0.00853949,0.008578832,0.008555696,0.00878916,0.003406355,0.005639648,0.00471875,0.006866833,0.005127526,0.006848797,0.005230884,0.005780907,0.005396401,0.004943202,0.005227826,0.006770988,0.006925009,0.006268726,0.006840736,0.006763175,0.006642705,0.006133784,0.006095123,0.005311834,0.004792217,0.006262394,0.006233594,0.00514188,0.006231716,0.006913238,0.004667234,0.005553326,0.004135411,0.004264945,0.004190579,0.007047539,0.006254279,0.004658684,0.005285088,0.003416025,0.002245686,0.00236552,0.005397017,0.005471693,0.005530967,0.006262463,0.006266719,0.005561378,0.005653561,0.005815976,0.006012823,0.005922738,0.005976807,0.006034437,0.00606411,0.005985123,0.005934494,0.005964711,0.006118894,0.005978781,0.005989918,0.006184387,0.006302844,0.006319992,-0.003249129,-0.002136261,-0.001773302,-0.002847427,-0.002675827,-0.00429777,-0.003075558,-0.002718176,-0.002788527,-0.001962293,-0.001982149,-0.002789178,-0.002292036,-0.002310378,-0.002255434,-0.002215254,-0.002133666,-0.003003324,-0.002934964,-0.002647061,-0.002156748,-0.001504487,-0.001467979,-0.001808793,-0.001750136,-0.001412506,-0.001408151,-0.002755063,-0.002692515,-0.002653498,-0.002578769,-0.002530141,-0.002456776,-0.002519007,-0.002109717,-0.002113891,-0.001932472,-0.00190187,-0.00266972,-0.002080948,-0.001919589,-0.00332861,-0.003377638,-0.002895187,-0.002884486,-0.002848508,-0.002854868,-0.002858609,-0.002843491,-0.002773503,-0.002762338,-0.002886302,-0.002865506,-0.002745751,-0.002825257,-0.002821219,-0.003079943,-0.002337857,-0.002336144,-0.002385146
0.010406355,0.008756403,0.010209973,0.010356257,0.009607835,0.007491457,0.008556239,0.010127249,0.009748907,0.009847714,0.010131533,0.009474601,0.009147866,0.008925888,0.00938813,0.009417564,0.009753818,0.010242635,0.009950707,0.009968738,0.009971757,0.009819171,0.009714765,0.009654982,0.009480915,0.009290692,0.009142754,0.010357595,0.008519532,0.008798633,0.008241094,0.00884757,0.008342443,0.008803882,0.008898326,0.008738727,0.00887784,0.008952462,0.008946072,0.00858564,0.009104145,0.009117324,0.008607,0.008640401,0.008665244,0.00912001,0.009142089,0.009178947,0.008790001,0.008835645,0.008824514,0.008834959,0.008862115,0.008840274,0.008853882,0.00882857,0.008621452,0.00863105,0.008774515,0.008936907,0.003391514,0.004316019,0.006225591,0.006508091,0.003964569,0.006449316,0.005492703,0.005563744,0.005371626,0.004991038,0.004940451,0.005887449,0.006747473,0.006811282,0.006814741,0.00631235,0.006179431,0.005297862,0.005342652,0.006070098,0.005174064,0.006082778,0.006090198,0.006124723,0.006610948,0.008344077,0.004463782,0.004677111,0.002850758,0.004138581,0.004330637,0.006537173,0.007291222,0.00576685,0.005314786,0.002246246,0.00340753,0.003567005,0.006303132,0.00634591,0.006341604,0.006340584,0.006089254,0.006093039,0.006164832,0.005731841,0.005862624,0.005728874,0.005815048,0.005885669,0.005938585,0.006061139,0.006005534,0.006049354,0.006153044,0.006148829,0.006209842,0.006608526,0.006201867,0.006108716,-0.001809877,-0.001441772,-0.002063501,-0.002019589,-0.001906064,-0.002861643,-0.002526237,-0.001754845,-0.002817864,-0.002551483,-0.002402877,-0.002604159,-0.00171807,-0.002406976,-0.002373055,-0.002264021,-0.00163124,-0.002582698,-0.002436869,-0.00338147,-0.002263905,-0.002122077,-0.002103697,-0.001467313,-0.001430156,-0.002086256,-0.002166643,-0.002820175,-0.002764792,-0.002777035,-0.002805572,-0.002864116,-0.00289417,-0.002163614,-0.002268238,-0.002216232,-0.002124828,-0.002191356,-0.002084469,-0.001894255,-0.002055396,-0.003182676,-0.002940527,-0.002891959,-0.002817954,-0.002795344,-0.00274388,-0.002720169,-0.002759404,-0.002769952,-0.002780716,-0.002912137,-0.002860192,-0.002835289,-0.002833416,-0.002807876,-0.002928221,-0.003066253,-0.00302697,-0.003013643
0.009859447,0.009468355,0.010228162,0.010008951,0.008964569,0.008640384,0.00838931,0.009690652,0.009364389,0.009451257,0.009340549,0.009800779,0.009891238,0.009829204,0.009236562,0.009337029,0.009382007,0.009808978,0.010289543,0.010323944,0.009792217,0.009836169,0.009315219,0.009289641,0.009304313,0.009227459,0.010384841,0.009442579,0.008820237,0.008211599,0.008770478,0.009147686,0.008885126,0.008659468,0.008667752,0.009443177,0.008717677,0.008774373,0.008821819,0.008953116,0.008958767,0.008556314,0.009047033,0.009088393,0.009087729,0.009544252,0.009128436,0.009544038,0.009164084,0.009191367,0.00918849,0.009210145,0.009229594,0.009270246,0.008849808,0.008848981,0.008739594,0.008768684,0.00893086,0.009281665,0.002156619,0.00484522,0.004209973,0.005611526,0.004176852,0.005532017,0.004291772,0.004803536,0.00573201,0.004925316,0.005242582,0.006947669,0.006051051,0.006804088,0.006260371,0.006824612,0.006822953,0.004993146,0.005182684,0.005317263,0.004741175,0.004836169,0.005333739,0.005433657,0.005992908,0.008417659,0.004464725,0.004442579,0.003071645,0.004191009,0.004193158,0.006209339,0.007083853,0.00472744,0.00480305,0.003271277,0.002506823,0.002542811,0.006208789,0.006171603,0.006346231,0.006061094,0.005726197,0.005950127,0.006005091,0.006209096,0.005796097,0.006311917,0.006308357,0.006360982,0.006386632,0.006009311,0.00602939,0.006080099,0.006496927,0.006186555,0.006202975,0.006784517,0.006636466,0.006686903,-0.003302336,-0.002313093,-0.002085387,-0.001894141,-0.002726118,-0.00262228,-0.00352198,-0.002922653,-0.001808016,-0.002106424,-0.002418534,-0.002704156,-0.002279968,-0.002391271,-0.002272255,-0.002420293,-0.002218119,-0.00245371,-0.00349417,-0.00314761,-0.002015341,-0.002202208,-0.002166592,-0.002098379,-0.002092037,-0.002167815,-0.002095595,-0.003270354,-0.002754943,-0.002721675,-0.002660184,-0.002605021,-0.002586611,-0.002103879,-0.002882379,-0.002596891,-0.001831864,-0.001825176,-0.001882977,-0.002185765,-0.001865225,-0.003248119,-0.002933281,-0.002866448,-0.002691599,-0.00269763,-0.002787177,-0.002781503,-0.002766152,-0.002939959,-0.002908219,-0.002570189,-0.002927659,-0.00284914,-0.00284614,-0.002805896,-0.002703922,-0.002893503,-0.002879375,-0.002908158
0.009391514,0.008794615,0.009939242,0.01033714,0.008154285,0.008169521,0.007953,0.008470158,0.009002026,0.008917176,0.009025123,0.009334341,0.009376539,0.009360239,0.009357102,0.009290528,0.009298506,0.009222011,0.00983915,0.009769714,0.009190059,0.009290634,0.009334419,0.009356734,0.00933557,0.010344077,0.009463782,0.009481144,0.008148512,0.008737931,0.009190579,0.00880438,0.009059896,0.009397621,0.009449047,0.008532062,0.009431009,0.009433787,0.00947624,0.008870415,0.008926341,0.009011303,0.009542553,0.009529162,0.009545189,0.009086479,0.008912096,0.009166231,0.009516991,0.009451209,0.009380449,0.009356945,0.009321009,0.009360725,0.009310328,0.00932769,0.008874144,0.00890169,0.009280931,0.00915953,0.004435749,0.004668501,0.004350135,0.005227026,0.004123184,0.005296778,0.00496845,0.00508558,0.00514806,0.004253575,0.004941548,0.007018762,0.006905384,0.0061131,0.006842202,0.006863994,0.007087784,0.006126797,0.006146082,0.005468367,0.004812584,0.005276617,0.006158742,0.006149504,0.006228603,0.008398079,0.004506463,0.004536504,0.003359055,0.002938306,0.004237124,0.006812159,0.006553918,0.004860858,0.004867471,0.002441413,0.003011691,0.003065363,0.00551956,0.005604924,0.006145253,0.005670461,0.005470384,0.005811585,0.00587326,0.0060585,0.006255082,0.006082942,0.006124855,0.006154358,0.006827921,0.006428102,0.006445855,0.006480661,0.006835317,0.006510529,0.006561219,0.006372482,0.006759367,0.006697393,-0.003138026,-0.00143274,-0.00241519,-0.002959296,-0.002071939,-0.003145313,-0.002030182,-0.002773767,-0.002832422,-0.001954888,-0.001533652,-0.003025399,-0.00200256,-0.002331946,-0.002257768,-0.002355798,-0.00235542,-0.003091022,-0.003179709,-0.003015472,-0.001817683,-0.002024092,-0.001983753,-0.002161916,-0.002132304,-0.001897609,-0.001922537,-0.002716731,-0.003383967,-0.002628053,-0.002592233,-0.002086483,-0.002115999,-0.00232396,-0.002599961,-0.001963715,-0.002156731,-0.002115393,-0.002188068,-0.001797662,-0.002208567,-0.002937537,-0.002884182,-0.002701945,-0.003119629,-0.003082472,-0.003033001,-0.002991884,-0.002955939,-0.00296246,-0.002918623,-0.002504606,-0.002553486,-0.002892765,-0.00253671,-0.002524689,-0.002810082,-0.002691582,-0.002715682,-0.002706803
0.009435749,0.008748044,0.009706939,0.010141964,0.009217177,0.008188999,0.009253703,0.009451555,0.0092904,0.009284855,0.009113099,0.009129432,0.009217922,0.009246892,0.009814741,0.009763175,0.009338323,0.00935096,0.009293017,0.009233046,0.009320957,0.009313719,0.009195359,0.009149291,0.009065738,0.009543398,0.009417047,0.009595872,0.008068712,0.009264945,0.008799449,0.009296102,0.008758007,0.008408593,0.008472891,0.009149162,0.008565631,0.00861971,0.008667036,0.009506359,0.009520082,0.008934496,0.008969689,0.009003426,0.009037994,0.008890226,0.00936904,0.009549374,0.009188328,0.009221817,0.00925697,0.009277763,0.009280962,0.009313937,0.00936915,0.009385425,0.00931783,0.009266604,0.00929656,0.009368089,0.002775784,0.004694106,0.005762035,0.00669741,0.00488974,0.005925396,0.004845595,0.00587003,0.005061146,0.004921151,0.004701412,0.006829316,0.005926265,0.006937179,0.006566232,0.006468664,0.006425848,0.004964686,0.006232808,0.004907614,0.004614019,0.00614067,0.005319176,0.006545428,0.006234046,0.006917054,0.003937612,0.00463833,0.003376051,0.003009446,0.003009001,0.006838224,0.006243406,0.005723646,0.005670381,0.002953723,0.003120338,0.003153163,0.005113072,0.005226326,0.005659987,0.005343486,0.006070779,0.006011915,0.006054219,0.005916569,0.006085809,0.006000888,0.006061416,0.006123093,0.006170671,0.006828316,0.00680902,0.00682427,0.006257289,0.00682449,0.006805652,0.006577413,0.006406892,0.006446323,-0.002520649,-0.001677996,-0.002484442,-0.002350534,-0.001909147,-0.002572815,-0.002455338,-0.001974961,-0.002688116,-0.00234851,-0.002140381,-0.003099221,-0.00198585,-0.002329938,-0.003065523,-0.003013879,-0.002348634,-0.00341184,-0.002693752,-0.002258853,-0.001925583,-0.001792901,-0.00176297,-0.001973471,-0.001944714,-0.001782905,-0.001741628,-0.002613121,-0.002674245,-0.002260761,-0.002269985,-0.002566481,-0.002533227,-0.003018395,-0.001942797,-0.002866063,-0.002670992,-0.002767356,-0.001804543,-0.002045738,-0.001808015,-0.002859416,-0.002710746,-0.003105612,-0.002938409,-0.002986639,-0.002964446,-0.002945849,-0.002963211,-0.002600796,-0.002576045,-0.003122237,-0.002544912,-0.002536945,-0.002600597,-0.002618565,-0.002815636,-0.002833702,-0.002817284,-0.002793892
0.010089833,0.00950587,0.008563582,0.010113833,0.009370791,0.009282936,0.009130546,0.00921017,0.009117541,0.00897685,0.008995637,0.009121486,0.009190791,0.009303921,0.009750709,0.009901712,0.009642705,0.009371774,0.009447245,0.009292318,0.009338695,0.009182377,0.00919285,0.010312413,0.010324993,0.009398079,0.009268588,0.009681949,0.00869328,0.008889074,0.009237124,0.008271741,0.009329061,0.009074527,0.009514289,0.009280769,0.009120338,0.009153163,0.009182692,0.008721516,0.008750429,0.009546852,0.009536965,0.009565458,0.008860982,0.009538851,0.009249339,0.008926088,0.009550247,0.009543266,0.008979957,0.009521092,0.009481017,0.009507124,0.009300591,0.009267646,0.009352201,0.00933344,0.009331158,0.00920187,0.002787371,0.00530153,0.005374382,0.004747949,0.005023212,0.005977248,0.005367452,0.004880083,0.005800081,0.00507903,0.004811945,0.00691354,0.007078933,0.006270344,0.006888594,0.006417755,0.006428069,0.006249182,0.004946861,0.004939733,0.00414867,0.005232868,0.005983153,0.006093383,0.00639062,0.008218245,0.004072847,0.004060287,0.003905186,0.003396725,0.003051082,0.006688801,0.006829372,0.004808134,0.004795053,0.003149162,0.003327536,0.003374356,0.005822154,0.005901723,0.005210476,0.005998956,0.005941603,0.00571498,0.005759548,0.006114746,0.005933469,0.006166878,0.006180598,0.006257208,0.006183158,0.006192704,0.006180503,0.006236726,0.006445754,0.006302951,0.006343667,0.006631706,0.006618402,0.006669871,-0.002453545,-0.002335052,-0.00318125,-0.002840114,-0.003357306,-0.002702236,-0.002711113,-0.002136907,-0.002104267,-0.00248765,-0.002521374,-0.003234353,-0.00195913,-0.003070796,-0.003282994,-0.003361939,-0.002066078,-0.003350957,-0.002449293,-0.002431262,-0.001693393,-0.001912989,-0.001969125,-0.001789505,-0.001774057,-0.001915622,-0.001937993,-0.003439654,-0.002239252,-0.002683716,-0.002729847,-0.002210702,-0.002190985,-0.002772647,-0.002878765,-0.002194129,-0.001955147,-0.001992583,-0.00205576,-0.001991944,-0.002005424,-0.002892646,-0.003060602,-0.002932135,-0.002736536,-0.002703165,-0.002667282,-0.002659166,-0.002632873,-0.003248791,-0.002442019,-0.002470659,-0.003119038,-0.002619853,-0.003099409,-0.003132354,-0.002783209,-0.002786224,-0.002764221,-0.002740842
0.010383327,0.009078,0.00851608,0.010227026,0.008203126,0.009274326,0.009025092,0.009052738,0.009631652,0.009573347,0.009706166,0.008913764,0.008925009,0.009804088,0.00988085,0.009964399,0.010025014,0.009580962,0.009510517,0.00946116,0.009392355,0.009262434,0.010306877,0.009562375,0.009587357,0.009507657,0.00954679,0.010367086,0.00902289,0.009191009,0.009009001,0.00908068,0.008323717,0.009220344,0.009110666,0.008598219,0.009327536,0.009374356,0.00937348,0.009234829,0.009245325,0.008734874,0.008770021,0.008817535,0.009512515,0.00923104,0.00906487,0.009409414,0.008959429,0.008965674,0.009454861,0.008960672,0.008985047,0.009009913,0.009507226,0.009466395,0.009300492,0.009322434,0.009257648,0.009068332,0.002884187,0.005919908,0.006087402,0.006358965,0.004597482,0.006987266,0.005213367,0.005482395,0.005234549,0.005087943,0.005129606,0.006881161,0.00643196,0.007018711,0.006256163,0.007083001,0.007103151,0.005123053,0.005174069,0.005297287,0.004052623,0.005829883,0.006559184,0.00623735,0.006710649,0.007688296,0.00492795,0.004905676,0.003471565,0.003361454,0.003444277,0.007174962,0.006788617,0.005534005,0.005564743,0.003280769,0.003425893,0.003455688,0.005766337,0.00582111,0.005939407,0.005891704,0.005720047,0.005912425,0.005896109,0.005791019,0.006175508,0.006735853,0.006691388,0.006683223,0.00632375,0.006253819,0.006321871,0.006391612,0.006515094,0.00648862,0.006525701,0.006435119,0.006666506,0.006702156,-0.002118808,-0.0023803,-0.00233551,-0.002087924,-0.002437355,-0.002298884,-0.002538423,-0.00234168,-0.002125774,-0.001309683,-0.002144704,-0.003783489,-0.002274991,-0.003341824,-0.003256769,-0.003340492,-0.001890771,-0.003366216,-0.00306085,-0.003130286,-0.002361305,-0.001604183,-0.001544125,-0.001925118,-0.001930008,-0.001371574,-0.001328761,-0.003328016,-0.002587981,-0.0033085,-0.002109877,-0.002925361,-0.003059712,-0.002635126,-0.002952496,-0.002147208,-0.002235489,-0.002295306,-0.00197875,-0.002628397,-0.002028972,-0.002738906,-0.002917634,-0.002755397,-0.003154811,-0.003155748,-0.003138859,-0.003155962,-0.003183009,-0.003178183,-0.00314303,-0.002439328,-0.002464543,-0.003086063,-0.002393522,-0.002369844,-0.00249826,-0.002774537,-0.002749173,-0.002717011
0.009482109,0.009239329,0.008895943,0.008928866,0.008982674,0.008635007,0.009036402,0.009147644,0.009985889,0.009638014,0.009148916,0.009770988,0.009747473,0.009643584,0.010141256,0.010099842,0.009901535,0.010099194,0.010188752,0.009548561,0.0101711,0.010233277,0.009592598,0.009283786,0.009315495,0.009590013,0.009690323,0.010021611,0.009135411,0.008938306,0.009051082,0.009113068,0.009078915,0.008494831,0.009249944,0.009245772,0.008599255,0.008623826,0.008670683,0.009386663,0.009344049,0.009272085,0.009267084,0.00958858,0.009204804,0.009052553,0.008658082,0.009279054,0.009362022,0.009414784,0.009283218,0.00951502,0.009542864,0.009313432,0.00902471,0.00905298,0.009382157,0.009367226,0.009070229,0.009013216,0.003482109,0.005794615,0.004706939,0.005496119,0.003547776,0.006854686,0.005567037,0.005082114,0.005069084,0.004566235,0.005283549,0.006328227,0.006962576,0.006146238,0.007047097,0.006408763,0.006371144,0.005991472,0.006033025,0.006038087,0.004981174,0.006477414,0.00619285,0.00633108,0.006809945,0.006951111,0.005327713,0.005337112,0.003210074,0.003999679,0.003421524,0.007259708,0.00671317,0.0054489,0.005472404,0.003408068,0.003346166,0.003380077,0.005372737,0.005475171,0.005842536,0.005622225,0.005939605,0.006111039,0.005995895,0.005862769,0.005818382,0.005834928,0.00585738,0.005869644,0.006612708,0.006375339,0.006411523,0.006467497,0.006506541,0.006568168,0.006583019,0.005936811,0.006398996,0.006405432,-0.00241982,-0.001911637,-0.001772723,-0.002243743,-0.002765155,-0.00326669,-0.001986982,-0.002706848,-0.002410911,-0.001892485,-0.001733362,-0.003354786,-0.002052527,-0.003300016,-0.003402615,-0.003394896,-0.002206831,-0.003177989,-0.003382343,-0.003429902,-0.002231095,-0.002153867,-0.002126123,-0.001459582,-0.001425339,-0.002087395,-0.002047822,-0.003346674,-0.003385718,-0.003255872,-0.003227714,-0.002104436,-0.00212833,-0.001955148,-0.002156321,-0.002604523,-0.002169814,-0.002139746,-0.002591211,-0.002119906,-0.002654747,-0.003080371,-0.002789495,-0.003170838,-0.003362006,-0.003313521,-0.003271564,-0.003233769,-0.003211672,-0.002434326,-0.002420043,-0.00278498,-0.002414953,-0.002428331,-0.00237529,-0.00234702,-0.002719351,-0.00247184,-0.002441931,-0.00244874
0.008899443,0.009035771,0.008668878,0.008953893,0.009574496,0.008987266,0.00988835,0.009589763,0.008693771,0.008709886,0.009089809,0.009344454,0.009524634,0.009018711,0.00946143,0.010083001,0.010072971,0.009964686,0.009946861,0.010218965,0.009812584,0.009624534,0.009257864,0.009742786,0.009544643,0.009730918,0.010306541,0.009261123,0.008850758,0.009009446,0.008444277,0.0084343,0.009147523,0.00918207,0.008558148,0.008893858,0.009246945,0.009316032,0.009367361,0.008710425,0.008725145,0.009367597,0.009232318,0.009217163,0.009046822,0.008681744,0.009106166,0.009082058,0.009275902,0.00927935,0.009065062,0.009302623,0.009303444,0.00910114,0.009294569,0.009186521,0.009067737,0.009079668,0.008993455,0.009061308,0.003831191,0.004257357,0.004461618,0.00498528,0.004967278,0.005544844,0.004895686,0.005569351,0.004986992,0.004180331,0.004885807,0.005639875,0.00655418,0.006951288,0.006407715,0.006923457,0.006927942,0.005433416,0.005409169,0.005445747,0.003790857,0.006262434,0.006234331,0.006482094,0.00530807,0.007676893,0.004853901,0.004924468,0.003175731,0.003302094,0.004059724,0.007179739,0.007161847,0.00538058,0.005378744,0.003320943,0.002330982,0.003104251,0.005667751,0.005731411,0.005518255,0.005872976,0.005691732,0.006509524,0.006520308,0.005844789,0.005874411,0.005883109,0.00587923,0.005888635,0.005837865,0.006582443,0.006548082,0.00650916,0.005931494,0.006418662,0.006427337,0.006702541,0.005936954,0.005944592,-0.002193645,-0.001900746,-0.002190027,-0.001791049,-0.001930489,-0.002706075,-0.001931322,-0.002710827,-0.002529186,-0.002559098,-0.001749159,-0.003826123,-0.001366475,-0.003530688,-0.00301187,-0.002982436,-0.001926598,-0.00294904,-0.003387485,-0.003166954,-0.00192091,-0.00193205,-0.001959708,-0.002048968,-0.002039312,-0.002170554,-0.002293005,-0.003156939,-0.003339276,-0.003243299,-0.002161736,-0.003173675,-0.002395871,-0.002900729,-0.002107223,-0.002661327,-0.002560487,-0.002543159,-0.002119881,-0.002466525,-0.002114196,-0.002946745,-0.003157447,-0.003396574,-0.003315475,-0.003326227,-0.003347987,-0.002473912,-0.002937978,-0.002885216,-0.002845139,-0.003097377,-0.002757136,-0.002707726,-0.002670103,-0.002634822,-0.003099508,-0.002803379,-0.002793393,-0.002766246
0.010265632,0.008527522,0.008887192,0.009362179,0.008443568,0.007544844,0.008039777,0.008902325,0.009062438,0.009193663,0.009941548,0.008837389,0.009078933,0.009964437,0.010047097,0.009977215,0.010103151,0.010027687,0.010037356,0.009907614,0.009811091,0.009167333,0.009848692,0.009909228,0.009710649,0.010274446,0.010023421,0.0093395,0.009071645,0.008396725,0.009059724,0.009098592,0.008472522,0.008962304,0.009220051,0.009466178,0.008924709,0.008929024,0.008939104,0.009338118,0.009359129,0.008700352,0.008659904,0.009043714,0.008689806,0.009205285,0.008657127,0.008649192,0.009118231,0.009129185,0.008723294,0.009075051,0.0090927,0.008753906,0.009134045,0.009120975,0.0091411,0.009119817,0.009070383,0.008860699,0.002722646,0.005748044,0.005887192,0.006501767,0.003334782,0.006924218,0.005289565,0.00453923,0.005364032,0.004361626,0.004569682,0.006425615,0.006271301,0.00653156,0.006839272,0.006130254,0.006444484,0.005051823,0.005103042,0.00481937,0.004023071,0.006157982,0.006323278,0.005272788,0.005534506,0.00808649,0.005023421,0.005021611,0.004096594,0.003140847,0.0032827,0.007138998,0.007289614,0.005036544,0.00501898,0.002440871,0.003132706,0.002888595,0.005607865,0.005639861,0.005825606,0.00563987,0.005915194,0.006372629,0.006379566,0.00652757,0.005662106,0.00561654,0.006478539,0.006499537,0.005906059,0.005767967,0.005775698,0.005785444,0.006618452,0.005928395,0.005931564,0.006457771,0.00671166,0.006734962,-0.001940553,-0.002122273,-0.002171838,-0.00206286,-0.002186775,-0.002603222,-0.002259966,-0.002026175,-0.001964838,-0.00213916,-0.002204363,-0.003768207,-0.001894616,-0.003547097,-0.003063438,-0.002962971,-0.002157295,-0.002328226,-0.003404877,-0.003007682,-0.001873974,-0.001887396,-0.001899278,-0.002025576,-0.002117335,-0.001886762,-0.001890666,-0.003064138,-0.003280668,-0.003121683,-0.003220685,-0.002279819,-0.003008778,-0.002954875,-0.002641411,-0.001983347,-0.002704029,-0.002748647,-0.002493066,-0.001932665,-0.002458479,-0.002823163,-0.003430311,-0.003334542,-0.002539018,-0.002509774,-0.002487904,-0.002890586,-0.003124098,-0.00312065,-0.003116782,-0.003124949,-0.003096556,-0.003086568,-0.003105431,-0.003079025,-0.002343935,-0.003077566,-0.002329847,-0.002352204
0.010120905,0.008485896,0.008719011,0.009012358,0.008513594,0.008684066,0.008869522,0.008862639,0.010069084,0.009991038,0.010278871,0.009018762,0.009972509,0.010250098,0.009993553,0.010310834,0.01001344,0.010107907,0.010095985,0.009927609,0.010099593,0.009861599,0.010070528,0.010038807,0.009980733,0.010074008,0.00929924,0.009422073,0.008359055,0.008999679,0.0082827,0.008282308,0.009158969,0.009343918,0.008909719,0.009412367,0.009504269,0.009493484,0.009503689,0.008957474,0.008988561,0.009369951,0.009347927,0.00865532,0.009202651,0.008625195,0.009164685,0.009124909,0.008653053,0.008692959,0.00909433,0.008752523,0.008761344,0.009041569,0.008768411,0.008776588,0.009122211,0.009082769,0.008842252,0.009006268,0.003925925,0.005916162,0.005054064,0.004722473,0.004896731,0.005192623,0.005101726,0.005869523,0.005402713,0.004155995,0.004154504,0.006959248,0.006486339,0.006693491,0.006220794,0.006446389,0.007102175,0.005157423,0.005223813,0.00478686,0.003828951,0.006295974,0.006584362,0.005504368,0.005266243,0.007580732,0.00429924,0.004261123,0.004083307,0.003169591,0.003131181,0.005929007,0.007222996,0.005376883,0.005412612,0.003147311,0.002840765,0.002968641,0.005929205,0.005932373,0.005620943,0.005914934,0.006134223,0.00633195,0.006359399,0.006375911,0.00648603,0.006444407,0.006355744,0.006321379,0.006528054,0.005917111,0.005921984,0.005924874,0.006426181,0.006643404,0.00667189,0.00657914,0.006467347,0.006471783,-0.003008486,-0.001986215,-0.003022798,-0.002258036,-0.002071465,-0.003625475,-0.003298065,-0.001937901,-0.002077518,-0.001713878,-0.002536279,-0.003065659,-0.001095302,-0.003039761,-0.002342898,-0.002409472,-0.001421111,-0.002635437,-0.003299184,-0.002820749,-0.001258825,-0.001297348,-0.002293123,-0.001930045,-0.001905224,-0.002255923,-0.002215159,-0.002660467,-0.003178086,-0.003021368,-0.003204846,-0.003020554,-0.002732955,-0.00212469,-0.002595719,-0.002807405,-0.001997839,-0.001959219,-0.001926782,-0.002391493,-0.001978131,-0.003076043,-0.003363035,-0.002582465,-0.002787485,-0.002761149,-0.00293096,-0.003120946,-0.003081769,-0.003070815,-0.003134938,-0.002851589,-0.0031073,-0.00309886,-0.003065955,-0.002806004,-0.002332263,-0.00233651,-0.002329771,-0.002331668
0.010380618,0.009567288,0.009976486,0.009358965,0.0092476,0.008922819,0.008791743,0.010082114,0.008618627,0.010087943,0.009885807,0.009922728,0.009440946,0.009433811,0.009870203,0.009886229,0.010286798,0.010035701,0.00988968,0.010099448,0.009960012,0.010115407,0.010024641,0.009144764,0.009107981,0.009275591,0.009330711,0.009284555,0.008905186,0.008302094,0.008905507,0.008933718,0.008941709,0.00912282,0.009490288,0.009139593,0.009381864,0.009342052,0.00935584,0.009501812,0.009431611,0.009035033,0.009032599,0.009264581,0.008613748,0.009117705,0.009113902,0.008673564,0.009155583,0.009145245,0.00870016,0.009105195,0.00908088,0.00870088,0.00903791,0.009020008,0.008789583,0.008818529,0.009007186,0.008687193,0.003422777,0.004239329,0.004989319,0.006007036,0.004165288,0.005435123,0.00448153,0.005389218,0.005306134,0.004393424,0.004201055,0.00595954,0.007013296,0.006343334,0.006303417,0.006970238,0.00664637,0.006006006,0.005989301,0.005140686,0.004852031,0.004985313,0.004968879,0.005130731,0.005427666,0.007759562,0.004330711,0.0043395,0.003520643,0.00414485,0.003171906,0.006549952,0.00710962,0.005907143,0.005925302,0.002960417,0.002254974,0.003205961,0.006119728,0.006321117,0.005920634,0.00615353,0.006486677,0.006306483,0.006275367,0.006405011,0.00638339,0.006326437,0.006398768,0.00642395,0.006321223,0.00654659,0.006565434,0.006589768,0.006527178,0.006440204,0.006448795,0.005995313,0.006606937,0.006635833,-0.001582606,-0.002038582,-0.002560758,-0.001581357,-0.002401999,-0.004059616,-0.002625735,-0.00221154,-0.002562923,-0.001570955,-0.002093834,-0.003170568,-0.001817912,-0.003053108,-0.002359264,-0.002399181,-0.001977047,-0.002438264,-0.003006983,-0.002272415,-0.002005566,-0.002001266,-0.001300083,-0.002287587,-0.002275007,-0.001303973,-0.001332766,-0.002697942,-0.003094803,-0.002598096,-0.003002387,-0.002667807,-0.002646082,-0.002130129,-0.002013036,-0.00237433,-0.002781395,-0.002778797,-0.002349774,-0.002678484,-0.002462254,-0.003465504,-0.002629979,-0.00271142,-0.003195196,-0.00316896,-0.003150661,-0.003117942,-0.002927209,-0.002902417,-0.002868473,-0.002447477,-0.002855953,-0.002842252,-0.002826852,-0.002423412,-0.002615293,-0.002320332,-0.002552207,-0.002517196
0.009831191,0.009607576,0.010097715,0.010163158,0.008428795,0.008924218,0.008738654,0.008869523,0.01004554,0.009976267,0.009950677,0.009701995,0.009962576,0.009951288,0.010056558,0.009970238,0.010371343,0.010323841,0.010372277,0.009893063,0.010301475,0.010008315,0.010326392,0.010231261,0.01025153,0.009392605,0.009529063,0.009412728,0.008471565,0.008859372,0.009214832,0.009259708,0.009289614,0.009295085,0.00940175,0.009305395,0.009217314,0.009253215,0.00929188,0.009357673,0.009294232,0.009299426,0.009256018,0.008551137,0.009066433,0.009127688,0.009385294,0.009205377,0.008704832,0.008681435,0.009311387,0.008721575,0.008714193,0.009398601,0.008733238,0.008744196,0.009022603,0.009016363,0.008727921,0.009503583,0.00293279,0.005273723,0.005097715,0.005153294,0.00431424,0.004871767,0.004015648,0.005160423,0.00504554,0.005114042,0.005159401,0.006589182,0.005924968,0.006594855,0.007056558,0.006750973,0.007389931,0.006091254,0.006075467,0.005328457,0.004461132,0.005123272,0.005216883,0.005240823,0.006035145,0.008409632,0.004063867,0.004112177,0.003927473,0.004131778,0.004121362,0.007026576,0.005935937,0.005801078,0.005878647,0.002300217,0.002926789,0.002347229,0.005435061,0.006354501,0.006252014,0.006412307,0.006418857,0.005477726,0.005495355,0.006279103,0.00642316,0.006362541,0.005951454,0.005866532,0.006450346,0.006326166,0.006351055,0.006388975,0.005972038,0.006556074,0.006576591,0.00615352,0.006009356,0.005970507,-0.003057018,-0.00220038,-0.002525618,-0.002386167,-0.003257482,-0.003322752,-0.002407297,-0.002272751,-0.002237237,-0.002652286,-0.00141727,-0.002578514,-0.001827491,-0.002396079,-0.002418825,-0.002474752,-0.00133138,-0.003073203,-0.002785858,-0.003083803,-0.001987416,-0.002175466,-0.002013726,-0.001332147,-0.001338734,-0.002078661,-0.002149701,-0.002907864,-0.002646367,-0.002638972,-0.002576838,-0.002662827,-0.002956594,-0.002600257,-0.002770497,-0.002867938,-0.002367093,-0.002330524,-0.002732964,-0.002600716,-0.001681915,-0.003353148,-0.002684077,-0.003182837,-0.003153178,-0.003147447,-0.00313513,-0.002943846,-0.002546947,-0.002507041,-0.002476706,-0.003094805,-0.002438656,-0.002446094,-0.002431589,-0.002497049,-0.003077789,-0.002581871,-0.002942207,-0.002929197
0.010497277,0.009360373,0.00855631,0.009567072,0.008846951,0.007871767,0.008708917,0.008565447,0.010003885,0.009180331,0.009154504,0.00991354,0.008839196,0.010056034,0.009353067,0.009443856,0.009849838,0.009814664,0.010409169,0.010266527,0.009852031,0.010341482,0.010232101,0.010130731,0.010076649,0.009580732,0.00928045,0.009464739,0.008877546,0.00916397,0.009121362,0.009167321,0.009144555,0.009275403,0.009157401,0.009251796,0.009291576,0.009238161,0.009257052,0.009328912,0.009278285,0.00925709,0.009274983,0.009043686,0.009138373,0.009374707,0.009444502,0.00913866,0.009220095,0.009271324,0.008888948,0.00934825,0.00936948,0.008777115,0.009401892,0.009346414,0.008734538,0.008763745,0.009465272,0.008669871,0.002732572,0.005259521,0.006140581,0.005269171,0.004123387,0.005563902,0.004149892,0.004549813,0.00631577,0.003830471,0.004339024,0.006928122,0.006662523,0.007066755,0.005963178,0.00723469,0.007222644,0.005021713,0.005044944,0.006001335,0.004367451,0.005850065,0.00571241,0.005414533,0.006545013,0.007097804,0.004932688,0.004914301,0.002994699,0.003543943,0.004198571,0.006179121,0.006534863,0.005321295,0.005364127,0.002922306,0.003171499,0.003465026,0.00554421,0.006173137,0.006378225,0.006270019,0.006289312,0.005747986,0.005759503,0.005516293,0.006182517,0.006070116,0.005855489,0.005884334,0.005767418,0.006481139,0.006496378,0.006493623,0.006032631,0.005995682,0.006001579,0.006619753,0.006191393,0.006236898,-0.002964251,-0.001305894,-0.002993061,-0.002672974,-0.002892165,-0.003511001,-0.003634485,-0.001656662,-0.001638559,-0.002553657,-0.001684862,-0.003312551,-0.001850416,-0.002388718,-0.002939629,-0.00288765,-0.001892354,-0.002500806,-0.002373077,-0.002381035,-0.001825316,-0.001870808,-0.002207402,-0.002025867,-0.002019085,-0.002256602,-0.002336218,-0.003002817,-0.002680468,-0.003001367,-0.002621962,-0.003149548,-0.002870628,-0.00255942,-0.002399491,-0.002740395,-0.002834369,-0.00278029,-0.002626336,-0.00255883,-0.002649571,-0.002665126,-0.003132916,-0.003156286,-0.002826982,-0.002806819,-0.002911936,-0.002550808,-0.003044417,-0.003054755,-0.00310567,-0.002607296,-0.00311912,-0.003158431,-0.00316209,-0.002710034,-0.002828924,-0.002853759,-0.002357748,-0.002339301
0.009306729,0.009240478,0.009184649,0.009722473,0.008022143,0.008563902,0.008103749,0.010038406,0.009330282,0.009361626,0.009007669,0.008976282,0.009750172,0.009825164,0.010183139,0.010063699,0.010102175,0.010181122,0.009787131,0.00981937,0.009461132,0.009839547,0.009806025,0.009591719,0.009473995,0.009252823,0.00949621,0.009571248,0.009107948,0.009284501,0.009198571,0.009210203,0.009253907,0.009036544,0.009303864,0.00901397,0.009205773,0.009207664,0.009127382,0.009261478,0.009274775,0.00930846,0.009343149,0.009199778,0.00934688,0.009416302,0.009320141,0.009432621,0.009131877,0.009094463,0.009531966,0.008876834,0.008834233,0.009504434,0.008825859,0.008843218,0.009381672,0.009418775,0.008618402,0.008966163,0.003692685,0.004961591,0.00555631,0.004897405,0.003418682,0.005161069,0.00370786,0.004598406,0.00565993,0.004283954,0.00459564,0.006340168,0.006919703,0.005929896,0.006722246,0.007158289,0.006833602,0.006029168,0.006012616,0.006101596,0.004774004,0.005380519,0.005232101,0.006047925,0.005980235,0.007950019,0.00528045,0.005284555,0.003267066,0.004028085,0.004167349,0.005967509,0.006954505,0.005412707,0.005467643,0.003196514,0.002300302,0.003509957,0.005945468,0.005470058,0.006230805,0.006474376,0.006479471,0.005938182,0.005908989,0.005777471,0.005796314,0.005825852,0.005841361,0.005845668,0.005903881,0.005761112,0.005769996,0.005954837,0.006574984,0.006073,0.006106648,0.006806873,0.006627556,0.00665412,-0.0017538,-0.001429804,-0.002108603,-0.002106162,-0.002772474,-0.004253834,-0.003337258,-0.002809348,-0.001576522,-0.002415145,-0.001779416,-0.003255546,-0.002242967,-0.002380735,-0.002849291,-0.002698288,-0.001898465,-0.002965912,-0.002289483,-0.003482696,-0.002200065,-0.002162002,-0.001887835,-0.002237625,-0.002212643,-0.001861827,-0.001894037,-0.002364827,-0.002979763,-0.002988401,-0.002984126,-0.002990661,-0.002011383,-0.002996118,-0.002927109,-0.002919231,-0.002718637,-0.002668771,-0.002568331,-0.002489575,-0.00264896,-0.002681407,-0.002967682,-0.002786495,-0.002997349,-0.002518256,-0.002541918,-0.003075091,-0.002675145,-0.002645642,-0.002629329,-0.002680667,-0.002619497,-0.002563274,-0.002542711,-0.002553586,-0.002410417,-0.002381471,-0.002393108,-0.002353677
0.009340797,0.008898525,0.00880328,0.009541015,0.009896731,0.008646257,0.009149892,0.009886978,0.009105518,0.008760069,0.010159401,0.010126613,0.010013296,0.010066755,0.009871648,0.009888007,0.009487466,0.009440768,0.010195052,0.010288209,0.009497737,0.009521497,0.00953383,0.009575181,0.009508965,0.00948058,0.009463586,0.01006638,0.009096594,0.00914485,0.00919819,0.009179739,0.009222996,0.009376883,0.00927452,0.009474748,0.008995051,0.008989171,0.008988823,0.009099986,0.009067145,0.009298849,0.009294902,0.009316666,0.009385785,0.00931381,0.008940455,0.009469656,0.0094716,0.009500575,0.009250959,0.009559275,0.009535248,0.009234537,0.009564803,0.009537355,0.008873817,0.008577413,0.008946011,0.00946975,0.002756646,0.004567288,0.004412552,0.004649013,0.003791457,0.004907698,0.004396502,0.005661718,0.005310689,0.004193519,0.00430455,0.006940952,0.006248185,0.006749505,0.007175554,0.006878928,0.006534445,0.006027056,0.006085234,0.005055592,0.005144902,0.004839547,0.005205145,0.006647441,0.005844956,0.007658298,0.00513982,0.005412728,0.004157211,0.002996197,0.003522051,0.005873763,0.006210358,0.005902122,0.005914809,0.002259682,0.003477706,0.002414954,0.006081134,0.005580997,0.005439582,0.005466996,0.005477127,0.005877566,0.005878317,0.005865547,0.005864262,0.0058098,0.00596394,0.006020364,0.005845891,0.005894324,0.005920649,0.00583856,0.006767351,0.006593301,0.006614223,0.0067443,0.006814457,0.006825567,-0.00220278,-0.00149847,-0.003404057,-0.002937821,-0.003735431,-0.003117064,-0.003747,-0.002444318,-0.002751093,-0.00222315,-0.001858452,-0.003762611,-0.002065146,-0.0030869,-0.003411406,-0.003404904,-0.001849374,-0.002428766,-0.003053918,-0.003037707,-0.001418826,-0.001414687,-0.002130843,-0.001837039,-0.001840887,-0.002182925,-0.002159361,-0.002803278,-0.003051488,-0.00250168,-0.002958906,-0.002887841,-0.002158859,-0.0020244,-0.002785711,-0.002557234,-0.002546923,-0.002577796,-0.002529317,-0.002675936,-0.002568166,-0.003127915,-0.002731423,-0.002935419,-0.002794909,-0.002994715,-0.003093834,-0.002717058,-0.002719888,-0.002699292,-0.002684456,-0.00255175,-0.002683855,-0.002714513,-0.002699671,-0.003090155,-0.002456333,-0.002427518,-0.002900406,-0.002899797
0.010422777,0.00853432,0.009608084,0.009649013,0.009873238,0.008048838,0.009396502,0.009017869,0.009299674,0.010114042,0.009763693,0.009959248,0.009219726,0.009338374,0.009722246,0.009750973,0.009591139,0.009667196,0.009422626,0.009452494,0.009144902,0.009490743,0.009547053,0.009557854,0.009575167,0.009472264,0.009567177,0.010282389,0.008886452,0.009264883,0.009240367,0.009180856,0.009174019,0.008391558,0.00901898,0.009516473,0.009531287,0.009557368,0.009367975,0.008998113,0.00900119,0.009028356,0.009036062,0.009364118,0.009291774,0.008976217,0.009043077,0.009310653,0.009485538,0.009518563,0.008937918,0.009253267,0.009244717,0.008929286,0.009511284,0.009509845,0.009568448,0.00891314,0.009595979,0.009167084,0.003314225,0.004529456,0.005184664,0.004921883,0.003172571,0.005714035,0.003961494,0.005315553,0.006460941,0.005050252,0.004843357,0.006777083,0.006738528,0.007088979,0.007110926,0.006528819,0.007294885,0.006086244,0.006049683,0.005954113,0.004270192,0.004922545,0.005414086,0.006013222,0.005819852,0.007532556,0.004960797,0.005158637,0.003571584,0.003307009,0.004118911,0.006492502,0.005927814,0.00547162,0.006038972,0.002292756,0.003504783,0.002765173,0.005720166,0.005941757,0.005631269,0.005677311,0.005714882,0.005888752,0.005892967,0.005798026,0.005831263,0.005821179,0.006516502,0.006542057,0.00602736,0.005871137,0.005838642,0.006042509,0.00670407,0.006788246,0.006790914,,0.006790244,0.006816719,-0.002810167,-0.001601212,-0.002531122,-0.002187642,-0.002583327,-0.003025674,-0.003146297,-0.002948445,-0.002503599,-0.002627656,-0.001897267,-0.003745394,-0.001706137,-0.002956416,-0.003349652,-0.002787959,-0.002246925,-0.002372313,-0.002411248,-0.00265932,-0.002339988,-0.002291685,-0.001431121,-0.002149715,-0.002203695,-0.001454104,-0.00147205,-0.002357421,-0.002502112,-0.002195829,-0.00269061,-0.002149182,-0.002558352,-0.003026275,-0.002950056,-0.002601781,-0.002600745,-0.002576174,-0.002698241,-0.002342327,-0.002474855,-0.002832403,-0.002852073,-0.002849873,-0.00263625,-0.0027415,-0.002714191,-0.002690449,-0.002679905,-0.002628676,-0.002588613,-0.003040725,-0.00253052,-0.002501399,-0.002498108,-0.002421003,-0.002754419,-0.002853331,-0.002434728,-0.002396417
0.00982337,0.009062349,0.00953953,0.00991158,0.009326391,0.008183263,0.008207192,0.009347451,0.008802089,0.009718729,0.009004573,0.009129752,0.009833634,0.009846147,0.010199627,0.010101067,0.009942356,0.009157423,0.009630391,0.009514434,0.009338188,0.009188085,0.009205145,0.009240823,0.009266243,0.009534211,0.010049677,0.010158637,0.008598586,0.008963543,0.008926623,0.009349989,0.009313977,0.008801078,0.009412612,0.008556155,0.009470538,0.009387681,0.008817075,0.009321117,0.009252014,0.008980282,0.008984342,0.009292603,0.008956267,0.009042737,0.008662106,0.008957953,0.009319702,0.009287017,0.009097141,0.008969716,0.008940979,0.00950916,0.009241798,0.009178997,0.009461591,0.009598623,0.009441952,0.009146252,0.00362103,0.004327179,0.005746047,0.004527184,0.004774622,0.005385559,0.004783216,0.005033224,0.005224366,0.004277575,0.004952062,0.006982633,0.006709862,0.007019834,0.005921703,0.007243808,0.006995152,0.005505994,0.005110314,0.00610054,0.005112778,0.005188085,0.006038149,0.005822985,0.005896124,0.007691753,0.004182509,0.00505697,0.003129402,0.004170226,0.003035848,0.006116144,0.006479881,0.005610164,0.00551987,0.002722,0.002357307,0.002958737,0.006014455,0.006078378,0.005944097,0.005927906,0.005932713,0.006297095,0.006332441,0.005924123,0.00595465,0.005950968,0.006666827,0.006711799,0.006565923,0.006000845,0.006002687,0.006558523,,0.006701099,0.00671284,,,,-0.002316673,-0.001383838,-0.002912808,-0.001873044,-0.003545715,-0.003064993,-0.003169454,-0.00308983,-0.0024096,-0.002226653,-0.002016451,-0.003281238,-0.001037424,-0.003281289,-0.002599141,-0.002439085,-0.002327029,-0.003066585,-0.00296924,-0.002472391,-0.001698525,-0.001658518,-0.002275359,-0.001408569,-0.001433707,-0.001409987,-0.00145321,-0.003321313,-0.00222773,-0.0027218,-0.002174296,-0.002603283,-0.002582644,-0.002811393,-0.002533786,-0.002754324,-0.002745652,-0.002727529,-0.00234416,-0.002338522,-0.00265348,-0.002830049,-0.002858397,-0.002655407,-0.002833567,-0.002651039,-0.002687672,-0.002694623,-0.003114462,-0.003081437,-0.003045159,-0.003002414,-0.003064752,-0.003095566,-0.003088716,-0.002879046,-0.002518328,-0.002481225,-0.002430821,-0.002432916
0.01029579,0.009586402,0.009897874,0.009763324,0.009123387,0.007770527,0.00917914,0.008855414,0.008739241,0.008830471,0.009686536,0.009759069,0.009662523,0.009749505,0.009921703,0.010010971,0.00964637,0.009854615,0.009223813,0.009140686,0.009653882,0.009382602,0.009414086,0.009414533,0.009427666,0.010006748,0.010222054,0.009811059,0.008900203,0.00857722,0.008576854,0.008967509,0.008927814,0.00840481,0.009513169,0.008950284,0.008648894,0.008744316,0.009119728,0.008873539,0.008942159,0.00915353,0.009134223,0.008934623,0.009025184,0.008844789,0.00920673,0.009056671,0.008973179,0.008971316,0.009371449,0.009101055,0.009548082,0.00914186,0.008960894,0.008991502,0.009192591,0.00943185,0.009169179,0.009405432,0.003490894,0.004360373,0.004109097,0.004862647,0.00343136,0.00556236,0.005564166,0.005249811,0.006015922,0.004264896,0.004372646,0.005886414,0.007058102,0.005954067,0.006822103,0.006050916,0.007359264,0.00572358,0.005810495,0.006014192,0.004339013,0.005382602,0.006129422,0.005166332,0.005594747,0.007502955,0.004895904,0.004184552,0.002696598,0.00360402,0.003334038,0.006993394,0.006050849,0.004747019,0.005690776,0.002967964,0.002705751,0.00348148,0.005784633,0.005776253,0.005943507,0.00589669,0.005914264,0.006167973,0.006554368,0.006384713,0.006426879,0.006463187,0.006729674,0.006704643,0.006770309,0.0065289,0.006534232,0.006744497,,,,,,,-0.001583302,-0.001722,-0.002023587,-0.002441035,-0.003182823,-0.002212734,-0.002674908,-0.002647262,-0.002082459,-0.001396306,-0.00253884,-0.003263408,-0.002033409,-0.003356823,-0.002472323,-0.002217977,-0.001560926,-0.003445503,-0.002635483,-0.002901071,-0.001104401,-0.001115831,-0.001673608,-0.001090772,-0.001289351,-0.001725554,-0.001693459,-0.002748194,-0.002798057,-0.00233733,-0.002662673,-0.002510404,-0.002740104,-0.003046169,-0.002641852,-0.002287633,-0.002318136,-0.002357948,-0.002342948,-0.002449434,-0.002405768,-0.002908296,-0.002673017,-0.002856314,-0.003214215,-0.002782295,-0.002735315,-0.003130344,-0.002999156,-0.002980001,-0.003043658,-0.002817557,-0.002970923,-0.002925484,-0.002908558,-0.002981338,-0.002407409,-0.002394283,-0.002817711,-0.002802432
0.009202613,0.009658878,0.009862051,0.010221286,0.008791457,0.009218242,0.0080946,0.009000922,0.009460941,0.009050252,0.009501063,0.009589182,0.010248185,0.010272317,0.009504092,0.009528819,0.009989683,0.009661931,0.009874455,0.009328457,0.009603182,0.009447852,0.009472943,0.009490752,0.009501744,0.010242503,0.01013982,0.009323765,0.009138875,0.008931267,0.008860332,0.008513985,0.008490109,0.00896483,0.008481502,0.009001931,0.009020001,0.009075284,0.00888834,0.009173137,0.009230805,0.009014632,0.009046142,0.00899587,0.008995895,0.009171778,0.00942316,0.00861654,0.009069205,0.009081033,0.009450346,0.00939286,0.009123107,0.009452862,0.009506541,0.009418662,0.009027102,0.009205717,0.009102664,0.009186425,0.004289098,0.005681835,0.004608084,0.004783595,0.005079361,0.005571623,0.005423786,0.006110864,0.006437792,0.004676997,0.00525871,0.005849721,0.005890846,0.006826868,0.006504092,0.006766056,0.006194828,,,0.005245263,0.004084301,0.006025742,0.006060001,0.005791866,0.005861867,0.008006516,0.004971374,0.005007872,0.003055011,0.003224356,0.00415361,0.006438511,0.007032032,0.005566137,0.004794471,,0.0029482,,,0.006092153,0.005806769,0.005831668,0.00584249,,0.006223748,0.006603313,0.006658126,0.006688581,0.006428427,0.006464935,0.006718299,0.006822758,0.006869689,0.006652756,,,,,,,-0.002815813,-0.002363212,-0.002247063,-0.001920762,-0.002929209,-0.003655156,-0.002163598,-0.002052356,-0.00255096,-0.001677124,-0.002121129,-0.002514177,-0.0022979,-0.002464858,-0.003412149,-0.002300158,-0.00228656,-0.002655718,-0.002362644,-0.002406937,-0.001214959,-0.001236481,-0.001203588,-0.002261193,-0.002319267,-0.00128469,-0.001262916,-0.003218856,-0.002294642,-0.002535055,-0.00242399,-0.002652314,-0.002059359,-0.002374898,-0.002979949,-0.002294605,-0.002308424,-0.002361839,-0.00236206,-0.001901887,-0.002325225,-0.002688365,-0.002867401,-0.003500222,-0.003125995,-0.003183698,-0.003155498,-0.00301207,-0.002708612,-0.002716777,-0.002787292,-0.002781341,-0.002851918,-0.00289084,-0.002893459,-0.002695237,-0.002855343,-0.002835963,-0.003001004,-0.002994568
0.009855212,0.009212472,0.009412488,0.009459028,0.008172571,0.009203333,0.0096212,0.009220854,0.008691126,0.009797344,0.009850794,0.009777083,0.009709862,0.009954067,0.009971858,0.010073448,0.01006386,0.009931597,0.009643578,0.009823358,0.009570879,0.009615516,0.009616175,0.009647441,0.009545013,0.010199602,0.009865593,0.010162549,0.008408321,0.009154698,0.009227267,0.008907152,0.008957376,0.009412707,0.008878647,0.009523763,0.008984202,0.008921156,0.00954421,0.008839875,0.008648785,0.009270019,0.009289312,0.009111039,0.00913751,0.009405011,0.008674933,0.00927293,0.008548067,0.009332025,0.008682407,0.009481139,0.009427859,0.009493623,0.009155266,0.009176393,0.009427337,0.009064603,0.009398996,0.009585623,0.003903783,0.004080927,0.005186986,0.005087685,0.004182321,0.005292409,0.00417827,0.00459883,0.004960676,0.005063354,0.004454463,0.006108352,0.005812974,0.006600067,0.007189507,0.006040755,0.007207857,,,0.00586488,0.00378554,0.006136349,0.005182654,0.005970605,0.006225831,0.007367103,0.00446964,0.004907664,,0.003074313,0.003581157,0.006619823,0.006453809,,0.005529179,,,,,0.005828785,0.00614144,0.006197557,0.006249706,,,0.006292786,0.006322962,0.006765984,,,0.006536292,0.006721171,0.00674722,,,,,,,,-0.002217891,-0.001348575,-0.002323514,-0.002436842,-0.003496874,-0.002154871,-0.002227503,-0.002351527,-0.002168348,-0.00169894,-0.001830318,-0.003416997,-0.001591268,-0.002501841,-0.002258744,-0.003264476,-0.001713202,-0.002860775,-0.002963976,-0.003266271,-0.002290719,-0.002319481,-0.001390838,-0.001768739,-0.00174847,-0.001271653,-0.001241238,-0.003247548,-0.002392871,-0.003161419,-0.002609421,-0.003058862,-0.003063669,-0.002991407,-0.002757457,-0.002300918,-0.002303727,-0.002313504,-0.001911177,-0.002074831,-0.002494481,-0.002864967,-0.003443982,-0.003235882,-0.002653337,-0.003080507,-0.003043273,-0.002664147,-0.002825094,-0.002832447,-0.002798448,-0.002879955,-0.002771158,-0.002736925,-0.00272299,-0.002745075,-0.002972663,-0.002964881,-0.002293045,-0.002267858
0.00992593,0.00918497,0.010196959,0.010139289,0.008729527,0.008245221,0.009008819,0.008461171,0.009224366,0.009540915,0.0095263,0.009624664,0.009745835,0.009600067,0.009876448,0.009935534,0.009534445,0.010091254,0.009818401,0.0096096,0.010094721,0.009478835,0.009343906,0.010013222,0.009980235,0.009834581,0.009282522,0.009753144,0.008129402,0.008497939,0.008534663,0.009298427,0.009373325,0.008440474,0.008978586,0.009159803,0.009518744,0.009520505,0.009263105,0.009580997,0.009318262,0.008653526,0.008630975,0.00908726,0.009359399,0.008664314,0.009340507,0.009362541,0.009306892,0.00942395,0.009394855,0.008672479,0.009496378,0.008719939,0.009490909,0.009506677,0.009190718,0.009435119,0.009198248,0.008739055,0.00389727,0.005080229,0.004736984,0.006058967,0.005091352,0.005141293,0.004794097,0.004951429,0.005596779,0.004467778,0.004883601,0.005832751,0.005916721,0.007119413,0.005982672,0.006239712,0.006528366,,,0.004795082,0.003692241,0.006112005,0.005814041,0.005818032,0.006152185,0.007825093,,0.004466668,,,0.003290874,0.006280444,0.006657186,,,,,,,,0.005927421,0.006026536,0.006094327,,,,,0.006392486,,,,0.006566475,0.006595578,,,,,,,,-0.002384715,-0.002358566,-0.002859419,-0.0017513,-0.002217326,-0.004115934,-0.00191165,-0.002210237,-0.001620698,-0.001808962,-0.001830097,-0.003198005,-0.002119606,-0.003437403,-0.00343857,-0.002322785,-0.001098696,-0.003269589,-0.00241032,-0.002791424,-0.001504446,-0.001062597,-0.001082433,-0.001316424,-0.001282303,-0.001193894,-0.001158264,-0.003343457,-0.003249259,-0.002746647,-0.003106842,-0.002752558,-0.002772136,-0.002793152,-0.00229825,-0.00188603,-0.001904949,-0.001910829,-0.002071401,-0.002460139,-0.00189881,-0.003400574,-0.003256851,-0.003123151,-0.002875723,-0.002625921,-0.00263707,-0.002804947,-0.002984115,-0.002946174,-0.002903254,-0.00266105,-0.002851705,-0.002820183,-0.0027914,-0.002551885,-0.002310466,-0.002288751,-0.002623559,-0.002630016
0.009289098,0.008505778,0.009440693,0.009010723,0.009741148,0.007560306,0.008157575,0.009249811,0.009720924,0.010072578,0.009006919,0.009064376,0.008997543,0.00984936,0.01011284,0.010214889,0.010097298,0.009525092,0.010075467,0.00963328,0.009194885,0.010136349,0.010129422,0.010143806,0.010196039,0.009367103,0.010109156,0.009466668,0.008792066,0.009056924,0.009039818,0.008510708,0.008477854,0.009057459,0.009467643,0.009036317,0.009184233,0.009221923,0.009090212,0.009284357,0.009080054,0.009353599,0.009366186,0.00933195,0.00865889,0.009311768,0.008528262,0.00868276,0.009398768,0.008657026,0.00860738,0.00942363,0.008708918,0.009459247,0.009527178,0.009556074,0.009511704,0.009196709,0.009580199,0.009564477,0.004481123,0.005062349,0.004412488,0.005614149,0.00440562,0.005246831,0.005246713,0.004723834,0.006030852,0.004658656,0.004354184,0.006565059,0.006137026,0.005934559,0.006454235,0.006068845,,,,,0.003976203,0.005156979,0.006082792,0.005788477,0.005788347,0.008082455,,,,,0.003036735,,0.006289165,,,,,,,,,,,,,,,,,,,,,,,,,,,,-0.002300557,-0.001856415,-0.003387448,-0.002732928,-0.002225504,-0.003677181,-0.003597352,-0.00332997,-0.002614111,-0.001731052,-0.002330244,-0.003765071,-0.001225647,-0.003466189,-0.003398253,-0.002656961,-0.002328657,-0.002826196,-0.00334503,-0.002822126,-0.002118139,-0.001541309,-0.001542662,-0.001394596,-0.001332919,-0.001447575,-0.001441103,-0.002618051,-0.002742058,-0.003148479,-0.00275685,-0.003087938,-0.003074093,-0.002979656,-0.002296136,-0.002090262,-0.002092712,-0.002071743,-0.002492135,-0.002093233,-0.002043814,-0.00329154,-0.003168991,-0.002672976,-0.003099886,-0.002860982,-0.002834551,-0.003009275,-0.002524882,-0.002587726,-0.002663554,-0.002441402,-0.002638615,-0.002597794,-0.00258227,-0.0025086,-0.002669229,-0.002644926,-0.00265445,-0.002659549
0.00926593,0.00902128,0.008928238,0.010087685,0.008079361,0.009056963,0.009246713,0.008426011,0.009437792,0.009318572,0.009843357,0.009800072,0.009723919,0.009765985,0.008980753,0.009015195,0.009955257,0.010180108,0.009470427,0.010101596,0.010238127,0.010047155,0.010066747,0.010166332,0.010141167,0.010082455,0.009849706,0.010268556,0.008214937,0.008224356,0.008290874,0.008993394,0.009032032,0.008411095,0.009102879,0.008558179,0.008504783,0.009087658,0.009544037,0.008568145,0.008542555,0.008996322,0.009042004,0.008652142,0.009358709,0.008486327,0.009115902,0.00933951,0.008691368,0.009371276,0.009207735,0.008605495,0.009451705,0.008641413,0.008703419,0.008719224,0.009576591,0.009552479,0.00873419,0.00877917,0.003231082,0.004586886,0.004440693,0.004864867,0.003310502,0.006320701,0.00509666,0.005376928,0.005857103,0.004636937,,,0.005886664,0.006193528,0.006024973,0.007152586,,,,,0.004933939,0.005852987,0.006037519,0.006242115,0.005329681,,,,,,,,,,,,,,,,,,,,,,,,,,,,,,,,,,,,-0.002174832,-0.002072821,-0.003515351,-0.002077527,-0.002270334,-0.003572453,-0.002386474,-0.001616572,-0.001703831,-0.001984824,-0.002045496,-0.003719243,-0.002299506,-0.003452499,-0.002306447,-0.002933237,-0.00111657,-0.002513269,-0.002744613,-0.003417127,-0.002138868,-0.00205129,-0.001987079,-0.001218072,-0.001184245,-0.001823107,-0.001789499,-0.003113449,-0.003171743,-0.002318092,-0.003124425,-0.002375586,-0.002376224,-0.002538039,-0.002292688,-0.002625252,-0.002568713,-0.002542632,-0.002069782,-0.002068844,-0.002479057,-0.00320458,-0.003463938,-0.002887204,-0.00336249,-0.00305558,-0.003022168,-0.002528401,-0.003193108,-0.002440494,-0.002462856,-0.00310714,-0.002433363,-0.002439944,-0.002507284,-0.002993323,-0.002704545,-0.002675864,-0.002503188,-0.002471589
0.008903783,0.00964598,0.009714705,0.009550402,0.008043873,0.007714035,0.00909666,0.00952501,0.009994559,0.008988162,0.008952062,0.009994352,0.010044602,0.0100703,0.009360642,0.009430281,0.010084797,0.010021713,0.010268172,0.009329881,0.010112778,0.010156979,0.010182654,0.01012755,0.009907205,0.010007177,0.00946964,0.009795051,0.008110536,0.008846728,0.008863753,0.00835476,0.008357127,0.008922102,0.008447611,0.009430303,0.009098788,0.008598395,0.009557535,0.009109829,0.009372259,0.008559566,0.008548737,0.009339584,0.00910885,0.00913426,0.008658126,0.008549498,0.009336743,0.008597852,0.008770309,0.009203226,0.008597387,0.009195203,0.009480629,0.009505968,0.008693372,0.00957914,0.009552401,0.009231728,0.004514221,0.005658878,0.004657895,0.005261377,0.004423147,0.006807669,0.004492455,0.005894468,0.006143416,0.004279387,,,0.006586849,0.005995424,0.006233628,0.00653058,,,,,,0.006115591,0.005633406,0.006122918,,,,,,,,,,,,,,,,,,,,,,,,,,,,,,,,,,,,,-0.002822595,-0.002292424,-0.00199672,-0.001633707,-0.0030524,-0.003375782,-0.003730478,-0.002361541,-0.001730916,-0.002790733,-0.001588362,-0.002714175,-0.001269547,-0.002435918,-0.002603873,-0.003351645,-0.001479815,-0.003257791,-0.002930592,-0.002728946,-0.001332549,-0.002078503,-0.00206617,-0.001509948,-0.001476795,-0.002207395,-0.002269289,-0.002670161,-0.00225026,-0.003311415,-0.002390754,-0.003128259,-0.003076283,-0.002705169,-0.00188102,-0.001878488,-0.002026228,-0.002041323,-0.002092703,-0.002319112,-0.002113738,-0.003610622,-0.002647099,-0.003103765,-0.003237209,-0.003328222,-0.00253163,-0.002455593,-0.002908613,-0.003167975,-0.003128551,-0.00273168,-0.003072141,-0.003047138,-0.003009091,-0.00255688,-0.002535144,-0.002517145,-0.002465812,-0.002458713
0.009029831,0.008806496,0.009256947,0.010167149,0.009091352,0.0097136,0.009582768,0.009298967,0.009087721,0.009676997,0.009868629,0.009453691,0.009452864,0.009071353,0.009781633,0.009798367,0.009359264,0.01005487,0.010044944,0.01029481,0.010056153,0.01006361,0.010133266,0.009300379,0.009360733,0.009419144,0.010229355,0.00978795,0.008383728,0.008321061,0.008392985,0.008883058,0.008941152,0.008517512,0.008992216,,0.008527986,0.00954782,,0.008588816,,0.009388226,0.009307593,0.009064331,0.008554368,0.008603313,0.009213759,0.009126895,0.00859461,0.009187783,0.008742782,0.008822758,0.009214533,0.009530232,0.008662179,0.008700802,0.009520602,0.008721857,0.008745542,0.009392345,0.003989452,0.00418497,0.004617036,0.006369381,0.004795226,0.006452043,0.00450514,0.005839375,0.006311693,,,,,0.00623049,0.006143616,,,,,,,0.006033433,0.006131987,0.005891702,,,,,,,,,,,,,,,,,,,,,,,,,,,,,,,,,,,,,-0.002679095,-0.002459522,-0.003609948,-0.002992964,-0.003267899,-0.003564877,-0.003523794,-0.001713361,-0.001706076,-0.002582535,-0.002198945,-0.003538499,-0.001703427,-0.002548815,-0.002750555,-0.002820493,-0.002112534,-0.002785336,-0.003386576,-0.002534811,-0.0014683,-0.001288186,-0.00128032,-0.001914186,-0.001862384,-0.001667667,-0.001636133,-0.002885607,-0.00337711,-0.002714263,-0.003235053,-0.002875663,-0.002858397,-0.00301793,-0.002124247,-0.002189537,-0.002170892,-0.002131349,-0.0022625,-0.002682616,-0.002040989,-0.003471644,-0.002880201,-0.00341274,-0.002833179,-0.003317991,-0.00329327,-0.00322707,-0.003268863,-0.002837318,-0.002790027,-0.003187828,-0.00267632,-0.002623672,-0.002583434,-0.003019797,-0.002488884,-0.002470569,-0.002919801,-0.002914377
0.010229499,0.009184349,0.009796686,0.008864867,0.009530735,0.008571623,0.009573155,0.010043513,0.008930722,0.009063354,0.009473997,0.009359875,0.00935982,0.009445803,0.009939855,0.010062735,0.009759248,0.009281637,0.010062109,0.010055592,0.009227967,0.009296974,0.00932497,0.010000437,0.010027694,0.010203072,0.009754371,,0.009079615,0.008401841,0.008383939,0.008438511,0.008453809,0.009333614,0.008512098,,0.009473402,0.009507285,,0.009488224,,,,0.008602217,0.009187476,0.00921147,0.008516324,0.008688581,0.009155584,0.008711799,0.008766453,0.008763124,0.008869689,0.008909546,0.009204615,0.009220602,0.008718599,0.009547703,0.009250271,0.009051299,0.004364733,0.004505778,0.00426626,0.004554202,0.004796617,0.006913956,0.005028564,0.00505347,,,,,,0.006058943,0.006606645,,,,,,,0.005479381,0.006097805,0.005300999,,,,,,,,,,,,,,,,,,,,,,,,,,,,,,,,,,,,,-0.002219382,-0.001918165,-0.003208663,-0.002402595,-0.003771205,-0.003837658,-0.003508257,-0.001717886,-0.001993866,-0.002011199,-0.001339583,-0.003274385,-0.002072277,-0.002808623,-0.002910148,-0.002294015,-0.001427256,-0.002318878,-0.002766151,-0.002254253,-0.001755098,-0.001473537,-0.001557931,-0.002024819,-0.002091035,-0.001640438,-0.001775351,-0.003292608,-0.003411749,-0.003190554,-0.00290754,-0.003086932,-0.003052477,-0.002766333,-0.002687388,-0.002216209,-0.002215659,-0.002220239,-0.002662786,-0.002520242,-0.002351591,-0.00289387,-0.003153809,-0.003250413,-0.003093512,-0.003062084,-0.003002567,-0.002955696,-0.003161982,-0.003224717,-0.003179801,-0.003102195,-0.003162005,-0.003158617,-0.003131127,-0.002380776,-0.002988296,-0.002947521,-0.002439526,-0.002393188
0.010451417,0.00932881,0.008955714,0.009261377,0.009235015,0.008184687,0.008347361,0.008785804,0.009565234,0.009694829,0.009285187,0.009607981,0.009647448,0.009716773,0.009366367,0.009497627,0.010135396,0.009881908,0.009253574,0.010090515,0.01009352,0.010121396,0.010136621,0.010110547,0.010028322,0.009692183,0.009795929,,,0.009114335,0.009179765,0.008382358,0.008939806,,0.009391509,,,,,,,,,0.009202613,,,0.008496983,0.009166196,0.008666827,0.008918585,0.008546137,0.008818949,0.008774068,0.008801968,0.009457047,0.00942047,0.009222005,0.008732611,0.009396154,0.008965513,0.002553785,0.004920611,0.004714705,0.005857674,0.003584674,0.006483884,0.004760296,0.004680289,,,,,,0.006550402,,,,,,,,0.005968725,0.005880755,,,,,,,,,,,,,,,,,,,,,,,,,,,,,,,,,,,,,,-0.002768809,-0.001759455,-0.003291916,-0.003158985,-0.002332722,-0.003636098,-0.003432963,-0.001752209,-0.002835732,-0.001833765,-0.002116803,-0.002473387,-0.001392975,-0.003105145,-0.002347754,-0.002359212,-0.001498474,-0.003430174,-0.002514052,-0.003159698,-0.002056485,-0.001077956,-0.001068115,-0.001267886,-0.00136205,-0.001136241,-0.001131501,-0.003462888,-0.002699044,-0.002619725,-0.003148918,-0.002569904,-0.002550255,-0.002937696,-0.002240725,-0.002639583,-0.002759235,-0.002711405,-0.002567125,-0.002196944,-0.002658479,-0.003185296,-0.003453858,-0.0027773,-0.003243243,-0.003033945,-0.003089311,-0.003186161,-0.002501232,-0.003140865,-0.003106648,-0.002418861,-0.003100125,-0.003060385,-0.003045674,-0.002520443,-0.002518417,-0.00247084,-0.002293063,-0.002264167
0.010209292,0.008514862,0.009678752,0.009255899,0.009698774,0.007910105,0.00881069,0.008579721,0.008960676,0.009359812,0.009797854,0.009846376,0.009842392,0.00982941,0.009070604,0.009154391,0.009607802,0.010211103,0.009980505,0.009196159,0.010021678,0.010072577,0.010094448,0.009268273,0.009328428,0.009817448,,,,,,0.00929666,0.00927125,,,,,,,,,,,,,,,0.008576569,0.00905304,0.008699023,0.008536292,0.008545693,0.008862009,0.008909322,0.008948035,0.009002275,0.009420954,0.00923006,0.009034433,0.009137954,0.004285531,0.005273625,0.005789587,0.006131506,0.004497271,0.006917154,0.003894971,0.006143313,,,,,,,,,,,,,,0.006005925,0.005224839,,,,,,,,,,,,,,,,,,,,,,,,,,,,,,,,,,,,,,-0.002893271,-0.002002714,-0.002437949,-0.002567929,-0.00385282,-0.002138931,-0.003723756,-0.003330477,-0.002043506,-0.001897672,-0.002440599,-0.002540752,-0.001076663,-0.002774836,-0.003396583,-0.003253611,-0.001905164,-0.002832804,-0.002290831,-0.00278063,-0.001225942,-0.001065385,-0.00106643,-0.001562473,-0.001613371,-0.001090368,-0.001228886,-0.002918104,-0.003128355,-0.002803275,-0.002589657,-0.0027657,-0.002727478,-0.002356082,-0.002027249,-0.002599783,-0.002645026,-0.002630075,-0.002239071,-0.001917541,-0.00246237,-0.003485368,-0.003227323,-0.003136147,-0.002540601,-0.003218993,-0.003192883,-0.003162361,-0.002641882,-0.00247605,-0.002449654,-0.002427521,-0.002637995,-0.002406377,-0.002396581,-0.002708447,-0.003027201,-0.003071143,-0.00236581,-0.002360945
0.010372694,0.008465805,0.008801702,0.009902664,0.008255942,0.009141293,0.009019085,0.008804561,0.009666954,0.00931225,0.009768999,0.009020053,0.00892256,0.009223935,,,,0.00972358,0.010171518,0.010049614,0.00994101,0.010005925,0.00915691,0.010122918,0.010152185,,,,,,,0.009216446,,,,,,,,,,,,,,,,0.008540024,0.008645864,0.008515351,,0.008566475,0.008545211,0.008577609,0.008842233,0.008887026,0.009022173,0.009436543,0.008948528,0.009523597,0.002293249,0.004721449,0.005444548,0.00470339,0.004193696,0.005639847,0.005474538,0.005031612,,,,,,,,,,,,,,0.005841438,,,,,,,,,,,,,,,,,,,,,,,,,,,,,,,,,,,,,,,-0.002014356,-0.002472585,-0.002251058,-0.001744709,-0.003853049,-0.003773526,-0.003461346,-0.001910782,-0.00285446,-0.002417892,-0.00129665,-0.002470248,-0.002236706,-0.002433245,-0.002729797,-0.002713771,-0.002243079,-0.002942577,-0.003158331,-0.002985566,-0.001344156,-0.001711915,-0.001694855,-0.001059941,-0.00112587,-0.001647177,-0.00161955,-0.003109414,-0.002660526,-0.003200321,-0.002755723,-0.003101408,-0.003041031,-0.002304915,-0.002498938,-0.002303486,-0.002328501,-0.002294039,-0.001929186,-0.002260125,-0.002162925,-0.003196372,-0.002636339,-0.003293793,-0.003324633,-0.002494989,-0.00247684,-0.002537459,-0.003009417,-0.002442974,-0.002417593,-0.002638487,-0.003060845,-0.002411753,-0.002456667,-0.002998155,-0.002323409,-0.00232086,-0.002736674,-0.002748828
0.00899138,0.009122707,0.00963211,0.010001869,0.009483914,0.009246831,0.00950514,0.00959883,0.009406151,0.009818503,0.009014484,0.009040825,0.00902437,0.009158827,,,,,0.009810495,0.010111136,0.009252654,0.009369151,0.010097805,0.00953921,0.009612317,,,,,,,,,,,,,,,,,,,,,,,,0.008501177,,,,0.008595578,0.008652756,0.008944768,0.008991195,0.00889978,0.009059628,0.009098158,0.008816719,0.003778146,0.004373802,0.004955714,0.004783938,0.004513823,0.005611165,0.005257823,,,,,,,,,,,,,,,0.005087507,,,,,,,,,,,,,,,,,,,,,,,,,,,,,,,,,,,,,,,-0.001977223,-0.001714405,-0.001787512,-0.003250987,-0.002777857,-0.004053743,-0.002010435,-0.003151101,-0.001915372,-0.002019669,-0.001360976,-0.003636814,-0.002061794,-0.003443046,-0.002443442,-0.002529762,-0.001330283,-0.002945385,-0.002812869,-0.002771543,-0.002357386,-0.002032251,-0.002024832,-0.001067147,-0.001633757,-0.001963099,-0.001981155,-0.003104808,-0.002840945,-0.002849156,-0.003140276,-0.002796966,-0.002801256,-0.002312742,-0.002635864,-0.002040318,-0.001999698,-0.001952771,-0.00221166,-0.002129942,-0.001904875,-0.002662873,-0.003179264,-0.00256805,-0.002633601,-0.003320897,-0.002668132,-0.00264889,-0.002858639,-0.002626616,-0.002623121,-0.003077145,-0.002861358,-0.002685673,-0.002710546,-0.002947439,-0.002406628,-0.002378143,-0.002670198,-0.002658386
0.008880584,0.00873582,0.009786095,0.010131506,0.008728537,0.009470235,0.009028564,0.008951429,0.009361818,0.009639579,0.009454463,0.009304719,0.0092019,,,,,,0.009195954,0.00986488,0.009965698,0.009841438,0.009455566,0.009891702,0.009788347,,,,,,,,,,,,,,,,,,,,,,,,,,,,,,0.008593179,0.008612482,0.00901569,0.008913806,0.008564094,,0.003326951,0.004933723,0.005678752,0.005353711,0.003637406,0.00501423,0.004432176,,,,,,,,,,,,,,,,,,,,,,,,,,,,,,,,,,,,,,,,,,,,,,,,,,,,,,-0.001790022,-0.001837651,-0.001803041,-0.001636676,-0.003124001,-0.002751162,-0.003347578,-0.003068014,-0.001898631,-0.001705198,-0.00202084,-0.003716392,-0.001444546,-0.00350605,-0.002246933,-0.002436301,-0.001396597,-0.002747237,-0.002304948,-0.002976642,-0.001296818,-0.001227852,-0.001214979,-0.001659177,-0.001992353,-0.001225942,-0.001250417,-0.002678389,-0.003294814,-0.003259153,-0.002815507,-0.002966282,-0.002958291,-0.002096551,-0.002264341,-0.002791847,-0.00286383,-0.002178844,-0.002164939,-0.002219003,-0.002451215,-0.00321929,-0.003316637,-0.003293517,-0.003005175,-0.002642882,-0.002958352,-0.002965305,-0.003167028,-0.002999017,-0.003033959,-0.002828863,-0.002965768,-0.003032214,-0.003013027,-0.002906699,-0.002546391,-0.002663117,-0.002911363,-0.002892517
0.008989452,,0.01001151,0.009766015,0.009423147,0.00807169,0.00933713,0.009856665,0.009767924,0.009045484,0.009490996,,,,,,,,,0.009274417,,,0.009880755,,,,,,,,,,,,,,,,,,,,,,,,,,,,,,,,0.00870407,0.008701099,0.008615646,0.009058382,0.00951669,,0.002319789,0.005122707,0.006394212,0.005163253,0.005125592,0.006632927,0.003659372,,,,,,,,,,,,,,,,,,,,,,,,,,,,,,,,,,,,,,,,,,,,,,,,,,,,,,-0.003197387,-0.001376657,-0.003159307,-0.002078714,-0.003769307,-0.003070873,-0.003089971,-0.003281954,-0.002422653,-0.002006576,-0.00115434,-0.003040931,-0.001391707,-0.002953853,-0.003455622,-0.00232998,-0.002151357,-0.002374908,-0.00349216,-0.002288339,-0.001498953,-0.001523856,-0.001683495,-0.001984375,-0.001270287,-0.001644081,-0.001698532,-0.002635981,-0.003407675,-0.003040628,-0.002994493,-0.003114162,-0.002410386,-0.002723117,-0.002097374,-0.002098069,-0.002115798,-0.002201269,-0.00225579,-0.002091246,-0.002160418,-0.003353952,-0.002610688,-0.002621574,-0.002821683,-0.00297338,-0.002868737,-0.002878821,-0.002983498,-0.002854332,-0.002854109,-0.0029711,-0.003102613,-0.00286144,-0.002910286,-0.002999198,-0.002703513,-0.002693062,-0.002882383,-0.002859827
0.009415118,,0.009746448,0.009044893,0.008795226,0.009003689,0.009281908,0.009438368,0.009442605,0.009658656,,,,,,,,,,0.010298071,,,,,,,,,,,,,,,,,,,,,,,,,,,,,,,,,,,,,0.00871284,0.008614151,0.008790244,,0.00421207,,0.00458101,0.006191067,,0.005331767,0.005525082,,,,,,,,,,,,,,,,,,,,,,,,,,,,,,,,,,,,,,,,,,,,,,,,,,,,,,-0.002298142,-0.001604249,-0.002899876,-0.001872816,-0.002065218,-0.003414418,-0.003334581,-0.002013039,-0.002094482,-0.001968233,-0.001191549,-0.002717565,-0.002049389,-0.003107423,-0.002316861,-0.003147032,-0.00125363,-0.002319892,-0.002869609,-0.002635268,-0.001829121,-0.001284484,-0.001283825,-0.001242789,-0.001683307,-0.001365789,-0.001332823,-0.003338877,-0.002905773,-0.002861956,-0.002925945,-0.002440292,-0.002346093,-0.002282178,-0.002607428,-0.002263465,-0.00223371,-0.002279495,-0.00206098,-0.002291245,-0.002168731,-0.003125624,-0.003120529,-0.00300588,-0.003166836,-0.002901974,-0.003178672,-0.003163306,-0.00310539,-0.003192629,-0.003193511,-0.003094505,-0.002585467,-0.002941477,-0.002925016,-0.002579398,-0.00296893,-0.00293631,-0.002872444,-0.00284588
0.009559905,,0.00905443,0.009413613,0.009332798,0.00872881,0.008775873,0.009315022,0.0091537,0.009533443,,,,,,,,,,,,,,,,,,,,,,,,,,,,,,,,,,,,,,,,,,,,,,,,0.009583971,,,0.003535324,,0.00601151,0.005171361,,0.005631975,,,,,,,,,,,,,,,,,,,,,,,,,,,,,,,,,,,,,,,,,,,,,,,,,,,,,,,-0.00267407,-0.001313114,-0.001782964,-0.002635184,-0.003003269,-0.002189643,-0.003333973,-0.002739577,-0.001509528,-0.002485958,-0.00230436,-0.002875336,-0.001237477,-0.002299933,-0.003315461,-0.002911993,-0.001325799,-0.002843865,-0.002876187,-0.002570119,-0.001160425,-0.001545887,-0.001559556,-0.001730238,-0.001354987,-0.001802196,-0.001779225,-0.003521189,-0.003189926,-0.00253603,-0.002485168,-0.002389797,-0.00229038,-0.001985778,-0.002121414,-0.002276237,-0.002281256,-0.002065868,-0.00227921,-0.002006415,-0.00208156,-0.003079118,-0.003038254,-0.002822434,-0.003167559,-0.003162653,-0.003073121,-0.003036813,-0.002644416,-0.002957943,-0.002934077,-0.002596774,-0.002625449,-0.003058587,-0.003037821,-0.00277953,-0.002930699,-0.002910791,-0.002954458,-0.00292083
0.010304836,,0.009064858,0.00870339,0.009153766,0.009426809,0.008168025,0.008738585,0.009725046,,,,,,,,,,,,,,,,,,,,,,,,,,,,,,,,,,,,,,,,,,,,,,,,,0.0087443,,,0.004265253,,0.004064858,0.004647403,,0.005500742,,,,,,,,,,,,,,,,,,,,,,,,,,,,,,,,,,,,,,,,,,,,,,,,,,,,,,,-0.002722514,-0.002313598,-0.002971762,-0.001740972,-0.002234712,-0.002992302,-0.002059984,-0.001850187,-0.002900326,-0.002781271,-0.002159561,-0.00292827,-0.001507132,-0.00265064,-0.002928352,-0.003019979,-0.001410317,-0.002377753,-0.002925545,-0.002655703,-0.001310836,-0.001921165,-0.002056094,-0.001252559,-0.00177527,-0.001195309,-0.001171337,-0.003077927,-0.003022454,-0.003315499,-0.002401429,-0.002261002,-0.002116881,-0.002411324,-0.002235873,-0.002072387,-0.002087486,-0.002234974,-0.001941806,-0.002621622,-0.002340728,-0.00280331,-0.002785736,-0.003206421,-0.003257798,-0.003115287,-0.003171738,-0.003150502,-0.002520328,-0.003102148,-0.00309262,-0.002570108,-0.002518798,-0.002604797,-0.002595385,-0.002610273,-0.002885777,-0.002880247,-0.002549729,-0.002568272
0.01002757,,0.008630139,0.010353711,0.008925721,0.008749308,0.009621631,0.009691458,0.00947865,,,,,,,,,,,,,,,,,,,,,,,,,,,,,,,,,,,,,,,,,,,,,,,,,,,,0.002619112,,0.004630139,0.004770267,,,,,,,,,,,,,,,,,,,,,,,,,,,,,,,,,,,,,,,,,,,,,,,,,,,,,,,,,-0.00315832,-0.001328458,-0.002985295,-0.001860711,-0.002073609,-0.003216737,-0.002798274,-0.003253075,-0.001986065,-0.002769529,-0.001536068,-0.002617367,-0.001060331,-0.003120521,-0.003098724,-0.002371181,-0.001174314,-0.002408702,-0.002677501,-0.002293331,-0.001346696,-0.001146009,-0.001161272,-0.001629661,-0.001160601,-0.001255407,-0.001239873,-0.002687272,-0.002750742,-0.00245515,-0.002170057,-0.002148278,-0.002786023,-0.002693628,-0.002332357,-0.00220048,-0.002222294,-0.00195425,-0.002618866,-0.002215643,-0.001993348,-0.003238133,-0.00319451,-0.003202905,-0.00269115,-0.003213673,-0.002684098,-0.002673105,-0.002798823,-0.002612217,-0.002592265,-0.002520917,-0.003137991,-0.002669768,-0.002742953,-0.003008805,-0.002981401,-0.002967389,-0.002803846,-0.002807655
0.010319789,,0.009959904,0.010361805,0.009193696,0.009278539,0.00874395,0.008566829,,,,,,,,,,,,,,,,,,,,,,,,,,,,,,,,,,,,,,,,,,,,,,,,,,,,,,,0.004722188,0.005397818,,,,,,,,,,,,,,,,,,,,,,,,,,,,,,,,,,,,,,,,,,,,,,,,,,,,,,,,,-0.00243407,-0.001284802,-0.002443053,-0.002973866,-0.001964754,-0.002571752,-0.00191847,-0.001826358,-0.00204007,-0.001416046,-0.001575458,-0.002799928,-0.001213144,-0.002480587,-0.002395908,-0.002426552,-0.001400881,-0.002578287,-0.002429573,-0.002310072,-0.001189752,-0.001333236,-0.001311492,-0.001155582,-0.001268786,-0.001267444,-0.001243572,-0.003335261,-0.002592052,-0.003122707,-0.002188378,-0.002750011,-0.003128608,-0.002260777,-0.00219244,-0.001930047,-0.001920897,-0.00266027,-0.002236895,-0.002690171,-0.002181738,-0.003302443,-0.003250294,-0.003299933,-0.002636988,-0.00266574,-0.002583442,-0.002548379,-0.003045801,-0.002493696,-0.002531414,-0.003181051,-0.002754789,-0.002540028,-0.002573445,-0.002687518,-0.002577995,-0.00256994,-0.002657133,-0.002676618
0.010156884,,0.009113554,0.009355803,0.009389775,0.009261071,0.009705579,0.009351204,,,,,,,,,,,,,,,,,,,,,,,,,,,,,,,,,,,,,,,,,,,,,,,,,,,,,,,0.004959904,,,,,,,,,,,,,,,,,,,,,,,,,,,,,,,,,,,,,,,,,,,,,,,,,,,,,,,,,,-0.002696217,-0.002241122,-0.001810413,-0.002889277,-0.00208576,-0.002996667,-0.003296251,-0.002513022,-0.002960759,-0.002783289,-0.001885197,-0.003035796,-0.001574251,-0.002606423,-0.002528142,-0.003102298,-0.001577356,-0.003349342,-0.002735093,-0.002544408,-0.001358773,-0.001386005,-0.001350209,-0.001297559,-0.001284381,-0.001217011,-0.001214253,-0.002413398,-0.003340409,-0.002128189,-0.002732719,-0.003155549,-0.002327301,-0.002152367,-0.002661028,-0.002645156,-0.002664518,-0.002278077,-0.002709788,-0.002289505,-0.002302684,-0.003263021,-0.003297139,-0.002735669,-0.003312524,-0.002602566,-0.003286241,-0.003333804,-0.002707675,-0.002543007,-0.002512331,-0.002754307,-0.002924967,-0.003090678,-0.003055232,-0.002852447,-0.002779046,-0.002763457,-0.002901842,-0.002862046
0.009607776,,0.010169498,0.009257232,0.008478695,0.008780481,0.009252676,0.009193881,,,,,,,,,,,,,,,,,,,,,,,,,,,,,,,,,,,,,,,,,,,,,,,,,,,,,,,0.004752131,,,,,,,,,,,,,,,,,,,,,,,,,,,,,,,,,,,,,,,,,,,,,,,,,,,,,,,,,,-0.00180273,-0.001887528,-0.003466891,-0.002612315,-0.002550512,-0.004354779,-0.002384352,-0.002316191,-0.002289311,-0.001870865,-0.001398937,-0.002805648,-0.001880297,-0.002834015,-0.003213677,-0.002356192,-0.001155535,-0.00274513,-0.002286461,-0.002709485,-0.001805279,-0.001178117,-0.001203933,-0.00130718,-0.001201786,-0.001173312,-0.001165187,-0.00347205,-0.002503406,-0.002763925,-0.003190798,-0.002375796,-0.002477137,-0.00219519,-0.002397121,-0.002340197,-0.002315767,-0.002712342,-0.002258153,-0.002645372,-0.002618288,-0.002803678,-0.002757996,-0.002655428,-0.002866997,-0.00328853,-0.002803017,-0.002759976,-0.002591434,-0.002784649,-0.003233547,-0.002941712,-0.002650988,-0.002722391,-0.002706821,-0.002659246,-0.002621295,-0.002641584,-0.002735906,-0.002745974
,,0.009416989,0.009416202,0.009579684,0.008266007,0.008452609,0.01005347,,,,,,,,,,,,,,,,,,,,,,,,,,,,,,,,,,,,,,,,,,,,,,,,,,,,,,,0.004615804,,,,,,,,,,,,,,,,,,,,,,,,,,,,,,,,,,,,,,,,,,,,,,,,,,,,,,,,,,-0.002093945,-0.001573957,-0.001943017,-0.002149598,-0.002076613,-0.003435671,-0.002374821,-0.002182131,-0.002908874,-0.001849748,-0.001692892,-0.002850279,-0.001101921,-0.003420613,-0.002410493,-0.002521466,-0.001284499,-0.002672944,-0.002320608,-0.00259946,-0.002261873,-0.001278563,-0.001203758,-0.001228223,-0.001179981,-0.001893252,-0.001850323,-0.002687244,-0.003123641,-0.003272804,-0.002377949,-0.002520285,-0.002758413,-0.00213517,-0.002807784,-0.002763683,-0.002701212,-0.002232163,-0.002683903,-0.001705331,-0.001686784,-0.003111774,-0.003192407,-0.003297387,-0.003162656,-0.002847961,-0.00306947,-0.003071326,,-0.003020736,-0.002753863,-0.002657744,-0.002544434,-0.002898356,-0.002869837,-0.002661285,-0.00298431,-0.002941618,-0.002774048,-0.00274017
,,0.009304634,0.00911057,0.008341583,0.009476081,0.008432176,0.008680289,,,,,,,,,,,,,,,,,,,,,,,,,,,,,,,,,,,,,,,,,,,,,,,,,,,,,,,0.004936644,,,,,,,,,,,,,,,,,,,,,,,,,,,,,,,,,,,,,,,,,,,,,,,,,,,,,,,,,,-0.001891091,-0.002173187,-0.00348246,-0.001541033,-0.003408543,-0.002843037,-0.002050108,-0.002852549,-0.001468098,-0.002215746,-0.001208653,-0.002562602,-0.001651815,-0.0027297,-0.0026167,-0.002664466,-0.00183614,-0.002620739,-0.002555056,-0.003167881,-0.002183771,-0.001763651,-0.001770578,-0.001185577,-0.001919765,-0.002257497,-0.002277946,-0.003072909,-0.002751326,-0.002356057,-0.002564152,-0.002807898,-0.002972186,-0.002278705,-0.002116925,-0.002178099,-0.002198325,-0.002734827,-0.001731305,-0.001951212,-0.001988057,-0.002967058,-0.00292884,-0.002905188,-0.002771073,-0.003110792,-0.00272608,-0.002700766,,-0.002699871,-0.002987,-0.002536668,,-0.002642254,-0.002629031,,-0.002684354,-0.002685849,-0.00285398,-0.002909003
,,0.009506719,0.009613564,0.009576617,0.008632927,0.009782459,0.009638336,,,,,,,,,,,,,,,,,,,,,,,,,,,,,,,,,,,,,,,,,,,,,,,,,,,,,,,0.004304634,,,,,,,,,,,,,,,,,,,,,,,,,,,,,,,,,,,,,,,,,,,,,,,,,,,,,,,,,,-0.002279981,-0.00195402,-0.002769976,-0.003181456,-0.003300028,-0.002314441,-0.002803498,-0.003188091,-0.002804807,-0.00138941,-0.001645384,-0.003391648,-0.002190138,-0.002704576,-0.002723552,-0.002585111,-0.002305115,-0.003406763,-0.002737891,-0.002303841,-0.0023411,-0.002143097,-0.002170689,-0.001886778,-0.002303961,-0.002097045,-0.00206174,-0.003018815,-0.003362285,-0.002603803,-0.002869552,-0.002932491,-0.002270849,-0.002387293,-0.00278708,-0.002778,-0.002794249,-0.001921548,-0.001967034,-0.00182587,-0.001792228,-0.003100259,-0.003225798,-0.003180154,-0.002664391,-0.002733865,-0.002645525,-0.002620808,,-0.002563355,-0.002681307,,,-0.002563676,-0.002584906,,-0.002823322,-0.002809118,-0.00278331,-0.002227707
,,0.00888381,0.009708804,0.008513823,0.009746677,0.008008887,0.010143313,,,,,,,,,,,,,,,,,,,,,,,,,,,,,,,,,,,,,,,,,,,,,,,,,,,,,,,0.005214681,,,,,,,,,,,,,,,,,,,,,,,,,,,,,,,,,,,,,,,,,,,,,,,,,,,,,,,,,,-0.002940514,-0.002318391,-0.002703314,-0.001856457,-0.003170473,-0.003928377,-0.003055608,-0.001801594,-0.001891321,-0.001741016,-0.001715869,-0.003719799,-0.002102457,-0.002528647,-0.00268716,-0.002659245,-0.001794074,-0.003413756,-0.002614766,-0.003485808,-0.001615699,-0.001581465,-0.001571399,-0.002122127,-0.002170918,-0.002312857,-0.00228451,-0.002588582,-0.002379357,-0.002911313,-0.002973377,-0.002213417,-0.002218587,-0.00214849,-0.002851177,-0.00281569,-0.002841818,-0.001896668,-0.001856616,-0.002652935,-0.002642797,-0.002828545,-0.002831961,-0.002787931,,-0.002662559,,,,,-0.002544543,,,,,,-0.002759275,-0.002825331,,-0.002776403
,,0.009727364,0.009742781,0.009936552,0.007730854,,,,,,,,,,,,,,,,,,,,,,,,,,,,,,,,,,,,,,,,,,,,,,,,,,,,,,,,,0.00510696,,,,,,,,,,,,,,,,,,,,,,,,,,,,,,,,,,,,,,,,,,,,,,,,,,,,,,,,,,-0.001870501,-0.00205807,-0.001944286,-0.002860155,-0.002444014,-0.003415313,-0.00272086,-0.003044586,-0.001675634,-0.001635104,-0.00142428,-0.003495523,-0.001468138,-0.002953675,-0.002675027,-0.002584805,-0.001354469,-0.00331771,-0.002803361,-0.003214012,-0.00132395,-0.00128243,-0.001265864,-0.00157068,-0.002383953,-0.001541288,-0.001517491,-0.002441363,-0.002605301,-0.002936457,-0.002165962,-0.002277975,-0.002109891,-0.00301914,-0.002830647,-0.00198038,-0.001872512,-0.002660165,-0.002623548,-0.002000164,-0.002006946,-0.002669583,-0.002680907,-0.002689178,,,,,,,,,,,,,-0.002679582,-0.002716029,,
,,0.009199039,0.010171361,0.009317329,0.008343151,,,,,,,,,,,,,,,,,,,,,,,,,,,,,,,,,,,,,,,,,,,,,,,,,,,,,,,,,0.004627268,,,,,,,,,,,,,,,,,,,,,,,,,,,,,,,,,,,,,,,,,,,,,,,,,,,,,,,,,,-0.002348583,-0.001623278,-0.002322325,-0.002332851,-0.001958852,-0.003689895,-0.002135834,-0.002038282,-0.002301104,-0.001359085,-0.002049206,-0.003692871,-0.001505214,-0.00326951,-0.002619247,-0.00336182,-0.001698229,-0.003343927,-0.003410299,-0.003380646,-0.00158758,-0.001581854,-0.001606215,-0.001271267,-0.001556911,-0.001250169,-0.001233292,-0.00274303,-0.003005826,-0.002192991,-0.002350162,-0.002086015,-0.002142624,-0.002664848,-0.002027942,-0.002676333,-0.001937472,-0.001976778,-0.001998793,,,,,,,,,,,,,,,,,,,,,
,,0.010214681,0.00976352,0.008109675,0.008529667,,,,,,,,,,,,,,,,,,,,,,,,,,,,,,,,,,,,,,,,,,,,,,,,,,,,,,,,,0.004064992,,,,,,,,,,,,,,,,,,,,,,,,,,,,,,,,,,,,,,,,,,,,,,,,,,,,,,,,,,-0.002688027,-0.001246884,-0.002421248,-0.001567403,-0.003556127,-0.002478685,-0.0020788,-0.002699078,-0.001814433,-0.001740753,-0.002093081,-0.003499055,-0.002041378,-0.003248698,-0.003212878,-0.003260288,-0.001995848,-0.002318092,-0.003450317,-0.002830775,-0.00191446,-0.00189551,-0.001900374,-0.00164362,-0.00127747,-0.001570769,-0.001584671,-0.002988941,-0.003013548,-0.002419219,-0.002239668,-0.002192848,-0.002296174,-0.002442541,-0.002710605,-0.001946985,-0.002656356,-0.002792715,-0.002742465,,,,,,,,,,,,,,,,,,,,,
,,0.008462197,0.008647403,,0.009740315,,,,,,,,,,,,,,,,,,,,,,,,,,,,,,,,,,,,,,,,,,,,,,,,,,,,,,,,,,,,,,,,,,,,,,,,,,,,,,,,,,,,,,,,,,,,,,,,,,,,,,,,,,,,,,,,,,,-0.002219416,-0.001931501,-0.003525921,-0.002035133,-0.003825922,-0.002273483,-0.002176214,-0.002284447,-0.001606085,-0.001638486,-0.001327354,-0.002592019,-0.001890804,-0.003460068,-0.003266372,-0.003166254,-0.001791956,-0.003027983,-0.003232323,-0.002388864,-0.00193939,-0.001869592,-0.001825828,-0.001931733,-0.001612559,-0.002106085,-0.002151757,-0.002689935,-0.002232934,-0.002168733,-0.002355291,-0.002335034,-0.002426675,-0.002877898,-0.001984481,-0.002869697,-0.001917862,,,,,,,,,,,,,,,,,,,,,,,
,,0.00942756,0.010241469,,0.009631975,,,,,,,,,,,,,,,,,,,,,,,,,,,,,,,,,,,,,,,,,,,,,,,,,,,,,,,,,,,,,,,,,,,,,,,,,,,,,,,,,,,,,,,,,,,,,,,,,,,,,,,,,,,,,,,,,,,-0.002384882,-0.002231814,-0.002113905,-0.002441881,-0.002711861,-0.002853169,-0.003491181,-0.003279146,-0.001462208,-0.001775825,-0.001633408,-0.003582522,-0.001747534,-0.002483227,-0.003214798,-0.003381468,-0.002140736,-0.002865359,-0.003369108,-0.002962931,-0.002272033,-0.002203026,-0.00217503,-0.001794127,-0.002097474,-0.001663478,-0.00161497,-0.003216804,-0.002500871,-0.002383523,-0.002572733,-0.002501573,-0.00215854,-0.002059713,-0.002908491,,-0.002826598,,,,,,,,,,,,,,,,,,,,,,,
,,0.00910696,0.008770267,,0.007667395,,,,,,,,,,,,,,,,,,,,,,,,,,,,,,,,,,,,,,,,,,,,,,,,,,,,,,,,,,,,,,,,,,,,,,,,,,,,,,,,,,,,,,,,,,,,,,,,,,,,,,,,,,,,,,,,,,,-0.002140095,-0.001862941,-0.00269872,-0.001837136,-0.002250019,-0.003329765,-0.003442425,-0.003138829,-0.001947481,-0.001275012,-0.002112888,-0.002653624,-0.002147136,-0.00267059,-0.003438362,-0.002401633,-0.001592188,-0.002939997,-0.002950472,-0.002962517,-0.00210648,-0.002078604,-0.002063379,-0.002199621,-0.001731265,-0.002132897,-0.002217478,-0.003034299,-0.002199797,-0.002645302,-0.002118843,-0.002166847,-0.003028242,-0.002815587,,,,,,,,,,,,,,,,,,,,,,,,,,
,,0.008627268,0.008869658,,0.007500742,,,,,,,,,,,,,,,,,,,,,,,,,,,,,,,,,,,,,,,,,,,,,,,,,,,,,,,,,,,,,,,,,,,,,,,,,,,,,,,,,,,,,,,,,,,,,,,,,,,,,,,,,,,,,,,,,,,-0.002295164,-0.001961162,-0.00188849,-0.002838623,-0.002523237,-0.002447957,-0.002469789,-0.002504629,-0.001476136,-0.001827422,-0.001903449,-0.003567563,-0.00214018,-0.003432404,-0.002418367,-0.003230243,-0.00165538,-0.00267642,-0.002328482,-0.00253512,-0.001609376,-0.001592352,-0.001580641,-0.002199563,-0.002139267,-0.002117545,-0.002090844,-0.002827493,-0.002410749,-0.003103723,-0.003049608,-0.003061259,-0.002649151,-0.002863918,,,,,,,,,,,,,,,,,,,,,,,,,,
,,0.009546355,,,,,,,,,,,,,,,,,,,,,,,,,,,,,,,,,,,,,,,,,,,,,,,,,,,,,,,,,,,,,,,,,,,,,,,,,,,,,,,,,,,,,,,,,,,,,,,,,,,,,,,,,,,,,,,,,,,,,,-0.002246215,,-0.003421234,-0.003042326,-0.002077773,-0.003086772,-0.001899964,-0.001856928,-0.002921881,-0.00274775,-0.001851074,-0.003082022,-0.001707777,-0.002997694,-0.003374625,-0.002437265,-0.001471634,-0.002311139,-0.002939287,,-0.001618223,-0.001563113,-0.00159886,-0.001566481,-0.002172306,-0.001602818,-0.001588137,-0.002746856,-0.002661125,-0.002656923,-0.002636081,-0.002583856,-0.003122146,-0.002825003,,,,,,,,,,,,,,,,,,,,,,,,,,
,,0.008637908,,,,,,,,,,,,,,,,,,,,,,,,,,,,,,,,,,,,,,,,,,,,,,,,,,,,,,,,,,,,,,,,,,,,,,,,,,,,,,,,,,,,,,,,,,,,,,,,,,,,,,,,,,,,,,,,,,,,,,-0.002706751,,-0.00204557,-0.001898131,-0.002569265,-0.00426512,-0.002349402,-0.001650189,-0.00187752,-0.002747221,-0.002126003,-0.002618944,-0.00159884,-0.002871323,-0.002560145,-0.002865175,,,-0.003013202,,-0.002034302,-0.002158562,-0.002302195,-0.001592447,-0.001622738,-0.001667372,-0.001643385,-0.003159297,-0.002984597,-0.003102061,-0.003065337,-0.003089292,-0.002467968,-0.003052981,,,,,,,,,,,,,,,,,,,,,,,,,,
,,,,,,,,,,,,,,,,,,,,,,,,,,,,,,,,,,,,,,,,,,,,,,,,,,,,,,,,,,,,,,,,,,,,,,,,,,,,,,,,,,,,,,,,,,,,,,,,,,,,,,,,,,,,,,,,,,,,,,,,-0.003140815,,-0.003535142,-0.003160663,-0.003564985,-0.002669231,-0.00300334,-0.002439876,-0.001905441,-0.002111838,-0.002214813,-0.003661334,-0.001413151,-0.003176065,-0.002921269,-0.002796348,,,-0.002589505,,-0.002186434,-0.002167803,-0.002119245,-0.002277082,-0.001720231,-0.002196928,-0.002170645,-0.002765831,-0.002668631,-0.002443076,-0.002460182,-0.002506606,-0.002858848,-0.002066587,,,,,,,,,,,,,,,,,,,,,,,,,,
,,,,,,,,,,,,,,,,,,,,,,,,,,,,,,,,,,,,,,,,,,,,,,,,,,,,,,,,,,,,,,,,,,,,,,,,,,,,,,,,,,,,,,,,,,,,,,,,,,,,,,,,,,,,,,,,,,,,,,,,-0.00217243,,-0.003169861,-0.001768494,-0.00272025,-0.00237119,-0.003217232,-0.00327499,-0.00264214,-0.002736646,-0.002402146,-0.003779947,,-0.002633884,-0.002810639,-0.002902373,,,-0.00228922,,,,-0.002146925,-0.002108298,-0.002247815,-0.002182552,-0.002204071,-0.003333332,-0.003191679,-0.002953272,-0.002936247,-0.002916942,-0.002020561,-0.002734681,,,,,,,,,,,,,,,,,,,,,,,,,,
,,,,,,,,,,,,,,,,,,,,,,,,,,,,,,,,,,,,,,,,,,,,,,,,,,,,,,,,,,,,,,,,,,,,,,,,,,,,,,,,,,,,,,,,,,,,,,,,,,,,,,,,,,,,,,,,,,,,,,,,-0.002180211,,-0.002003251,-0.003141114,-0.003371773,-0.003173191,-0.002234002,-0.002035971,-0.002858703,-0.001797659,-0.001830449,-0.003359175,,,-0.003033633,-0.002440855,,,,,,,,-0.002204777,-0.002211653,-0.002120232,-0.002122465,-0.003004949,-0.003007934,-0.00278446,-0.002788823,-0.002857873,-0.002843644,-0.00195834,,,,,,,,,,,,,,,,,,,,,,,,,,
,,,,,,,,,,,,,,,,,,,,,,,,,,,,,,,,,,,,,,,,,,,,,,,,,,,,,,,,,,,,,,,,,,,,,,,,,,,,,,,,,,,,,,,,,,,,,,,,,,,,,,,,,,,,,,,,,,,,,,,,-0.001843116,,-0.002455279,-0.002055107,-0.002900553,-0.003050692,-0.002941647,-0.002773293,-0.002169278,-0.002219298,-0.002506722,-0.003495281,,,-0.00254056,,,,,,,,,,-0.002149205,,,-0.003288299,-0.002803402,-0.002782318,-0.002736098,-0.002778405,-0.00281149,-0.002966386,,,,,,,,,,,,,,,,,,,,,,,,,,
,,,,,,,,,,,,,,,,,,,,,,,,,,,,,,,,,,,,,,,,,,,,,,,,,,,,,,,,,,,,,,,,,,,,,,,,,,,,,,,,,,,,,,,,,,,,,,,,,,,,,,,,,,,,,,,,,,,,,,,,-0.002780086,,-0.002486446,-0.003186387,-0.002371463,-0.002665991,-0.002148734,-0.001971542,-0.002839324,-0.001977731,-0.001499272,-0.002769115,,,,,,,,,,,,,,,,,-0.002757207,-0.003280704,-0.002822053,-0.002840884,-0.002823631,,,,,,,,,,,,,,,,,,,,,,,,,,,
,,,,,,,,,,,,,,,,,,,,,,,,,,,,,,,,,,,,,,,,,,,,,,,,,,,,,,,,,,,,,,,,,,,,,,,,,,,,,,,,,,,,,,,,,,,,,,,,,,,,,,,,,,,,,,,,,,,,,,,,-0.001837264,,-0.002703864,-0.00309661,-0.003176853,-0.002323853,-0.002516481,-0.001856487,-0.001962587,-0.00201496,-0.001465559,-0.003337458,,,,,,,,,,,,,,,,,-0.003189464,-0.002773286,-0.003224292,-0.002119556,-0.0031142,,,,,,,,,,,,,,,,,,,,,,,,,,,
,,,,,,,,,,,,,,,,,,,,,,,,,,,,,,,,,,,,,,,,,,,,,,,,,,,,,,,,,,,,,,,,,,,,,,,,,,,,,,,,,,,,,,,,,,,,,,,,,,,,,,,,,,,,,,,,,,,,,,,,-0.001923044,,-0.002517924,-0.002154509,-0.003004774,-0.00249336,-0.002080915,-0.002762085,-0.00231854,-0.002570027,,,,,,,,,,,,,,,,,,,-0.002730841,-0.003279075,-0.002078576,-0.002803144,-0.002110835,,,,,,,,,,,,,,,,,,,,,,,,,,,
,,,,,,,,,,,,,,,,,,,,,,,,,,,,,,,,,,,,,,,,,,,,,,,,,,,,,,,,,,,,,,,,,,,,,,,,,,,,,,,,,,,,,,,,,,,,,,,,,,,,,,,,,,,,,,,,,,,,,,,,-0.001819926,,-0.002383011,-0.001956209,-0.003147869,-0.002462518,-0.00309486,-0.002020279,-0.00207244,-0.002240188,,,,,,,,,,,,,,,,,,,-0.003277253,-0.002897101,-0.002825674,-0.00270334,-0.0027773,,,,,,,,,,,,,,,,,,,,,,,,,,,
,,,,,,,,,,,,,,,,,,,,,,,,,,,,,,,,,,,,,,,,,,,,,,,,,,,,,,,,,,,,,,,,,,,,,,,,,,,,,,,,,,,,,,,,,,,,,,,,,,,,,,,,,,,,,,,,,,,,,,,,-0.001813356,,-0.002595366,-0.002438195,-0.002609467,-0.003088835,-0.002771436,-0.002295439,-0.002155996,-0.002578999,,,,,,,,,,,,,,,,,,,-0.002947533,-0.002275138,-0.002391097,-0.003083554,-0.003060194,,,,,,,,,,,,,,,,,,,,,,,,,,,
,,,,,,,,,,,,,,,,,,,,,,,,,,,,,,,,,,,,,,,,,,,,,,,,,,,,,,,,,,,,,,,,,,,,,,,,,,,,,,,,,,,,,,,,,,,,,,,,,,,,,,,,,,,,,,,,,,,,,,,,-0.001634747,,-0.002241836,-0.002244197,-0.002115326,-0.002321461,-0.002378728,-0.00300117,-0.002669148,-0.00218775,,,,,,,,,,,,,,,,,,,-0.002251322,-0.003185665,-0.003120235,,-0.00302875,,,,,,,,,,,,,,,,,,,,,,,,,,,
,,,,,,,,,,,,,,,,,,,,,,,,,,,,,,,,,,,,,,,,,,,,,,,,,,,,,,,,,,,,,,,,,,,,,,,,,,,,,,,,,,,,,,,,,,,,,,,,,,,,,,,,,,,,,,,,,,,,,,,,-0.001680888,,-0.002693281,-0.002542632,-0.002392154,-0.00332512,-0.002279226,-0.002848571,-0.002193849,-0.002381497,,,,,,,,,,,,,,,,,,,-0.003220385,,,,,,,,,,,,,,,,,,,,,,,,,,,,,,,
,,,,,,,,,,,,,,,,,,,,,,,,,,,,,,,,,,,,,,,,,,,,,,,,,,,,,,,,,,,,,,,,,,,,,,,,,,,,,,,,,,,,,,,,,,,,,,,,,,,,,,,,,,,,,,,,,,,,,,,,-0.002892224,,-0.002772636,-0.002759533,-0.003348239,-0.00266367,-0.00239974,-0.002150522,-0.002452184,-0.001907347,,,,,,,,,,,,,,,,,,,,,,,,,,,,,,,,,,,,,,,,,,,,,,,,,,
,,,,,,,,,,,,,,,,,,,,,,,,,,,,,,,,,,,,,,,,,,,,,,,,,,,,,,,,,,,,,,,,,,,,,,,,,,,,,,,,,,,,,,,,,,,,,,,,,,,,,,,,,,,,,,,,,,,,,,,,,,-0.003500961,-0.002242768,-0.002267202,-0.002238929,-0.002075848,-0.002233403,-0.002138182,-0.002497274,,,,,,,,,,,,,,,,,,,,,,,,,,,,,,,,,,,,,,,,,,,,,,,,,,
,,,,,,,,,,,,,,,,,,,,,,,,,,,,,,,,,,,,,,,,,,,,,,,,,,,,,,,,,,,,,,,,,,,,,,,,,,,,,,,,,,,,,,,,,,,,,,,,,,,,,,,,,,,,,,,,,,,,,,,,,,-0.003564478,-0.002383798,-0.00309544,-0.003019519,-0.00259766,-0.002217949,-0.002432076,-0.001360958,,,,,,,,,,,,,,,,,,,,,,,,,,,,,,,,,,,,,,,,,,,,,,,,,,
,,,,,,,,,,,,,,,,,,,,,,,,,,,,,,,,,,,,,,,,,,,,,,,,,,,,,,,,,,,,,,,,,,,,,,,,,,,,,,,,,,,,,,,,,,,,,,,,,,,,,,,,,,,,,,,,,,,,,,,,,,-0.002300108,-0.00278943,-0.002662629,-0.003633993,-0.002963613,-0.002305535,-0.00197958,-0.00159152,,,,,,,,,,,,,,,,,,,,,,,,,,,,,,,,,,,,,,,,,,,,,,,,,,
,,,,,,,,,,,,,,,,,,,,,,,,,,,,,,,,,,,,,,,,,,,,,,,,,,,,,,,,,,,,,,,,,,,,,,,,,,,,,,,,,,,,,,,,,,,,,,,,,,,,,,,,,,,,,,,,,,,,,,,,,,-0.00280405,-0.002498294,-0.002346234,-0.002780868,-0.00226287,-0.002943335,-0.0028463,,,,,,,,,,,,,,,,,,,,,,,,,,,,,,,,,,,,,,,,,,,,,,,,,,,
,,,,,,,,,,,,,,,,,,,,,,,,,,,,,,,,,,,,,,,,,,,,,,,,,,,,,,,,,,,,,,,,,,,,,,,,,,,,,,,,,,,,,,,,,,,,,,,,,,,,,,,,,,,,,,,,,,,,,,,,,,-0.001917972,-0.002586436,-0.002874279,-0.002723919,-0.003768545,-0.002805532,-0.002662474,,,,,,,,,,,,,,,,,,,,,,,,,,,,,,,,,,,,,,,,,,,,,,,,,,,
,,,,,,,,,,,,,,,,,,,,,,,,,,,,,,,,,,,,,,,,,,,,,,,,,,,,,,,,,,,,,,,,,,,,,,,,,,,,,,,,,,,,,,,,,,,,,,,,,,,,,,,,,,,,,,,,,,,,,,,,,,-0.002585319,-0.002791196,-0.002706304,-0.004115614,-0.002412581,-0.002161632,-0.001688307,,,,,,,,,,,,,,,,,,,,,,,,,,,,,,,,,,,,,,,,,,,,,,,,,,,
,,,,,,,,,,,,,,,,,,,,,,,,,,,,,,,,,,,,,,,,,,,,,,,,,,,,,,,,,,,,,,,,,,,,,,,,,,,,,,,,,,,,,,,,,,,,,,,,,,,,,,,,,,,,,,,,,,,,,,,,,,-0.00227244,-0.002957219,-0.002541855,-0.004267073,-0.002218092,-0.002369576,-0.00297428,,,,,,,,,,,,,,,,,,,,,,,,,,,,,,,,,,,,,,,,,,,,,,,,,,,
,,,,,,,,,,,,,,,,,,,,,,,,,,,,,,,,,,,,,,,,,,,,,,,,,,,,,,,,,,,,,,,,,,,,,,,,,,,,,,,,,,,,,,,,,,,,,,,,,,,,,,,,,,,,,,,,,,,,,,,,,,-0.00329304,-0.002252308,-0.002810225,-0.002753323,-0.003024127,-0.002184978,,,,,,,,,,,,,,,,,,,,,,,,,,,,,,,,,,,,,,,,,,,,,,,,,,,,
,,,,,,,,,,,,,,,,,,,,,,,,,,,,,,,,,,,,,,,,,,,,,,,,,,,,,,,,,,,,,,,,,,,,,,,,,,,,,,,,,,,,,,,,,,,,,,,,,,,,,,,,,,,,,,,,,,,,,,,,,,-0.002308197,-0.002520054,-0.002920316,-0.00225855,-0.003731975,-0.003061415,,,,,,,,,,,,,,,,,,,,,,,,,,,,,,,,,,,,,,,,,,,,,,,,,,,,
,,,,,,,,,,,,,,,,,,,,,,,,,,,,,,,,,,,,,,,,,,,,,,,,,,,,,,,,,,,,,,,,,,,,,,,,,,,,,,,,,,,,,,,,,,,,,,,,,,,,,,,,,,,,,,,,,,,,,,,,,,-0.003372732,-0.001854572,-0.002433105,-0.003569146,-0.003053667,-0.003290585,,,,,,,,,,,,,,,,,,,,,,,,,,,,,,,,,,,,,,,,,,,,,,,,,,,,
,,,,,,,,,,,,,,,,,,,,,,,,,,,,,,,,,,,,,,,,,,,,,,,,,,,,,,,,,,,,,,,,,,,,,,,,,,,,,,,,,,,,,,,,,,,,,,,,,,,,,,,,,,,,,,,,,,,,,,,,,,-0.001835008,-0.002628639,-0.003411881,-0.002573607,-0.002578369,-0.002508542,,,,,,,,,,,,,,,,,,,,,,,,,,,,,,,,,,,,,,,,,,,,,,,,,,,,
,,,,,,,,,,,,,,,,,,,,,,,,,,,,,,,,,,,,,,,,,,,,,,,,,,,,,,,,,,,,,,,,,,,,,,,,,,,,,,,,,,,,,,,,,,,,,,,,,,,,,,,,,,,,,,,,,,,,,,,,,,-0.002753645,-0.00193648,-0.002883572,-0.002864655,-0.002794421,-0.003148796,,,,,,,,,,,,,,,,,,,,,,,,,,,,,,,,,,,,,,,,,,,,,,,,,,,,
,,,,,,,,,,,,,,,,,,,,,,,,,,,,,,,,,,,,,,,,,,,,,,,,,,,,,,,,,,,,,,,,,,,,,,,,,,,,,,,,,,,,,,,,,,,,,,,,,,,,,,,,,,,,,,,,,,,,,,,,,,,-0.002558531,-0.002010357,-0.002468233,-0.002183399,-0.002051004,,,,,,,,,,,,,,,,,,,,,,,,,,,,,,,,,,,,,,,,,,,,,,,,,,,,
,,,,,,,,,,,,,,,,,,,,,,,,,,,,,,,,,,,,,,,,,,,,,,,,,,,,,,,,,,,,,,,,,,,,,,,,,,,,,,,,,,,,,,,,,,,,,,,,,,,,,,,,,,,,,,,,,,,,,,,,,,,-0.003229733,-0.002475381,-0.003870333,-0.002747324,-0.002806119,,,,,,,,,,,,,,,,,,,,,,,,,,,,,,,,,,,,,,,,,,,,,,,,,,,,
,,,,,,,,,,,,,,,,,,,,,,,,,,,,,,,,,,,,,,,,,,,,,,,,,,,,,,,,,,,,,,,,,,,,,,,,,,,,,,,,,,,,,,,,,,,,,,,,,,,,,,,,,,,,,,,,,,,,,,,,,,,-0.00200689,-0.002544426,-0.003059685,-0.003675793,-0.002454475,,,,,,,,,,,,,,,,,,,,,,,,,,,,,,,,,,,,,,,,,,,,,,,,,,,,
,,,,,,,,,,,,,,,,,,,,,,,,,,,,,,,,,,,,,,,,,,,,,,,,,,,,,,,,,,,,,,,,,,,,,,,,,,,,,,,,,,,,,,,,,,,,,,,,,,,,,,,,,,,,,,,,,,,,,,,,,,,,-0.002123383,-0.002368025,-0.002447242,-0.00274653,,,,,,,,,,,,,,,,,,,,,,,,,,,,,,,,,,,,,,,,,,,,,,,,,,,,
,,,,,,,,,,,,,,,,,,,,,,,,,,,,,,,,,,,,,,,,,,,,,,,,,,,,,,,,,,,,,,,,,,,,,,,,,,,,,,,,,,,,,,,,,,,,,,,,,,,,,,,,,,,,,,,,,,,,,,,,,,,,-0.003886177,-0.003324399,-0.003064672,-0.003161664,,,,,,,,,,,,,,,,,,,,,,,,,,,,,,,,,,,,,,,,,,,,,,,,,,,,
,,,,,,,,,,,,,,,,,,,,,,,,,,,,,,,,,,,,,,,,,,,,,,,,,,,,,,,,,,,,,,,,,,,,,,,,,,,,,,,,,,,,,,,,,,,,,,,,,,,,,,,,,,,,,,,,,,,,,,,,,,,,-0.002863448,,-0.002542177,-0.001856687,,,,,,,,,,,,,,,,,,,,,,,,,,,,,,,,,,,,,,,,,,,,,,,,,,,,
,,,,,,,,,,,,,,,,,,,,,,,,,,,,,,,,,,,,,,,,,,,,,,,,,,,,,,,,,,,,,,,,,,,,,,,,,,,,,,,,,,,,,,,,,,,,,,,,,,,,,,,,,,,,,,,,,,,,,,,,,,,,-0.002682671,,-0.003017541,-0.003353993,,,,,,,,,,,,,,,,,,,,,,,,,,,,,,,,,,,,,,,,,,,,,,,,,,,,
,,,,,,,,,,,,,,,,,,,,,,,,,,,,,,,,,,,,,,,,,,,,,,,,,,,,,,,,,,,,,,,,,,,,,,,,,,,,,,,,,,,,,,,,,,,,,,,,,,,,,,,,,,,,,,,,,,,,,,,,,,,,-0.003655552,,-0.002063617,-0.002615107,,,,,,,,,,,,,,,,,,,,,,,,,,,,,,,,,,,,,,,,,,,,,,,,,,,,
,,,,,,,,,,,,,,,,,,,,,,,,,,,,,,,,,,,,,,,,,,,,,,,,,,,,,,,,,,,,,,,,,,,,,,,,,,,,,,,,,,,,,,,,,,,,,,,,,,,,,,,,,,,,,,,,,,,,,,,,,,,,-0.002262594,,-0.003249327,,,,,,,,,,,,,,,,,,,,,,,,,,,,,,,,,,,,,,,,,,,,,,,,,,,,,
,,,,,,,,,,,,,,,,,,,,,,,,,,,,,,,,,,,,,,,,,,,,,,,,,,,,,,,,,,,,,,,,,,,,,,,,,,,,,,,,,,,,,,,,,,,,,,,,,,,,,,,,,,,,,,,,,,,,,,,,,,,,,,-0.002240628,,,,,,,,,,,,,,,,,,,,,,,,,,,,,,,,,,,,,,,,,,,,,,,,,,,,,
